instance,tw,gus_ip,triang_phyl_maxcomp,binred_ip_pp
phylogeny_real_alcataenia.phy,5,0.11,0.06,0.28
phylogeny_real_chinese.phy,6,0.07,0.08,0.28
phylogeny_real_indo.phy,13,TO,2033.05,1.76
phylogeny_real_indo-pp.phy,6,0.26,0.04,0.13
phylogeny_real_mammals.phy,78,2.62,0.88,0.25
phylogeny_ms_exp1_k_10_0.phy,83,TO,192.56,TO
phylogeny_ms_exp1_k_10_10.phy,79,422.61,44.09,734.15
phylogeny_ms_exp1_k_10_11.phy,71,230.73,28.69,TO
phylogeny_ms_exp1_k_10_12.phy,99,2292.26,95.64,1106.97
phylogeny_ms_exp1_k_10_13.phy,10,2.86,1.49,1056.83
phylogeny_ms_exp1_k_10_14.phy,111,TO,297.42,15.280000000000001
phylogeny_ms_exp1_k_10_15.phy,95,TO,271.45000000000005,TO
phylogeny_ms_exp1_k_10_16.phy,71,2567.77,43.41,17.48
phylogeny_ms_exp1_k_10_17.phy,87,1145.11,80.34,607.23
phylogeny_ms_exp1_k_10_18.phy,106,TO,882.16,TO
phylogeny_ms_exp1_k_10_19.phy,101,TO,149.70999999999998,TO
phylogeny_ms_exp1_k_10_1.phy,34,18.38,4.95,29.98
phylogeny_ms_exp1_k_10_2.phy,76,3232.1800000000003,113.53,19.95
phylogeny_ms_exp1_k_10_3.phy,46,93.71,13.49,163.8
phylogeny_ms_exp1_k_10_4.phy,42,3.65,1.97,TO
phylogeny_ms_exp1_k_10_5.phy,33,57.25,14.61,326.7
phylogeny_ms_exp1_k_10_6.phy,91,2634.53,89.37,TO
phylogeny_ms_exp1_k_10_7.phy,80,1025.2,57.1,157.46
phylogeny_ms_exp1_k_10_8.phy,69,60.58,14.19,TO
phylogeny_ms_exp1_k_10_9.phy,-1,TO,TO,TO
phylogeny_ms_exp1_k_12_0.phy,57,18.29,7.65,TO
phylogeny_ms_exp1_k_12_10.phy,71,TO,496.09,TO
phylogeny_ms_exp1_k_12_11.phy,133,TO,1967.8999999999999,MO
phylogeny_ms_exp1_k_12_12.phy,91,TO,1564.39,TO
phylogeny_ms_exp1_k_12_13.phy,93,TO,760.44,TO
phylogeny_ms_exp1_k_12_14.phy,67,177.27,21.4,TO
phylogeny_ms_exp1_k_12_15.phy,76,59.57,18.99,TO
phylogeny_ms_exp1_k_12_16.phy,59,TO,296.04,TO
phylogeny_ms_exp1_k_12_17.phy,100,TO,3549.74,MO
phylogeny_ms_exp1_k_12_18.phy,59,TO,93.18,1350.5700000000002
phylogeny_ms_exp1_k_12_19.phy,18,59.07,18.59,2152.33
phylogeny_ms_exp1_k_12_1.phy,22,105.46,16.13,36.13
phylogeny_ms_exp1_k_12_2.phy,77,TO,644.4699999999999,TO
phylogeny_ms_exp1_k_12_3.phy,-1,TO,TO,MO
phylogeny_ms_exp1_k_12_4.phy,59,220.51,37.32,TO
phylogeny_ms_exp1_k_12_5.phy,81,2435.1200000000003,84.22,14.06
phylogeny_ms_exp1_k_12_6.phy,51,489.42,41.53,TO
phylogeny_ms_exp1_k_12_7.phy,87,TO,650.99,TO
phylogeny_ms_exp1_k_12_8.phy,62,358.61,39.76,TO
phylogeny_ms_exp1_k_12_9.phy,30,109.43,10.98,MO
phylogeny_ms_exp1_k_14_0.phy,21,3.1,1.75,88.41
phylogeny_ms_exp1_k_14_10.phy,55,2315.79,119.13,614.3
phylogeny_ms_exp1_k_14_11.phy,27,269.35,41.79,TO
phylogeny_ms_exp1_k_14_12.phy,85,TO,614.12,1027.38
phylogeny_ms_exp1_k_14_13.phy,47,TO,151.14,TO
phylogeny_ms_exp1_k_14_14.phy,85,TO,652.12,TO
phylogeny_ms_exp1_k_14_15.phy,90,TO,313.21,TO
phylogeny_ms_exp1_k_14_16.phy,77,TO,451.49,TO
phylogeny_ms_exp1_k_14_17.phy,67,1021.51,68.86,TO
phylogeny_ms_exp1_k_14_18.phy,38,TO,246.01,TO
phylogeny_ms_exp1_k_14_19.phy,64,TO,1337.33,TO
phylogeny_ms_exp1_k_14_1.phy,30,274.53,14.06,TO
phylogeny_ms_exp1_k_14_2.phy,-1,TO,TO,TO
phylogeny_ms_exp1_k_14_3.phy,7,23.26,6.98,763.5699999999999
phylogeny_ms_exp1_k_14_4.phy,80,TO,197.92,134.29
phylogeny_ms_exp1_k_14_5.phy,77,TO,209.0,TO
phylogeny_ms_exp1_k_14_6.phy,90,TO,3224.36,TO
phylogeny_ms_exp1_k_14_7.phy,77,467.9,31.73,TO
phylogeny_ms_exp1_k_14_8.phy,64,TO,405.36999999999995,TO
phylogeny_ms_exp1_k_14_9.phy,-1,TO,TO,TO
phylogeny_ms_exp1_k_16_0.phy,-1,TO,TO,TO
phylogeny_ms_exp1_k_16_10.phy,84,TO,2871.1299999999997,TO
phylogeny_ms_exp1_k_16_11.phy,61,TO,2242.44,TO
phylogeny_ms_exp1_k_16_12.phy,50,9.88,3.73,3223.6
phylogeny_ms_exp1_k_16_13.phy,41,TO,243.73,TO
phylogeny_ms_exp1_k_16_14.phy,57,543.02,30.84,TO
phylogeny_ms_exp1_k_16_15.phy,7,5.94,4.11,393.62
phylogeny_ms_exp1_k_16_16.phy,65,TO,928.17,2389.89
phylogeny_ms_exp1_k_16_17.phy,-1,TO,TO,TO
phylogeny_ms_exp1_k_16_18.phy,46,TO,396.11,124.88
phylogeny_ms_exp1_k_16_19.phy,5,12.07,4.52,478.05
phylogeny_ms_exp1_k_16_1.phy,42,32.07,5.18,TO
phylogeny_ms_exp1_k_16_2.phy,89,TO,1269.06,TO
phylogeny_ms_exp1_k_16_3.phy,-1,TO,TO,TO
phylogeny_ms_exp1_k_16_4.phy,-1,TO,TO,MO
phylogeny_ms_exp1_k_16_5.phy,97,3035.13,117.63,TO
phylogeny_ms_exp1_k_16_6.phy,-1,TO,TO,MO
phylogeny_ms_exp1_k_16_7.phy,105,TO,538.12,109.1
phylogeny_ms_exp1_k_16_8.phy,73,TO,236.62,TO
phylogeny_ms_exp1_k_16_9.phy,65,TO,574.16,TO
phylogeny_ms_exp1_k_18_0.phy,-1,TO,TO,TO
phylogeny_ms_exp1_k_18_10.phy,-1,TO,TO,MO
phylogeny_ms_exp1_k_18_11.phy,26,TO,834.15,TO
phylogeny_ms_exp1_k_18_12.phy,57,1415.0700000000002,53.03,109.38
phylogeny_ms_exp1_k_18_13.phy,20,271.7,73.08,TO
phylogeny_ms_exp1_k_18_14.phy,57,TO,854.3199999999999,TO
phylogeny_ms_exp1_k_18_15.phy,65,753.51,27.94,TO
phylogeny_ms_exp1_k_18_16.phy,-1,TO,TO,MO
phylogeny_ms_exp1_k_18_17.phy,-1,TO,TO,MO
phylogeny_ms_exp1_k_18_18.phy,-1,TO,TO,MO
phylogeny_ms_exp1_k_18_19.phy,-1,TO,TO,MO
phylogeny_ms_exp1_k_18_1.phy,-1,TO,TO,MO
phylogeny_ms_exp1_k_18_2.phy,0,5.37,2.87,TO
phylogeny_ms_exp1_k_18_3.phy,-1,TO,TO,MO
phylogeny_ms_exp1_k_18_4.phy,64,TO,546.85,TO
phylogeny_ms_exp1_k_18_5.phy,5,32.84,21.14,MO
phylogeny_ms_exp1_k_18_6.phy,-1,TO,TO,MO
phylogeny_ms_exp1_k_18_7.phy,28,75.27,40.61,TO
phylogeny_ms_exp1_k_18_8.phy,-1,TO,TO,TO
phylogeny_ms_exp1_k_18_9.phy,30,TO,457.09,MO
phylogeny_ms_exp1_k_20_0.phy,71,TO,660.54,MO
phylogeny_ms_exp1_k_20_10.phy,-1,TO,TO,MO
phylogeny_ms_exp1_k_20_11.phy,-1,TO,TO,MO
phylogeny_ms_exp1_k_20_12.phy,-1,TO,TO,TO
phylogeny_ms_exp1_k_20_13.phy,33,TO,78.38,TO
phylogeny_ms_exp1_k_20_14.phy,44,TO,1107.01,TO
phylogeny_ms_exp1_k_20_15.phy,30,TO,103.55,216.15
phylogeny_ms_exp1_k_20_16.phy,-1,TO,TO,MO
phylogeny_ms_exp1_k_20_17.phy,-1,TO,TO,TO
phylogeny_ms_exp1_k_20_18.phy,50,252.34,24.46,TO
phylogeny_ms_exp1_k_20_19.phy,-1,TO,TO,TO
phylogeny_ms_exp1_k_20_1.phy,37,TO,1021.91,TO
phylogeny_ms_exp1_k_20_2.phy,-1,TO,TO,MO
phylogeny_ms_exp1_k_20_3.phy,-1,TO,TO,TO
phylogeny_ms_exp1_k_20_4.phy,-1,TO,TO,TO
phylogeny_ms_exp1_k_20_5.phy,30,14.07,19.05,TO
phylogeny_ms_exp1_k_20_6.phy,86,TO,2918.63,MO
phylogeny_ms_exp1_k_20_7.phy,29,2197.14,60.18,TO
phylogeny_ms_exp1_k_20_8.phy,-1,TO,TO,MO
phylogeny_ms_exp1_k_20_9.phy,35,964.72,57.28,TO
phylogeny_ms_exp1_k_2_0.phy,18,1.37,0.67,0.55
phylogeny_ms_exp1_k_2_10.phy,31,1.3,0.74,0.57
phylogeny_ms_exp1_k_2_11.phy,61,1.89,1.09,0.79
phylogeny_ms_exp1_k_2_12.phy,20,1.37,0.78,0.56
phylogeny_ms_exp1_k_2_13.phy,21,1.3,0.87,0.58
phylogeny_ms_exp1_k_2_14.phy,20,1.31,0.7,0.57
phylogeny_ms_exp1_k_2_15.phy,21,1.19,0.71,0.58
phylogeny_ms_exp1_k_2_16.phy,21,1.32,0.79,0.63
phylogeny_ms_exp1_k_2_17.phy,19,1.32,0.71,0.59
phylogeny_ms_exp1_k_2_18.phy,26,1.32,2.15,0.6
phylogeny_ms_exp1_k_2_19.phy,47,1.55,0.88,0.65
phylogeny_ms_exp1_k_2_1.phy,27,1.32,1.51,0.62
phylogeny_ms_exp1_k_22_0.phy,25,TO,130.83,TO
phylogeny_ms_exp1_k_22_10.phy,-1,TO,TO,MO
phylogeny_ms_exp1_k_22_11.phy,23,TO,1726.83,TO
phylogeny_ms_exp1_k_22_12.phy,101,TO,720.9,MO
phylogeny_ms_exp1_k_22_13.phy,-1,TO,TO,MO
phylogeny_ms_exp1_k_22_14.phy,-1,TO,TO,TO
phylogeny_ms_exp1_k_22_15.phy,37,TO,1554.44,TO
phylogeny_ms_exp1_k_22_16.phy,10,119.93,20.98,MO
phylogeny_ms_exp1_k_22_17.phy,72,TO,657.12,MO
phylogeny_ms_exp1_k_22_18.phy,-1,TO,TO,TO
phylogeny_ms_exp1_k_22_19.phy,-1,TO,TO,TO
phylogeny_ms_exp1_k_22_1.phy,-1,TO,TO,TO
phylogeny_ms_exp1_k_22_2.phy,-1,TO,TO,MO
phylogeny_ms_exp1_k_22_3.phy,-1,TO,TO,TO
phylogeny_ms_exp1_k_22_4.phy,-1,TO,TO,TO
phylogeny_ms_exp1_k_22_5.phy,35,50.04,26.26,TO
phylogeny_ms_exp1_k_22_6.phy,45,51.94,9.81,TO
phylogeny_ms_exp1_k_22_7.phy,-1,TO,TO,TO
phylogeny_ms_exp1_k_22_8.phy,-1,TO,TO,MO
phylogeny_ms_exp1_k_22_9.phy,25,TO,478.76,TO
phylogeny_ms_exp1_k_2_2.phy,48,1.88,0.98,0.57
phylogeny_ms_exp1_k_2_3.phy,25,1.3,1.37,0.69
phylogeny_ms_exp1_k_24_0.phy,-1,TO,TO,MO
phylogeny_ms_exp1_k_24_10.phy,-1,TO,TO,MO
phylogeny_ms_exp1_k_24_11.phy,3,752.13,109.87,MO
phylogeny_ms_exp1_k_24_12.phy,-1,TO,TO,MO
phylogeny_ms_exp1_k_24_13.phy,49,TO,338.16,TO
phylogeny_ms_exp1_k_24_14.phy,14,401.61,98.87,TO
phylogeny_ms_exp1_k_24_15.phy,-1,TO,TO,MO
phylogeny_ms_exp1_k_24_16.phy,-1,TO,TO,MO
phylogeny_ms_exp1_k_24_17.phy,14,TO,108.36,TO
phylogeny_ms_exp1_k_24_18.phy,-1,TO,TO,MO
phylogeny_ms_exp1_k_24_19.phy,27,259.54,37.35,TO
phylogeny_ms_exp1_k_24_1.phy,12,TO,1410.1899999999998,MO
phylogeny_ms_exp1_k_24_2.phy,25,TO,2958.58,TO
phylogeny_ms_exp1_k_24_3.phy,33,TO,648.61,TO
phylogeny_ms_exp1_k_24_4.phy,-1,TO,TO,MO
phylogeny_ms_exp1_k_24_5.phy,-1,TO,TO,TO
phylogeny_ms_exp1_k_24_6.phy,-1,TO,TO,TO
phylogeny_ms_exp1_k_24_7.phy,-1,TO,TO,MO
phylogeny_ms_exp1_k_24_8.phy,-1,TO,TO,TO
phylogeny_ms_exp1_k_24_9.phy,-1,TO,TO,MO
phylogeny_ms_exp1_k_2_4.phy,24,1.48,0.83,0.62
phylogeny_ms_exp1_k_2_5.phy,24,1.39,0.74,0.56
phylogeny_ms_exp1_k_26_0.phy,-1,TO,TO,TO
phylogeny_ms_exp1_k_26_10.phy,68,TO,559.43,TO
phylogeny_ms_exp1_k_26_11.phy,47,TO,1464.6299999999999,TO
phylogeny_ms_exp1_k_26_12.phy,-1,TO,TO,TO
phylogeny_ms_exp1_k_26_13.phy,-1,TO,TO,MO
phylogeny_ms_exp1_k_26_14.phy,-1,TO,TO,MO
phylogeny_ms_exp1_k_26_15.phy,-1,TO,TO,MO
phylogeny_ms_exp1_k_26_16.phy,8,533.06,40.42,MO
phylogeny_ms_exp1_k_26_17.phy,-1,TO,TO,TO
phylogeny_ms_exp1_k_26_18.phy,23,766.47,136.5,1157.62
phylogeny_ms_exp1_k_26_19.phy,75,TO,2256.17,MO
phylogeny_ms_exp1_k_26_1.phy,2,442.47,101.71,TO
phylogeny_ms_exp1_k_26_2.phy,49,TO,110.71,2015.53
phylogeny_ms_exp1_k_26_3.phy,71,TO,1120.65,TO
phylogeny_ms_exp1_k_26_4.phy,-1,TO,TO,TO
phylogeny_ms_exp1_k_26_5.phy,-1,TO,TO,TO
phylogeny_ms_exp1_k_26_6.phy,-1,TO,TO,MO
phylogeny_ms_exp1_k_26_7.phy,-1,TO,TO,MO
phylogeny_ms_exp1_k_26_8.phy,-1,TO,TO,MO
phylogeny_ms_exp1_k_26_9.phy,35,2486.22,51.0,MO
phylogeny_ms_exp1_k_2_6.phy,6,1.13,0.73,0.53
phylogeny_ms_exp1_k_2_7.phy,4,1.29,0.73,0.58
phylogeny_ms_exp1_k_28_0.phy,-1,TO,TO,MO
phylogeny_ms_exp1_k_28_10.phy,-1,TO,TO,MO
phylogeny_ms_exp1_k_28_11.phy,79,601.7,63.16,TO
phylogeny_ms_exp1_k_28_12.phy,87,TO,553.82,TO
phylogeny_ms_exp1_k_28_13.phy,15,TO,106.76,MO
phylogeny_ms_exp1_k_28_14.phy,-1,TO,TO,MO
phylogeny_ms_exp1_k_28_15.phy,-1,TO,TO,MO
phylogeny_ms_exp1_k_28_16.phy,-1,TO,TO,MO
phylogeny_ms_exp1_k_28_17.phy,-1,TO,TO,MO
phylogeny_ms_exp1_k_28_18.phy,15,9.32,10.33,MO
phylogeny_ms_exp1_k_28_19.phy,30,TO,533.21,TO
phylogeny_ms_exp1_k_28_1.phy,-1,TO,TO,MO
phylogeny_ms_exp1_k_28_2.phy,18,TO,2795.7,TO
phylogeny_ms_exp1_k_28_3.phy,56,36.43,11.13,MO
phylogeny_ms_exp1_k_28_4.phy,-1,TO,TO,MO
phylogeny_ms_exp1_k_28_5.phy,-1,TO,TO,TO
phylogeny_ms_exp1_k_28_6.phy,25,72.6,29.29,TO
phylogeny_ms_exp1_k_28_7.phy,-1,TO,TO,MO
phylogeny_ms_exp1_k_28_8.phy,48,TO,3090.43,TO
phylogeny_ms_exp1_k_28_9.phy,-1,TO,TO,TO
phylogeny_ms_exp1_k_2_8.phy,18,1.28,0.77,0.59
phylogeny_ms_exp1_k_2_9.phy,38,1.26,1.26,0.65
phylogeny_ms_exp1_k_30_0.phy,-1,TO,TO,MO
phylogeny_ms_exp1_k_30_10.phy,-1,TO,TO,TO
phylogeny_ms_exp1_k_30_11.phy,-1,TO,TO,MO
phylogeny_ms_exp1_k_30_12.phy,-1,TO,TO,MO
phylogeny_ms_exp1_k_30_13.phy,-1,TO,TO,MO
phylogeny_ms_exp1_k_30_14.phy,33,TO,954.83,TO
phylogeny_ms_exp1_k_30_15.phy,91,TO,1535.65,MO
phylogeny_ms_exp1_k_30_16.phy,-1,TO,TO,MO
phylogeny_ms_exp1_k_30_17.phy,-1,TO,TO,TO
phylogeny_ms_exp1_k_30_18.phy,-1,TO,TO,MO
phylogeny_ms_exp1_k_30_19.phy,-1,TO,TO,MO
phylogeny_ms_exp1_k_30_1.phy,-1,TO,TO,TO
phylogeny_ms_exp1_k_30_2.phy,-1,TO,TO,TO
phylogeny_ms_exp1_k_30_3.phy,-1,TO,TO,TO
phylogeny_ms_exp1_k_30_4.phy,-1,TO,TO,MO
phylogeny_ms_exp1_k_30_5.phy,16,14.81,8.95,MO
phylogeny_ms_exp1_k_30_6.phy,-1,TO,TO,TO
phylogeny_ms_exp1_k_30_7.phy,-1,TO,TO,MO
phylogeny_ms_exp1_k_30_8.phy,58,TO,374.38,TO
phylogeny_ms_exp1_k_30_9.phy,-1,TO,TO,MO
phylogeny_ms_exp1_k_32_0.phy,-1,TO,TO,TO
phylogeny_ms_exp1_k_32_10.phy,-1,TO,TO,TO
phylogeny_ms_exp1_k_32_11.phy,-1,TO,TO,MO
phylogeny_ms_exp1_k_32_12.phy,15,30.88,12.16,TO
phylogeny_ms_exp1_k_32_13.phy,-1,TO,TO,TO
phylogeny_ms_exp1_k_32_14.phy,-1,TO,TO,MO
phylogeny_ms_exp1_k_32_15.phy,-1,TO,TO,MO
phylogeny_ms_exp1_k_32_16.phy,42,TO,956.86,TO
phylogeny_ms_exp1_k_32_17.phy,-1,TO,TO,TO
phylogeny_ms_exp1_k_32_18.phy,20,TO,1211.24,MO
phylogeny_ms_exp1_k_32_19.phy,-1,TO,TO,TO
phylogeny_ms_exp1_k_32_1.phy,2,22.49,8.36,MO
phylogeny_ms_exp1_k_32_2.phy,-1,TO,TO,MO
phylogeny_ms_exp1_k_32_3.phy,-1,TO,TO,MO
phylogeny_ms_exp1_k_32_4.phy,-1,TO,TO,TO
phylogeny_ms_exp1_k_32_5.phy,0,1657.19,297.33,MO
phylogeny_ms_exp1_k_32_6.phy,-1,TO,TO,TO
phylogeny_ms_exp1_k_32_7.phy,-1,TO,TO,TO
phylogeny_ms_exp1_k_32_8.phy,-1,TO,TO,MO
phylogeny_ms_exp1_k_32_9.phy,45,TO,1449.72,TO
phylogeny_ms_exp1_k_34_0.phy,-1,TO,TO,MO
phylogeny_ms_exp1_k_34_10.phy,-1,TO,TO,TO
phylogeny_ms_exp1_k_34_11.phy,-1,TO,TO,MO
phylogeny_ms_exp1_k_34_12.phy,-1,TO,TO,TO
phylogeny_ms_exp1_k_34_13.phy,7,1695.96,100.27,RTE
phylogeny_ms_exp1_k_34_14.phy,-1,TO,TO,MO
phylogeny_ms_exp1_k_34_15.phy,-1,TO,TO,TO
phylogeny_ms_exp1_k_34_16.phy,-1,TO,TO,TO
phylogeny_ms_exp1_k_34_17.phy,36,1730.4599999999998,404.39,TO
phylogeny_ms_exp1_k_34_18.phy,72,TO,1657.49,MO
phylogeny_ms_exp1_k_34_19.phy,-1,TO,TO,MO
phylogeny_ms_exp1_k_34_1.phy,-1,TO,TO,MO
phylogeny_ms_exp1_k_34_2.phy,-1,TO,TO,TO
phylogeny_ms_exp1_k_34_3.phy,-1,TO,TO,MO
phylogeny_ms_exp1_k_34_4.phy,0,5.84,2.96,MO
phylogeny_ms_exp1_k_34_5.phy,-1,TO,TO,TO
phylogeny_ms_exp1_k_34_6.phy,-1,TO,TO,MO
phylogeny_ms_exp1_k_34_7.phy,16,673.77,208.0,TO
phylogeny_ms_exp1_k_34_8.phy,-1,TO,TO,MO
phylogeny_ms_exp1_k_34_9.phy,-1,TO,TO,TO
phylogeny_ms_exp1_k_36_0.phy,-1,TO,TO,MO
phylogeny_ms_exp1_k_36_10.phy,-1,TO,TO,MO
phylogeny_ms_exp1_k_36_11.phy,-1,TO,TO,MO
phylogeny_ms_exp1_k_36_12.phy,-1,TO,TO,TO
phylogeny_ms_exp1_k_36_13.phy,-1,TO,TO,MO
phylogeny_ms_exp1_k_36_14.phy,-1,TO,TO,MO
phylogeny_ms_exp1_k_36_15.phy,-1,TO,TO,MO
phylogeny_ms_exp1_k_36_16.phy,-1,TO,TO,TO
phylogeny_ms_exp1_k_36_17.phy,52,TO,605.3,TO
phylogeny_ms_exp1_k_36_18.phy,24,TO,1342.68,MO
phylogeny_ms_exp1_k_36_19.phy,1,TO,1021.26,MO
phylogeny_ms_exp1_k_36_1.phy,-1,TO,TO,MO
phylogeny_ms_exp1_k_36_2.phy,10,TO,2224.82,TO
phylogeny_ms_exp1_k_36_3.phy,23,TO,2282.88,TO
phylogeny_ms_exp1_k_36_4.phy,-1,TO,TO,MO
phylogeny_ms_exp1_k_36_5.phy,58,TO,2650.07,TO
phylogeny_ms_exp1_k_36_6.phy,-1,TO,TO,MO
phylogeny_ms_exp1_k_36_7.phy,-1,TO,TO,MO
phylogeny_ms_exp1_k_36_8.phy,-1,TO,TO,TO
phylogeny_ms_exp1_k_36_9.phy,-1,TO,TO,MO
phylogeny_ms_exp1_k_38_0.phy,-1,TO,TO,TO
phylogeny_ms_exp1_k_38_10.phy,-1,TO,TO,MO
phylogeny_ms_exp1_k_38_11.phy,-1,TO,TO,TO
phylogeny_ms_exp1_k_38_12.phy,-1,TO,TO,MO
phylogeny_ms_exp1_k_38_13.phy,-1,TO,TO,MO
phylogeny_ms_exp1_k_38_14.phy,-1,TO,TO,TO
phylogeny_ms_exp1_k_38_15.phy,-1,TO,TO,MO
phylogeny_ms_exp1_k_38_16.phy,-1,TO,TO,MO
phylogeny_ms_exp1_k_38_17.phy,-1,TO,TO,TO
phylogeny_ms_exp1_k_38_18.phy,-1,TO,TO,MO
phylogeny_ms_exp1_k_38_19.phy,-1,TO,TO,MO
phylogeny_ms_exp1_k_38_1.phy,-1,TO,TO,MO
phylogeny_ms_exp1_k_38_2.phy,-1,TO,TO,MO
phylogeny_ms_exp1_k_38_3.phy,-1,TO,TO,TO
phylogeny_ms_exp1_k_38_4.phy,-1,TO,TO,MO
phylogeny_ms_exp1_k_38_5.phy,-1,TO,TO,MO
phylogeny_ms_exp1_k_38_6.phy,-1,TO,TO,MO
phylogeny_ms_exp1_k_38_7.phy,1,593.46,141.78,MO
phylogeny_ms_exp1_k_38_8.phy,12,112.09,32.87,MO
phylogeny_ms_exp1_k_38_9.phy,30,TO,76.22,TO
phylogeny_ms_exp1_k_40_0.phy,-1,TO,TO,MO
phylogeny_ms_exp1_k_40_10.phy,-1,TO,TO,MO
phylogeny_ms_exp1_k_40_11.phy,-1,TO,TO,TO
phylogeny_ms_exp1_k_40_12.phy,-1,TO,TO,MO
phylogeny_ms_exp1_k_40_13.phy,23,34.39,16.29,MO
phylogeny_ms_exp1_k_40_14.phy,-1,TO,TO,TO
phylogeny_ms_exp1_k_40_15.phy,-1,TO,TO,MO
phylogeny_ms_exp1_k_40_16.phy,-1,TO,TO,MO
phylogeny_ms_exp1_k_40_17.phy,18,TO,1180.52,TO
phylogeny_ms_exp1_k_40_18.phy,22,TO,320.92,TO
phylogeny_ms_exp1_k_40_19.phy,18,TO,709.79,TO
phylogeny_ms_exp1_k_40_1.phy,-1,TO,TO,TO
phylogeny_ms_exp1_k_40_2.phy,-1,TO,TO,MO
phylogeny_ms_exp1_k_40_3.phy,33,TO,777.38,MO
phylogeny_ms_exp1_k_40_4.phy,-1,TO,TO,MO
phylogeny_ms_exp1_k_40_5.phy,-1,TO,TO,TO
phylogeny_ms_exp1_k_40_6.phy,29,TO,906.44,TO
phylogeny_ms_exp1_k_40_7.phy,-1,TO,TO,MO
phylogeny_ms_exp1_k_40_8.phy,-1,TO,TO,TO
phylogeny_ms_exp1_k_40_9.phy,-1,TO,TO,TO
phylogeny_ms_exp1_k_4_0.phy,7,1.84,1.27,2.05
phylogeny_ms_exp1_k_4_10.phy,49,4.08,2.07,1.91
phylogeny_ms_exp1_k_4_11.phy,59,2.75,1.74,2.15
phylogeny_ms_exp1_k_4_12.phy,14,1.74,1.17,2.0500000000000003
phylogeny_ms_exp1_k_4_13.phy,17,2.01,1.23,2.58
phylogeny_ms_exp1_k_4_14.phy,34,2.44,1.86,2.67
phylogeny_ms_exp1_k_4_15.phy,29,2.03,1.35,2.15
phylogeny_ms_exp1_k_4_16.phy,25,1.92,1.29,3.99
phylogeny_ms_exp1_k_4_17.phy,57,5.32,2.15,4.66
phylogeny_ms_exp1_k_4_18.phy,43,2.9,2.0,2.23
phylogeny_ms_exp1_k_4_19.phy,44,2.29,1.09,3.3
phylogeny_ms_exp1_k_4_1.phy,76,3.18,1.73,4.43
phylogeny_ms_exp1_k_4_2.phy,86,30.32,5.3,4.41
phylogeny_ms_exp1_k_4_3.phy,42,4.44,1.79,5.13
phylogeny_ms_exp1_k_4_4.phy,30,2.13,1.23,3.59
phylogeny_ms_exp1_k_4_5.phy,52,2.71,1.81,6.0
phylogeny_ms_exp1_k_4_6.phy,7,1.63,1.1,3.78
phylogeny_ms_exp1_k_4_7.phy,10,1.77,1.1,1.68
phylogeny_ms_exp1_k_4_8.phy,45,2.71,1.46,34.48
phylogeny_ms_exp1_k_4_9.phy,65,6.18,2.73,2.13
phylogeny_ms_exp1_k_6_0.phy,52,5.35,2.04,55.83
phylogeny_ms_exp1_k_6_10.phy,133,TO,3275.4,51.830000000000005
phylogeny_ms_exp1_k_6_11.phy,90,244.07,35.88,199.74
phylogeny_ms_exp1_k_6_12.phy,61,11.18,4.4,162.48
phylogeny_ms_exp1_k_6_13.phy,65,6.96,2.66,115.46
phylogeny_ms_exp1_k_6_14.phy,77,47.8,11.08,14.49
phylogeny_ms_exp1_k_6_15.phy,63,5.31,2.45,10.49
phylogeny_ms_exp1_k_6_16.phy,105,1405.25,70.14,3.09
phylogeny_ms_exp1_k_6_17.phy,47,13.03,4.5,12.84
phylogeny_ms_exp1_k_6_18.phy,2,2.31,1.24,152.16000000000003
phylogeny_ms_exp1_k_6_19.phy,82,17.81,6.68,15.48
phylogeny_ms_exp1_k_6_1.phy,82,113.62,14.35,21.91
phylogeny_ms_exp1_k_6_2.phy,7,2.52,1.42,6.93
phylogeny_ms_exp1_k_6_3.phy,90,711.4,42.35,TO
phylogeny_ms_exp1_k_6_4.phy,73,113.41,13.01,TO
phylogeny_ms_exp1_k_6_5.phy,25,5.09,2.61,14.36
phylogeny_ms_exp1_k_6_6.phy,52,3.77,1.84,194.36
phylogeny_ms_exp1_k_6_7.phy,102,TO,171.7,82.14
phylogeny_ms_exp1_k_6_8.phy,52,5.43,2.88,159.14000000000001
phylogeny_ms_exp1_k_6_9.phy,89,138.73,16.45,206.05
phylogeny_ms_exp1_k_8_0.phy,35,3.26,2.12,53.18
phylogeny_ms_exp1_k_8_10.phy,96,1415.84,84.38,57.25
phylogeny_ms_exp1_k_8_11.phy,55,20.75,6.63,TO
phylogeny_ms_exp1_k_8_12.phy,94,TO,265.83,358.29
phylogeny_ms_exp1_k_8_13.phy,59,15.65,2.78,131.17
phylogeny_ms_exp1_k_8_14.phy,74,315.02,31.47,338.47
phylogeny_ms_exp1_k_8_15.phy,90,TO,188.56,14.09
phylogeny_ms_exp1_k_8_16.phy,88,1221.37,81.33,TO
phylogeny_ms_exp1_k_8_17.phy,100,TO,203.52,1744.28
phylogeny_ms_exp1_k_8_18.phy,64,21.69,6.19,287.1
phylogeny_ms_exp1_k_8_19.phy,66,18.77,4.31,17.21
phylogeny_ms_exp1_k_8_1.phy,29,15.02,3.76,TO
phylogeny_ms_exp1_k_8_2.phy,83,TO,457.41,23.740000000000002
phylogeny_ms_exp1_k_8_3.phy,84,68.66,13.73,12.23
phylogeny_ms_exp1_k_8_4.phy,13,5.03,2.31,210.77
phylogeny_ms_exp1_k_8_5.phy,80,TO,71.36,TO
phylogeny_ms_exp1_k_8_6.phy,94,TO,75.27,TO
phylogeny_ms_exp1_k_8_7.phy,70,146.46,18.86,59.88
phylogeny_ms_exp1_k_8_8.phy,63,16.21,6.33,606.69
phylogeny_ms_exp1_k_8_9.phy,87,TO,143.56,TO
phylogeny_ms_exp1_n_100_0.phy,26,588.49,18.55,TO
phylogeny_ms_exp1_n_100_10.phy,30,TO,872.68,TO
phylogeny_ms_exp1_n_100_11.phy,21,12.56,1.72,TO
phylogeny_ms_exp1_n_100_12.phy,-1,TO,TO,TO
phylogeny_ms_exp1_n_100_13.phy,21,33.28,4.15,TO
phylogeny_ms_exp1_n_100_14.phy,30,8.67,3.87,TO
phylogeny_ms_exp1_n_100_15.phy,7,11.7,2.16,410.34
phylogeny_ms_exp1_n_100_16.phy,42,TO,1811.12,TO
phylogeny_ms_exp1_n_100_17.phy,0,0.45,0.29,1296.81
phylogeny_ms_exp1_n_100_18.phy,14,MO,280.51,TO
phylogeny_ms_exp1_n_100_19.phy,14,2.55,0.65,661.37
phylogeny_ms_exp1_n_100_1.phy,6,5.88,0.92,1754.17
phylogeny_ms_exp1_n_100_2.phy,3,2.87,0.74,TO
phylogeny_ms_exp1_n_100_3.phy,8,2.44,0.81,TO
phylogeny_ms_exp1_n_100_4.phy,46,TO,297.55,TO
phylogeny_ms_exp1_n_100_5.phy,7,TO,83.57,MO
phylogeny_ms_exp1_n_100_6.phy,25,TO,860.42,1376.38
phylogeny_ms_exp1_n_100_7.phy,8,3.11,0.62,TO
phylogeny_ms_exp1_n_100_8.phy,30,TO,50.87,TO
phylogeny_ms_exp1_n_100_9.phy,2,13.74,2.43,101.74000000000001
phylogeny_ms_exp1_n_120_0.phy,16,94.59,5.61,228.01
phylogeny_ms_exp1_n_120_10.phy,12,24.43,2.53,TO
phylogeny_ms_exp1_n_120_11.phy,18,32.25,4.62,557.31
phylogeny_ms_exp1_n_120_12.phy,28,359.58,19.75,TO
phylogeny_ms_exp1_n_120_13.phy,12,10.13,2.15,189.19
phylogeny_ms_exp1_n_120_14.phy,56,TO,115.84,TO
phylogeny_ms_exp1_n_120_15.phy,24,548.57,23.38,2917.88
phylogeny_ms_exp1_n_120_16.phy,20,2.33,1.02,2388.52
phylogeny_ms_exp1_n_120_17.phy,25,261.3,10.96,TO
phylogeny_ms_exp1_n_120_18.phy,50,TO,198.55,1079.1
phylogeny_ms_exp1_n_120_19.phy,49,TO,2759.94,TO
phylogeny_ms_exp1_n_120_1.phy,26,174.38,13.51,TO
phylogeny_ms_exp1_n_120_2.phy,43,MO,655.88,TO
phylogeny_ms_exp1_n_120_3.phy,12,16.22,3.3,TO
phylogeny_ms_exp1_n_120_4.phy,38,163.51000000000002,6.28,3246.8
phylogeny_ms_exp1_n_120_5.phy,29,TO,49.23,TO
phylogeny_ms_exp1_n_120_6.phy,-1,TO,TO,TO
phylogeny_ms_exp1_n_120_7.phy,27,1079.28,32.0,TO
phylogeny_ms_exp1_n_120_8.phy,10,56.06,2.9,365.67
phylogeny_ms_exp1_n_120_9.phy,25,TO,121.11,TO
phylogeny_ms_exp1_n_140_0.phy,54,TO,939.28,TO
phylogeny_ms_exp1_n_140_10.phy,-1,TO,TO,TO
phylogeny_ms_exp1_n_140_11.phy,-1,TO,TO,TO
phylogeny_ms_exp1_n_140_12.phy,21,TO,246.24,TO
phylogeny_ms_exp1_n_140_13.phy,-1,TO,TO,TO
phylogeny_ms_exp1_n_140_14.phy,25,TO,182.17,713.1099999999999
phylogeny_ms_exp1_n_140_15.phy,5,625.27,46.78,TO
phylogeny_ms_exp1_n_140_16.phy,-1,TO,TO,TO
phylogeny_ms_exp1_n_140_17.phy,30,TO,92.61,TO
phylogeny_ms_exp1_n_140_18.phy,13,110.47,19.37,TO
phylogeny_ms_exp1_n_140_19.phy,50,TO,2493.8900000000003,TO
phylogeny_ms_exp1_n_140_1.phy,70,TO,368.48,TO
phylogeny_ms_exp1_n_140_2.phy,13,1.55,1.05,269.68
phylogeny_ms_exp1_n_140_3.phy,10,8.09,2.08,TO
phylogeny_ms_exp1_n_140_4.phy,45,TO,61.1,TO
phylogeny_ms_exp1_n_140_5.phy,-1,TO,TO,TO
phylogeny_ms_exp1_n_140_6.phy,45,57.88,5.64,TO
phylogeny_ms_exp1_n_140_7.phy,29,TO,1108.7,TO
phylogeny_ms_exp1_n_140_8.phy,56,TO,973.15,TO
phylogeny_ms_exp1_n_140_9.phy,-1,TO,TO,TO
phylogeny_ms_exp1_n_160_0.phy,28,TO,252.49,TO
phylogeny_ms_exp1_n_160_10.phy,38,TO,169.32,TO
phylogeny_ms_exp1_n_160_11.phy,54,TO,144.31,TO
phylogeny_ms_exp1_n_160_12.phy,79,TO,3447.91,TO
phylogeny_ms_exp1_n_160_13.phy,45,287.09,41.86,TO
phylogeny_ms_exp1_n_160_14.phy,32,TO,251.76,TO
phylogeny_ms_exp1_n_160_15.phy,42,622.49,82.37,TO
phylogeny_ms_exp1_n_160_16.phy,59,TO,198.78,TO
phylogeny_ms_exp1_n_160_17.phy,2,68.05,11.36,TO
phylogeny_ms_exp1_n_160_18.phy,-1,TO,TO,TO
phylogeny_ms_exp1_n_160_19.phy,-1,TO,TO,TO
phylogeny_ms_exp1_n_160_1.phy,37,TO,144.1,TO
phylogeny_ms_exp1_n_160_2.phy,48,TO,144.94,TO
phylogeny_ms_exp1_n_160_3.phy,68,TO,98.58,TO
phylogeny_ms_exp1_n_160_4.phy,46,TO,1457.16,TO
phylogeny_ms_exp1_n_160_5.phy,13,2528.9,175.93,TO
phylogeny_ms_exp1_n_160_6.phy,84,TO,364.22,TO
phylogeny_ms_exp1_n_160_7.phy,31,3.86,1.53,TO
phylogeny_ms_exp1_n_160_8.phy,-1,TO,TO,TO
phylogeny_ms_exp1_n_160_9.phy,7,2425.8,71.36,MO
phylogeny_ms_exp1_n_180_0.phy,50,TO,351.65,TO
phylogeny_ms_exp1_n_180_10.phy,87,TO,961.76,TO
phylogeny_ms_exp1_n_180_11.phy,-1,TO,TO,TO
phylogeny_ms_exp1_n_180_12.phy,68,TO,1323.05,TO
phylogeny_ms_exp1_n_180_13.phy,61,TO,368.52,TO
phylogeny_ms_exp1_n_180_14.phy,-1,TO,TO,TO
phylogeny_ms_exp1_n_180_15.phy,47,TO,3200.98,TO
phylogeny_ms_exp1_n_180_16.phy,-1,TO,TO,TO
phylogeny_ms_exp1_n_180_17.phy,33,TO,289.78000000000003,TO
phylogeny_ms_exp1_n_180_18.phy,64,TO,304.26,336.32
phylogeny_ms_exp1_n_180_19.phy,-1,TO,TO,TO
phylogeny_ms_exp1_n_180_1.phy,38,TO,1566.3700000000001,TO
phylogeny_ms_exp1_n_180_2.phy,51,TO,3338.47,TO
phylogeny_ms_exp1_n_180_3.phy,79,TO,2053.62,TO
phylogeny_ms_exp1_n_180_4.phy,-1,TO,TO,TO
phylogeny_ms_exp1_n_180_5.phy,65,TO,768.89,TO
phylogeny_ms_exp1_n_180_6.phy,-1,TO,TO,MO
phylogeny_ms_exp1_n_180_7.phy,49,TO,1009.27,TO
phylogeny_ms_exp1_n_180_8.phy,73,TO,134.52,TO
phylogeny_ms_exp1_n_180_9.phy,60,TO,586.64,724.4499999999999
phylogeny_ms_exp1_n_200_0.phy,9,TO,111.39,MO
phylogeny_ms_exp1_n_200_10.phy,-1,TO,TO,MO
phylogeny_ms_exp1_n_200_11.phy,-1,TO,TO,MO
phylogeny_ms_exp1_n_200_12.phy,88,TO,TO,2024.95
phylogeny_ms_exp1_n_200_13.phy,69,TO,230.81,TO
phylogeny_ms_exp1_n_200_14.phy,-1,TO,TO,TO
phylogeny_ms_exp1_n_200_15.phy,11,179.89,52.51,MO
phylogeny_ms_exp1_n_200_16.phy,71,TO,277.62,MO
phylogeny_ms_exp1_n_200_17.phy,84,TO,477.26,TO
phylogeny_ms_exp1_n_200_18.phy,64,TO,265.5,TO
phylogeny_ms_exp1_n_200_19.phy,-1,TO,TO,MO
phylogeny_ms_exp1_n_200_1.phy,8,41.11,9.33,TO
phylogeny_ms_exp1_n_200_2.phy,-1,TO,TO,TO
phylogeny_ms_exp1_n_200_3.phy,15,908.62,72.42,TO
phylogeny_ms_exp1_n_200_4.phy,94,TO,1483.1000000000001,TO
phylogeny_ms_exp1_n_200_5.phy,65,1604.2,40.48,TO
phylogeny_ms_exp1_n_200_6.phy,38,TO,635.38,MO
phylogeny_ms_exp1_n_200_7.phy,-1,TO,TO,TO
phylogeny_ms_exp1_n_200_8.phy,91,TO,161.51,TO
phylogeny_ms_exp1_n_200_9.phy,-1,TO,TO,MO
phylogeny_ms_exp1_n_20_0.phy,0,0.03,0.02,90.07
phylogeny_ms_exp1_n_20_10.phy,0,0.01,0.01,0.03
phylogeny_ms_exp1_n_20_11.phy,0,0.03,0.02,0.060000000000000005
phylogeny_ms_exp1_n_20_12.phy,0,0.02,0.01,0.03
phylogeny_ms_exp1_n_20_13.phy,0,0.03,0.01,163.03
phylogeny_ms_exp1_n_20_14.phy,1,0.03,0.01,22.2
phylogeny_ms_exp1_n_20_15.phy,0,0.03,0.03,349.34
phylogeny_ms_exp1_n_20_16.phy,0,0.03,0.01,16.01
phylogeny_ms_exp1_n_20_17.phy,0,0.03,0.02,0.01
phylogeny_ms_exp1_n_20_18.phy,0,0.03,0.03,0.060000000000000005
phylogeny_ms_exp1_n_20_19.phy,0,0.04,0.03,0.04
phylogeny_ms_exp1_n_20_1.phy,1,0.04,0.03,14.94
phylogeny_ms_exp1_n_20_2.phy,0,0.03,0.01,0.01
phylogeny_ms_exp1_n_20_3.phy,0,0.03,0.01,0.28
phylogeny_ms_exp1_n_20_4.phy,0,0.02,0.02,0.03
phylogeny_ms_exp1_n_20_5.phy,0,0.02,0.01,0.07
phylogeny_ms_exp1_n_20_6.phy,0,0.02,0.01,0.03
phylogeny_ms_exp1_n_20_7.phy,0,0.03,0.02,8.540000000000001
phylogeny_ms_exp1_n_20_8.phy,0,0.06,0.01,44.14
phylogeny_ms_exp1_n_20_9.phy,0,0.02,0.03,0.06
phylogeny_ms_exp1_n_220_0.phy,-1,TO,TO,MO
phylogeny_ms_exp1_n_220_10.phy,32,TO,206.34,MO
phylogeny_ms_exp1_n_220_11.phy,41,TO,1970.94,TO
phylogeny_ms_exp1_n_220_12.phy,-1,TO,TO,MO
phylogeny_ms_exp1_n_220_13.phy,9,TO,1193.51,MO
phylogeny_ms_exp1_n_220_14.phy,-1,TO,TO,MO
phylogeny_ms_exp1_n_220_15.phy,-1,TO,TO,MO
phylogeny_ms_exp1_n_220_16.phy,-1,TO,TO,MO
phylogeny_ms_exp1_n_220_17.phy,1,160.35,93.24,MO
phylogeny_ms_exp1_n_220_18.phy,40,TO,310.52,TO
phylogeny_ms_exp1_n_220_19.phy,43,TO,1330.78,MO
phylogeny_ms_exp1_n_220_1.phy,25,7.4,4.28,TO
phylogeny_ms_exp1_n_220_2.phy,-1,TO,TO,MO
phylogeny_ms_exp1_n_220_3.phy,76,TO,3475.68,MO
phylogeny_ms_exp1_n_220_4.phy,-1,TO,TO,MO
phylogeny_ms_exp1_n_220_5.phy,48,TO,884.13,TO
phylogeny_ms_exp1_n_220_6.phy,-1,TO,TO,MO
phylogeny_ms_exp1_n_220_7.phy,49,TO,126.76,MO
phylogeny_ms_exp1_n_220_8.phy,-1,TO,TO,MO
phylogeny_ms_exp1_n_220_9.phy,-1,TO,TO,MO
phylogeny_ms_exp1_n_240_0.phy,-1,TO,TO,MO
phylogeny_ms_exp1_n_240_10.phy,-1,TO,TO,MO
phylogeny_ms_exp1_n_240_11.phy,-1,TO,TO,MO
phylogeny_ms_exp1_n_240_12.phy,-1,TO,TO,MO
phylogeny_ms_exp1_n_240_13.phy,-1,TO,TO,MO
phylogeny_ms_exp1_n_240_14.phy,-1,TO,TO,MO
phylogeny_ms_exp1_n_240_15.phy,-1,TO,TO,MO
phylogeny_ms_exp1_n_240_16.phy,-1,TO,TO,MO
phylogeny_ms_exp1_n_240_17.phy,-1,TO,TO,MO
phylogeny_ms_exp1_n_240_18.phy,-1,TO,TO,MO
phylogeny_ms_exp1_n_240_19.phy,73,TO,1117.78,MO
phylogeny_ms_exp1_n_240_1.phy,-1,TO,TO,MO
phylogeny_ms_exp1_n_240_2.phy,-1,TO,TO,MO
phylogeny_ms_exp1_n_240_3.phy,43,TO,581.04,MO
phylogeny_ms_exp1_n_240_4.phy,39,TO,3300.8,MO
phylogeny_ms_exp1_n_240_5.phy,29,557.86,96.19,MO
phylogeny_ms_exp1_n_240_6.phy,-1,TO,TO,MO
phylogeny_ms_exp1_n_240_7.phy,-1,TO,TO,MO
phylogeny_ms_exp1_n_240_8.phy,-1,TO,TO,MO
phylogeny_ms_exp1_n_240_9.phy,26,TO,2077.77,TO
phylogeny_ms_exp1_n_260_0.phy,48,TO,1449.71,MO
phylogeny_ms_exp1_n_260_10.phy,-1,TO,TO,MO
phylogeny_ms_exp1_n_260_11.phy,12,2295.25,361.44,MO
phylogeny_ms_exp1_n_260_12.phy,-1,TO,TO,MO
phylogeny_ms_exp1_n_260_13.phy,17,TO,2861.71,MO
phylogeny_ms_exp1_n_260_14.phy,-1,TO,TO,MO
phylogeny_ms_exp1_n_260_15.phy,-1,TO,TO,MO
phylogeny_ms_exp1_n_260_16.phy,129,TO,3357.76,477.72
phylogeny_ms_exp1_n_260_17.phy,-1,TO,TO,MO
phylogeny_ms_exp1_n_260_18.phy,-1,TO,TO,MO
phylogeny_ms_exp1_n_260_19.phy,50,TO,350.23,MO
phylogeny_ms_exp1_n_260_1.phy,-1,TO,TO,MO
phylogeny_ms_exp1_n_260_2.phy,36,TO,497.4,MO
phylogeny_ms_exp1_n_260_3.phy,88,TO,TO,1082.94
phylogeny_ms_exp1_n_260_4.phy,-1,TO,TO,MO
phylogeny_ms_exp1_n_260_5.phy,-1,TO,TO,MO
phylogeny_ms_exp1_n_260_6.phy,-1,TO,TO,MO
phylogeny_ms_exp1_n_260_7.phy,-1,TO,TO,MO
phylogeny_ms_exp1_n_260_8.phy,66,TO,2730.98,MO
phylogeny_ms_exp1_n_260_9.phy,-1,TO,TO,MO
phylogeny_ms_exp1_n_280_0.phy,83,TO,2343.41,MO
phylogeny_ms_exp1_n_280_10.phy,23,331.91,147.89000000000001,MO
phylogeny_ms_exp1_n_280_11.phy,47,TO,270.09,MO
phylogeny_ms_exp1_n_280_12.phy,93,TO,1058.19,MO
phylogeny_ms_exp1_n_280_13.phy,-1,TO,TO,MO
phylogeny_ms_exp1_n_280_14.phy,17,39.05,17.52,MO
phylogeny_ms_exp1_n_280_15.phy,-1,TO,TO,MO
phylogeny_ms_exp1_n_280_16.phy,-1,TO,TO,TO
phylogeny_ms_exp1_n_280_17.phy,-1,TO,TO,MO
phylogeny_ms_exp1_n_280_18.phy,-1,TO,TO,MO
phylogeny_ms_exp1_n_280_19.phy,94,TO,850.85,MO
phylogeny_ms_exp1_n_280_1.phy,27,91.75,31.17,MO
phylogeny_ms_exp1_n_280_2.phy,24,2255.65,237.46,MO
phylogeny_ms_exp1_n_280_3.phy,-1,TO,TO,MO
phylogeny_ms_exp1_n_280_4.phy,-1,TO,TO,MO
phylogeny_ms_exp1_n_280_5.phy,-1,TO,TO,MO
phylogeny_ms_exp1_n_280_6.phy,-1,TO,TO,MO
phylogeny_ms_exp1_n_280_7.phy,-1,TO,TO,MO
phylogeny_ms_exp1_n_280_8.phy,-1,TO,TO,MO
phylogeny_ms_exp1_n_280_9.phy,-1,TO,TO,MO
phylogeny_ms_exp1_n_300_0.phy,13,166.25,45.94,MO
phylogeny_ms_exp1_n_300_10.phy,-1,TO,TO,MO
phylogeny_ms_exp1_n_300_11.phy,-1,TO,TO,MO
phylogeny_ms_exp1_n_300_12.phy,-1,TO,TO,MO
phylogeny_ms_exp1_n_300_13.phy,-1,TO,TO,MO
phylogeny_ms_exp1_n_300_14.phy,-1,TO,TO,MO
phylogeny_ms_exp1_n_300_15.phy,-1,TO,TO,MO
phylogeny_ms_exp1_n_300_16.phy,-1,TO,TO,MO
phylogeny_ms_exp1_n_300_17.phy,-1,TO,TO,MO
phylogeny_ms_exp1_n_300_18.phy,-1,TO,TO,MO
phylogeny_ms_exp1_n_300_19.phy,64,44.95,24.7,MO
phylogeny_ms_exp1_n_300_1.phy,-1,TO,TO,MO
phylogeny_ms_exp1_n_300_2.phy,-1,TO,TO,MO
phylogeny_ms_exp1_n_300_3.phy,-1,TO,TO,MO
phylogeny_ms_exp1_n_300_4.phy,84,TO,2208.98,MO
phylogeny_ms_exp1_n_300_5.phy,-1,TO,TO,MO
phylogeny_ms_exp1_n_300_6.phy,78,403.67,40.47,MO
phylogeny_ms_exp1_n_300_7.phy,45,TO,3411.11,MO
phylogeny_ms_exp1_n_300_8.phy,144,TO,TO,1381.1
phylogeny_ms_exp1_n_300_9.phy,-1,TO,TO,MO
phylogeny_ms_exp1_n_320_0.phy,-1,TO,TO,MO
phylogeny_ms_exp1_n_320_10.phy,-1,TO,TO,MO
phylogeny_ms_exp1_n_320_11.phy,-1,TO,TO,MO
phylogeny_ms_exp1_n_320_12.phy,26,TO,3325.67,MO
phylogeny_ms_exp1_n_320_13.phy,68,TO,1167.97,MO
phylogeny_ms_exp1_n_320_14.phy,-1,TO,TO,MO
phylogeny_ms_exp1_n_320_15.phy,-1,TO,TO,MO
phylogeny_ms_exp1_n_320_16.phy,-1,TO,TO,MO
phylogeny_ms_exp1_n_320_17.phy,-1,TO,TO,MO
phylogeny_ms_exp1_n_320_18.phy,-1,TO,TO,MO
phylogeny_ms_exp1_n_320_19.phy,-1,TO,TO,MO
phylogeny_ms_exp1_n_320_1.phy,-1,TO,TO,MO
phylogeny_ms_exp1_n_320_2.phy,-1,TO,TO,MO
phylogeny_ms_exp1_n_320_3.phy,-1,TO,TO,MO
phylogeny_ms_exp1_n_320_4.phy,-1,TO,TO,MO
phylogeny_ms_exp1_n_320_5.phy,77,TO,663.08,MO
phylogeny_ms_exp1_n_320_6.phy,-1,TO,TO,MO
phylogeny_ms_exp1_n_320_7.phy,87,TO,1381.37,MO
phylogeny_ms_exp1_n_320_8.phy,-1,TO,TO,MO
phylogeny_ms_exp1_n_320_9.phy,-1,TO,TO,MO
phylogeny_ms_exp1_n_340_0.phy,48,40.15,26.52,MO
phylogeny_ms_exp1_n_340_10.phy,-1,TO,TO,MO
phylogeny_ms_exp1_n_340_11.phy,-1,TO,TO,MO
phylogeny_ms_exp1_n_340_12.phy,-1,TO,TO,MO
phylogeny_ms_exp1_n_340_13.phy,-1,TO,TO,MO
phylogeny_ms_exp1_n_340_14.phy,79,TO,2502.66,MO
phylogeny_ms_exp1_n_340_15.phy,-1,TO,TO,MO
phylogeny_ms_exp1_n_340_16.phy,-1,TO,TO,MO
phylogeny_ms_exp1_n_340_17.phy,27,TO,675.3,MO
phylogeny_ms_exp1_n_340_18.phy,-1,TO,TO,MO
phylogeny_ms_exp1_n_340_19.phy,-1,TO,TO,MO
phylogeny_ms_exp1_n_340_1.phy,-1,TO,TO,MO
phylogeny_ms_exp1_n_340_2.phy,-1,TO,TO,MO
phylogeny_ms_exp1_n_340_3.phy,-1,TO,TO,MO
phylogeny_ms_exp1_n_340_4.phy,84,TO,667.8,MO
phylogeny_ms_exp1_n_340_5.phy,-1,TO,TO,MO
phylogeny_ms_exp1_n_340_6.phy,-1,TO,TO,MO
phylogeny_ms_exp1_n_340_7.phy,-1,TO,TO,MO
phylogeny_ms_exp1_n_340_8.phy,-1,TO,TO,TO
phylogeny_ms_exp1_n_340_9.phy,-1,TO,TO,MO
phylogeny_ms_exp1_n_360_0.phy,-1,TO,TO,MO
phylogeny_ms_exp1_n_360_10.phy,-1,TO,TO,MO
phylogeny_ms_exp1_n_360_11.phy,-1,TO,TO,MO
phylogeny_ms_exp1_n_360_12.phy,-1,TO,TO,MO
phylogeny_ms_exp1_n_360_13.phy,-1,TO,TO,MO
phylogeny_ms_exp1_n_360_14.phy,-1,TO,TO,MO
phylogeny_ms_exp1_n_360_15.phy,59,366.51,167.69,MO
phylogeny_ms_exp1_n_360_16.phy,-1,TO,TO,MO
phylogeny_ms_exp1_n_360_17.phy,-1,TO,TO,MO
phylogeny_ms_exp1_n_360_18.phy,-1,TO,TO,MO
phylogeny_ms_exp1_n_360_19.phy,-1,TO,TO,MO
phylogeny_ms_exp1_n_360_1.phy,-1,TO,TO,MO
phylogeny_ms_exp1_n_360_2.phy,-1,TO,TO,MO
phylogeny_ms_exp1_n_360_3.phy,78,TO,2201.21,MO
phylogeny_ms_exp1_n_360_4.phy,110,TO,2215.33,MO
phylogeny_ms_exp1_n_360_5.phy,-1,TO,TO,MO
phylogeny_ms_exp1_n_360_6.phy,66,TO,554.88,MO
phylogeny_ms_exp1_n_360_7.phy,-1,TO,TO,MO
phylogeny_ms_exp1_n_360_8.phy,-1,TO,TO,MO
phylogeny_ms_exp1_n_360_9.phy,-1,TO,TO,MO
phylogeny_ms_exp1_n_380_0.phy,49,TO,451.51,MO
phylogeny_ms_exp1_n_380_10.phy,-1,TO,TO,MO
phylogeny_ms_exp1_n_380_11.phy,-1,TO,TO,MO
phylogeny_ms_exp1_n_380_12.phy,122,TO,1653.11,MO
phylogeny_ms_exp1_n_380_13.phy,-1,TO,TO,RTE
phylogeny_ms_exp1_n_380_14.phy,-1,TO,TO,MO
phylogeny_ms_exp1_n_380_15.phy,-1,TO,TO,MO
phylogeny_ms_exp1_n_380_16.phy,-1,TO,TO,MO
phylogeny_ms_exp1_n_380_17.phy,41,TO,3007.6800000000003,MO
phylogeny_ms_exp1_n_380_18.phy,-1,TO,TO,MO
phylogeny_ms_exp1_n_380_19.phy,-1,TO,TO,MO
phylogeny_ms_exp1_n_380_1.phy,-1,TO,TO,MO
phylogeny_ms_exp1_n_380_2.phy,-1,TO,TO,MO
phylogeny_ms_exp1_n_380_3.phy,-1,TO,TO,MO
phylogeny_ms_exp1_n_380_4.phy,-1,TO,TO,MO
phylogeny_ms_exp1_n_380_5.phy,-1,TO,TO,MO
phylogeny_ms_exp1_n_380_6.phy,-1,TO,TO,MO
phylogeny_ms_exp1_n_380_7.phy,142,892.39,101.7,MO
phylogeny_ms_exp1_n_380_8.phy,-1,TO,TO,MO
phylogeny_ms_exp1_n_380_9.phy,-1,TO,TO,MO
phylogeny_ms_exp1_n_400_0.phy,-1,TO,TO,MO
phylogeny_ms_exp1_n_400_10.phy,-1,TO,TO,MO
phylogeny_ms_exp1_n_400_11.phy,71,TO,766.48,MO
phylogeny_ms_exp1_n_400_12.phy,69,852.87,330.11,MO
phylogeny_ms_exp1_n_400_13.phy,-1,TO,TO,MO
phylogeny_ms_exp1_n_400_14.phy,-1,TO,TO,MO
phylogeny_ms_exp1_n_400_15.phy,-1,TO,TO,MO
phylogeny_ms_exp1_n_400_16.phy,-1,TO,TO,MO
phylogeny_ms_exp1_n_400_17.phy,-1,TO,TO,MO
phylogeny_ms_exp1_n_400_18.phy,-1,TO,TO,MO
phylogeny_ms_exp1_n_400_19.phy,-1,TO,TO,MO
phylogeny_ms_exp1_n_400_1.phy,-1,TO,TO,MO
phylogeny_ms_exp1_n_400_2.phy,-1,TO,TO,MO
phylogeny_ms_exp1_n_400_3.phy,19,1553.02,226.9,MO
phylogeny_ms_exp1_n_400_4.phy,102,TO,2423.24,MO
phylogeny_ms_exp1_n_400_5.phy,70,TO,733.96,MO
phylogeny_ms_exp1_n_400_6.phy,-1,TO,TO,MO
phylogeny_ms_exp1_n_400_7.phy,-1,TO,TO,MO
phylogeny_ms_exp1_n_400_8.phy,-1,TO,TO,MO
phylogeny_ms_exp1_n_400_9.phy,-1,TO,TO,MO
phylogeny_ms_exp1_n_40_0.phy,2,2.61,0.26,40.89
phylogeny_ms_exp1_n_40_10.phy,2,0.1,0.07,2.45
phylogeny_ms_exp1_n_40_11.phy,0,0.04,0.02,583.9
phylogeny_ms_exp1_n_40_12.phy,5,1.78,0.18,TO
phylogeny_ms_exp1_n_40_13.phy,2,0.07,0.05,TO
phylogeny_ms_exp1_n_40_14.phy,11,1.05,0.19,1599.65
phylogeny_ms_exp1_n_40_15.phy,5,0.2,0.11,TO
phylogeny_ms_exp1_n_40_16.phy,0,0.17,0.09,1.47
phylogeny_ms_exp1_n_40_17.phy,0,0.35,0.09,TO
phylogeny_ms_exp1_n_40_18.phy,0,0.07,0.04,1929.39
phylogeny_ms_exp1_n_40_19.phy,1,0.07,0.04,TO
phylogeny_ms_exp1_n_40_1.phy,5,0.23,0.12,TO
phylogeny_ms_exp1_n_40_2.phy,0,0.04,0.04,TO
phylogeny_ms_exp1_n_40_3.phy,0,0.07,0.04,TO
phylogeny_ms_exp1_n_40_4.phy,0,0.06,0.02,TO
phylogeny_ms_exp1_n_40_5.phy,2,0.07,0.05,780.72
phylogeny_ms_exp1_n_40_6.phy,3,0.06,0.07,TO
phylogeny_ms_exp1_n_40_7.phy,0,0.14,0.1,348.33
phylogeny_ms_exp1_n_40_8.phy,5,1.43,0.25,5.390000000000001
phylogeny_ms_exp1_n_40_9.phy,7,0.1,0.08,TO
phylogeny_ms_exp1_n_60_0.phy,2,2.84,0.27,7.96
phylogeny_ms_exp1_n_60_10.phy,4,0.26,0.16,TO
phylogeny_ms_exp1_n_60_11.phy,2,0.57,0.17,70.56
phylogeny_ms_exp1_n_60_12.phy,2,2.26,0.31,TO
phylogeny_ms_exp1_n_60_13.phy,0,0.23,0.13,2020.22
phylogeny_ms_exp1_n_60_14.phy,11,50.46,2.89,1002.0600000000001
phylogeny_ms_exp1_n_60_15.phy,5,3.59,0.31,TO
phylogeny_ms_exp1_n_60_16.phy,6,7.25,0.61,37.84
phylogeny_ms_exp1_n_60_17.phy,3,0.67,0.19,TO
phylogeny_ms_exp1_n_60_18.phy,0,0.16,0.11,TO
phylogeny_ms_exp1_n_60_19.phy,9,57.09,3.06,TO
phylogeny_ms_exp1_n_60_1.phy,6,0.36,0.2,5.28
phylogeny_ms_exp1_n_60_2.phy,16,3.82,0.5,TO
phylogeny_ms_exp1_n_60_3.phy,17,0.54,0.2,8.3
phylogeny_ms_exp1_n_60_4.phy,9,0.34,0.18,539.73
phylogeny_ms_exp1_n_60_5.phy,7,27.66,1.97,TO
phylogeny_ms_exp1_n_60_6.phy,5,0.47,0.2,2.03
phylogeny_ms_exp1_n_60_7.phy,13,7.96,1.0,1076.63
phylogeny_ms_exp1_n_60_8.phy,10,0.35,0.19,TO
phylogeny_ms_exp1_n_60_9.phy,20,66.26,3.95,578.49
phylogeny_ms_exp1_n_80_0.phy,7,6.32,0.45,143.02
phylogeny_ms_exp1_n_80_10.phy,14,38.5,2.57,1372.79
phylogeny_ms_exp1_n_80_11.phy,27,TO,89.17,2782.6
phylogeny_ms_exp1_n_80_12.phy,1,0.32,0.22,465.0
phylogeny_ms_exp1_n_80_13.phy,26,125.27,6.23,327.81
phylogeny_ms_exp1_n_80_14.phy,14,TO,45.57,727.94
phylogeny_ms_exp1_n_80_15.phy,20,43.54,1.87,45.28
phylogeny_ms_exp1_n_80_16.phy,36,TO,352.7,TO
phylogeny_ms_exp1_n_80_17.phy,14,0.39,0.26,TO
phylogeny_ms_exp1_n_80_18.phy,16,193.63,4.5,TO
phylogeny_ms_exp1_n_80_19.phy,18,206.76,9.2,41.21
phylogeny_ms_exp1_n_80_1.phy,2,0.24,0.16,21.85
phylogeny_ms_exp1_n_80_2.phy,0,0.15,0.16,234.98
phylogeny_ms_exp1_n_80_3.phy,31,TO,52.82,TO
phylogeny_ms_exp1_n_80_4.phy,10,0.31,0.3,238.71
phylogeny_ms_exp1_n_80_5.phy,14,6.13,0.72,76.62
phylogeny_ms_exp1_n_80_6.phy,6,9.16,1.29,271.5
phylogeny_ms_exp1_n_80_7.phy,19,140.35,6.43,29.12
phylogeny_ms_exp1_n_80_8.phy,-1,TO,TO,TO
phylogeny_ms_exp1_n_80_9.phy,11,6.35,1.65,TO
phylogeny_ms_exp1_r_0.000000_0.phy,0,TO,693.7199999999999,MO
phylogeny_ms_exp1_r_0.000000_10.phy,0,7.58,4.38,MO
phylogeny_ms_exp1_r_0.000000_11.phy,0,50.62,20.64,TO
phylogeny_ms_exp1_r_0.000000_12.phy,0,11.9,12.83,MO
phylogeny_ms_exp1_r_0.000000_13.phy,0,10.74,9.77,MO
phylogeny_ms_exp1_r_0.000000_14.phy,0,902.94,122.12,MO
phylogeny_ms_exp1_r_0.000000_15.phy,0,4.35,3.33,MO
phylogeny_ms_exp1_r_0.000000_16.phy,0,497.06,111.76,MO
phylogeny_ms_exp1_r_0.000000_17.phy,0,3.58,1.86,MO
phylogeny_ms_exp1_r_0.000000_18.phy,0,4.76,2.62,TO
phylogeny_ms_exp1_r_0.000000_19.phy,0,1.34,1.77,MO
phylogeny_ms_exp1_r_0.000000_1.phy,0,6.66,4.87,MO
phylogeny_ms_exp1_r_0.000000_2.phy,0,14.86,10.15,MO
phylogeny_ms_exp1_r_0.000000_3.phy,0,210.08,57.29,MO
phylogeny_ms_exp1_r_0.000000_4.phy,0,4.04,2.87,MO
phylogeny_ms_exp1_r_0.000000_5.phy,0,5.83,3.4,MO
phylogeny_ms_exp1_r_0.000000_6.phy,0,489.37,93.68,MO
phylogeny_ms_exp1_r_0.000000_7.phy,0,803.38,100.39,MO
phylogeny_ms_exp1_r_0.000000_8.phy,0,255.68,55.49,MO
phylogeny_ms_exp1_r_0.000000_9.phy,0,51.06,75.43,MO
phylogeny_ms_exp1_r_0.200000_0.phy,0,377.75,146.82,MO
phylogeny_ms_exp1_r_0.200000_10.phy,0,166.96,15.4,MO
phylogeny_ms_exp1_r_0.200000_11.phy,26,TO,125.39,TO
phylogeny_ms_exp1_r_0.200000_12.phy,1,224.02,64.2,MO
phylogeny_ms_exp1_r_0.200000_13.phy,0,3.21,1.59,MO
phylogeny_ms_exp1_r_0.200000_14.phy,0,5.17,2.8,MO
phylogeny_ms_exp1_r_0.200000_15.phy,10,7.7,5.08,TO
phylogeny_ms_exp1_r_0.200000_16.phy,0,11.37,5.2,MO
phylogeny_ms_exp1_r_0.200000_17.phy,0,1443.39,249.87,MO
phylogeny_ms_exp1_r_0.200000_18.phy,0,26.83,13.8,TO
phylogeny_ms_exp1_r_0.200000_19.phy,5,70.21,53.08,TO
phylogeny_ms_exp1_r_0.200000_1.phy,15,48.66,18.49,225.41
phylogeny_ms_exp1_r_0.200000_2.phy,0,870.65,225.37,MO
phylogeny_ms_exp1_r_0.200000_3.phy,25,76.82,19.42,TO
phylogeny_ms_exp1_r_0.200000_4.phy,0,1642.56,267.39,MO
phylogeny_ms_exp1_r_0.200000_5.phy,7,TO,216.27,TO
phylogeny_ms_exp1_r_0.200000_6.phy,0,3.49,1.61,TO
phylogeny_ms_exp1_r_0.200000_7.phy,0,3.5,1.75,TO
phylogeny_ms_exp1_r_0.200000_8.phy,0,16.01,18.19,TO
phylogeny_ms_exp1_r_0.200000_9.phy,0,5.56,3.41,MO
phylogeny_ms_exp1_r_0.400000_0.phy,1,429.24,46.77,TO
phylogeny_ms_exp1_r_0.400000_10.phy,9,506.11,80.46,TO
phylogeny_ms_exp1_r_0.400000_11.phy,0,19.1,16.28,TO
phylogeny_ms_exp1_r_0.400000_12.phy,12,TO,821.7,MO
phylogeny_ms_exp1_r_0.400000_13.phy,0,21.87,5.98,TO
phylogeny_ms_exp1_r_0.400000_14.phy,0,16.34,13.16,MO
phylogeny_ms_exp1_r_0.400000_15.phy,1,2250.7799999999997,303.27,MO
phylogeny_ms_exp1_r_0.400000_16.phy,23,30.86,8.12,MO
phylogeny_ms_exp1_r_0.400000_17.phy,0,4.4,2.16,MO
phylogeny_ms_exp1_r_0.400000_18.phy,17,TO,398.04,TO
phylogeny_ms_exp1_r_0.400000_19.phy,0,6.36,3.65,MO
phylogeny_ms_exp1_r_0.400000_1.phy,60,822.16,56.36,TO
phylogeny_ms_exp1_r_0.400000_2.phy,0,86.18,28.69,TO
phylogeny_ms_exp1_r_0.400000_3.phy,0,92.74,25.94,TO
phylogeny_ms_exp1_r_0.400000_4.phy,0,4.6,3.04,TO
phylogeny_ms_exp1_r_0.400000_5.phy,0,12.93,13.92,TO
phylogeny_ms_exp1_r_0.400000_6.phy,0,3.4,1.69,TO
phylogeny_ms_exp1_r_0.400000_7.phy,3,273.08,87.97,MO
phylogeny_ms_exp1_r_0.400000_8.phy,0,29.62,23.38,TO
phylogeny_ms_exp1_r_0.400000_9.phy,0,3.6,2.33,MO
phylogeny_ms_exp1_r_0.600000_0.phy,5,2627.01,500.98,MO
phylogeny_ms_exp1_r_0.600000_10.phy,28,TO,2900.18,TO
phylogeny_ms_exp1_r_0.600000_11.phy,16,3.84,2.32,TO
phylogeny_ms_exp1_r_0.600000_12.phy,50,170.09,23.99,207.54
phylogeny_ms_exp1_r_0.600000_13.phy,-1,TO,TO,TO
phylogeny_ms_exp1_r_0.600000_14.phy,9,TO,240.31,MO
phylogeny_ms_exp1_r_0.600000_15.phy,0,3.08,1.65,2724.2
phylogeny_ms_exp1_r_0.600000_16.phy,62,TO,1473.97,MO
phylogeny_ms_exp1_r_0.600000_17.phy,14,5.77,3.7,TO
phylogeny_ms_exp1_r_0.600000_18.phy,6,5.91,2.8,MO
phylogeny_ms_exp1_r_0.600000_19.phy,26,TO,1543.22,MO
phylogeny_ms_exp1_r_0.600000_1.phy,6,TO,369.27,MO
phylogeny_ms_exp1_r_0.600000_2.phy,26,22.98,9.57,MO
phylogeny_ms_exp1_r_0.600000_3.phy,-1,TO,TO,MO
phylogeny_ms_exp1_r_0.600000_4.phy,22,12.43,7.27,MO
phylogeny_ms_exp1_r_0.600000_5.phy,1,3.51,1.84,TO
phylogeny_ms_exp1_r_0.600000_6.phy,0,4.84,2.95,MO
phylogeny_ms_exp1_r_0.600000_7.phy,3,114.97,54.72,TO
phylogeny_ms_exp1_r_0.600000_8.phy,0,9.86,4.74,MO
phylogeny_ms_exp1_r_0.600000_9.phy,58,TO,1798.92,MO
phylogeny_ms_exp1_r_0.800000_0.phy,47,TO,390.35,TO
phylogeny_ms_exp1_r_0.800000_10.phy,0,4.73,2.44,RTE
phylogeny_ms_exp1_r_0.800000_11.phy,13,TO,347.42,TO
phylogeny_ms_exp1_r_0.800000_12.phy,46,56.18,17.06,TO
phylogeny_ms_exp1_r_0.800000_13.phy,60,201.92,50.13,TO
phylogeny_ms_exp1_r_0.800000_14.phy,47,TO,463.86,1933.45
phylogeny_ms_exp1_r_0.800000_15.phy,59,TO,118.67,TO
phylogeny_ms_exp1_r_0.800000_16.phy,48,260.35,44.18,TO
phylogeny_ms_exp1_r_0.800000_17.phy,54,TO,871.13,TO
phylogeny_ms_exp1_r_0.800000_18.phy,-1,TO,TO,MO
phylogeny_ms_exp1_r_0.800000_19.phy,20,7.56,3.85,420.72
phylogeny_ms_exp1_r_0.800000_1.phy,0,17.03,10.56,TO
phylogeny_ms_exp1_r_0.800000_2.phy,0,10.19,4.71,MO
phylogeny_ms_exp1_r_0.800000_3.phy,46,TO,268.85,MO
phylogeny_ms_exp1_r_0.800000_4.phy,6,175.04,50.88,MO
phylogeny_ms_exp1_r_0.800000_5.phy,23,72.32,20.98,MO
phylogeny_ms_exp1_r_0.800000_6.phy,19,234.53,48.98,TO
phylogeny_ms_exp1_r_0.800000_7.phy,71,11.27,4.77,TO
phylogeny_ms_exp1_r_0.800000_8.phy,38,TO,244.65,TO
phylogeny_ms_exp1_r_0.800000_9.phy,49,TO,171.88,TO
phylogeny_ms_exp1_r_1.000000_0.phy,4,3.76,2.38,TO
phylogeny_ms_exp1_r_1.000000_10.phy,69,TO,314.02,TO
phylogeny_ms_exp1_r_1.000000_11.phy,31,5.86,3.59,MO
phylogeny_ms_exp1_r_1.000000_12.phy,27,42.08,44.38,TO
phylogeny_ms_exp1_r_1.000000_13.phy,60,TO,231.73000000000002,TO
phylogeny_ms_exp1_r_1.000000_14.phy,-1,TO,TO,MO
phylogeny_ms_exp1_r_1.000000_15.phy,30,3.49,1.75,TO
phylogeny_ms_exp1_r_1.000000_16.phy,0,51.25,9.3,TO
phylogeny_ms_exp1_r_1.000000_17.phy,25,1517.37,183.45000000000002,TO
phylogeny_ms_exp1_r_1.000000_18.phy,26,569.57,17.67,MO
phylogeny_ms_exp1_r_1.000000_19.phy,-1,TO,TO,TO
phylogeny_ms_exp1_r_1.000000_1.phy,29,3214.77,112.94,TO
phylogeny_ms_exp1_r_1.000000_2.phy,-1,TO,TO,MO
phylogeny_ms_exp1_r_1.000000_3.phy,54,TO,752.0,TO
phylogeny_ms_exp1_r_1.000000_4.phy,21,490.88,54.27,MO
phylogeny_ms_exp1_r_1.000000_5.phy,11,5.75,9.17,TO
phylogeny_ms_exp1_r_1.000000_6.phy,0,4.54,2.37,TO
phylogeny_ms_exp1_r_1.000000_7.phy,2,TO,1888.84,MO
phylogeny_ms_exp1_r_1.000000_8.phy,5,20.45,13.11,TO
phylogeny_ms_exp1_r_1.000000_9.phy,-1,TO,TO,TO
phylogeny_ms_exp1_r_1.200000_0.phy,42,TO,1076.63,TO
phylogeny_ms_exp1_r_1.200000_10.phy,7,12.58,11.25,1341.14
phylogeny_ms_exp1_r_1.200000_11.phy,-1,TO,TO,TO
phylogeny_ms_exp1_r_1.200000_12.phy,8,41.78,21.13,1287.47
phylogeny_ms_exp1_r_1.200000_13.phy,0,147.17,47.34,TO
phylogeny_ms_exp1_r_1.200000_14.phy,47,495.73,16.47,522.24
phylogeny_ms_exp1_r_1.200000_15.phy,35,TO,244.3,TO
phylogeny_ms_exp1_r_1.200000_16.phy,69,TO,821.46,MO
phylogeny_ms_exp1_r_1.200000_17.phy,-1,TO,TO,MO
phylogeny_ms_exp1_r_1.200000_18.phy,25,TO,526.84,TO
phylogeny_ms_exp1_r_1.200000_19.phy,26,12.26,5.52,1863.54
phylogeny_ms_exp1_r_1.200000_1.phy,24,15.18,5.21,MO
phylogeny_ms_exp1_r_1.200000_2.phy,66,TO,430.24,MO
phylogeny_ms_exp1_r_1.200000_3.phy,0,3.9,2.49,MO
phylogeny_ms_exp1_r_1.200000_4.phy,-1,TO,TO,MO
phylogeny_ms_exp1_r_1.200000_5.phy,48,TO,421.29,TO
phylogeny_ms_exp1_r_1.200000_6.phy,-1,TO,TO,MO
phylogeny_ms_exp1_r_1.200000_7.phy,22,TO,532.44,TO
phylogeny_ms_exp1_r_1.200000_8.phy,31,4.77,2.24,MO
phylogeny_ms_exp1_r_1.200000_9.phy,19,6.35,4.01,MO
phylogeny_ms_exp1_r_1.400000_0.phy,47,TO,213.48999999999998,TO
phylogeny_ms_exp1_r_1.400000_10.phy,-1,TO,TO,TO
phylogeny_ms_exp1_r_1.400000_11.phy,-1,TO,TO,MO
phylogeny_ms_exp1_r_1.400000_12.phy,20,307.43,43.43,134.49
phylogeny_ms_exp1_r_1.400000_13.phy,67,TO,102.69,TO
phylogeny_ms_exp1_r_1.400000_14.phy,6,797.08,116.73,TO
phylogeny_ms_exp1_r_1.400000_15.phy,8,44.77,16.2,MO
phylogeny_ms_exp1_r_1.400000_16.phy,7,109.27,62.08,2448.03
phylogeny_ms_exp1_r_1.400000_17.phy,20,1432.48,101.21,MO
phylogeny_ms_exp1_r_1.400000_18.phy,16,34.2,11.12,TO
phylogeny_ms_exp1_r_1.400000_19.phy,16,124.4,42.58,MO
phylogeny_ms_exp1_r_1.400000_1.phy,3,5.49,2.97,MO
phylogeny_ms_exp1_r_1.400000_2.phy,17,TO,714.96,TO
phylogeny_ms_exp1_r_1.400000_3.phy,-1,TO,TO,MO
phylogeny_ms_exp1_r_1.400000_4.phy,26,TO,133.25,1841.15
phylogeny_ms_exp1_r_1.400000_5.phy,10,6.37,2.5,MO
phylogeny_ms_exp1_r_1.400000_6.phy,-1,TO,TO,MO
phylogeny_ms_exp1_r_1.400000_7.phy,48,2114.14,100.16,TO
phylogeny_ms_exp1_r_1.400000_8.phy,0,4.81,3.26,TO
phylogeny_ms_exp1_r_1.400000_9.phy,-1,TO,TO,TO
phylogeny_ms_exp1_r_1.600000_0.phy,15,TO,1508.3,TO
phylogeny_ms_exp1_r_1.600000_10.phy,-1,TO,TO,MO
phylogeny_ms_exp1_r_1.600000_11.phy,-1,TO,TO,MO
phylogeny_ms_exp1_r_1.600000_12.phy,87,TO,2979.17,MO
phylogeny_ms_exp1_r_1.600000_13.phy,-1,TO,TO,TO
phylogeny_ms_exp1_r_1.600000_14.phy,-1,TO,TO,MO
phylogeny_ms_exp1_r_1.600000_15.phy,15,10.53,4.31,297.5
phylogeny_ms_exp1_r_1.600000_16.phy,-1,TO,TO,TO
phylogeny_ms_exp1_r_1.600000_17.phy,35,TO,312.62,TO
phylogeny_ms_exp1_r_1.600000_18.phy,-1,TO,TO,TO
phylogeny_ms_exp1_r_1.600000_19.phy,34,TO,294.58,386.34
phylogeny_ms_exp1_r_1.600000_1.phy,28,44.18,18.76,MO
phylogeny_ms_exp1_r_1.600000_2.phy,87,TO,701.01,612.39
phylogeny_ms_exp1_r_1.600000_3.phy,-1,TO,TO,MO
phylogeny_ms_exp1_r_1.600000_4.phy,-1,TO,TO,MO
phylogeny_ms_exp1_r_1.600000_5.phy,42,TO,374.6,TO
phylogeny_ms_exp1_r_1.600000_6.phy,32,TO,1482.84,TO
phylogeny_ms_exp1_r_1.600000_7.phy,57,TO,989.61,1068.41
phylogeny_ms_exp1_r_1.600000_8.phy,43,TO,2153.52,TO
phylogeny_ms_exp1_r_1.600000_9.phy,46,848.33,105.76,TO
phylogeny_ms_exp1_r_1.800000_0.phy,-1,TO,TO,TO
phylogeny_ms_exp1_r_1.800000_10.phy,-1,TO,TO,MO
phylogeny_ms_exp1_r_1.800000_11.phy,55,TO,2632.03,2082.11
phylogeny_ms_exp1_r_1.800000_12.phy,41,TO,108.02,590.6
phylogeny_ms_exp1_r_1.800000_13.phy,60,TO,1935.34,MO
phylogeny_ms_exp1_r_1.800000_14.phy,-1,TO,TO,MO
phylogeny_ms_exp1_r_1.800000_15.phy,-1,TO,TO,TO
phylogeny_ms_exp1_r_1.800000_16.phy,-1,TO,TO,MO
phylogeny_ms_exp1_r_1.800000_17.phy,73,TO,442.34000000000003,TO
phylogeny_ms_exp1_r_1.800000_18.phy,61,484.89,26.56,TO
phylogeny_ms_exp1_r_1.800000_19.phy,85,1246.26,73.11,MO
phylogeny_ms_exp1_r_1.800000_1.phy,-1,TO,TO,TO
phylogeny_ms_exp1_r_1.800000_2.phy,44,TO,2576.02,TO
phylogeny_ms_exp1_r_1.800000_3.phy,36,TO,240.02,TO
phylogeny_ms_exp1_r_1.800000_4.phy,66,TO,1350.79,TO
phylogeny_ms_exp1_r_1.800000_5.phy,-1,TO,TO,TO
phylogeny_ms_exp1_r_1.800000_6.phy,-1,TO,TO,MO
phylogeny_ms_exp1_r_1.800000_7.phy,12,231.56,68.4,TO
phylogeny_ms_exp1_r_1.800000_8.phy,68,351.92,34.93,TO
phylogeny_ms_exp1_r_1.800000_9.phy,18,106.81,39.96,TO
phylogeny_ms_exp1_r_2.000000_0.phy,16,TO,699.33,MO
phylogeny_ms_exp1_r_2.000000_10.phy,91,TO,3131.81,MO
phylogeny_ms_exp1_r_2.000000_11.phy,32,TO,195.5,MO
phylogeny_ms_exp1_r_2.000000_12.phy,-1,TO,TO,MO
phylogeny_ms_exp1_r_2.000000_13.phy,-1,TO,TO,MO
phylogeny_ms_exp1_r_2.000000_14.phy,-1,TO,TO,MO
phylogeny_ms_exp1_r_2.000000_15.phy,-1,TO,TO,TO
phylogeny_ms_exp1_r_2.000000_16.phy,-1,TO,TO,TO
phylogeny_ms_exp1_r_2.000000_17.phy,68,TO,631.79,TO
phylogeny_ms_exp1_r_2.000000_18.phy,-1,TO,TO,MO
phylogeny_ms_exp1_r_2.000000_19.phy,44,TO,209.4,TO
phylogeny_ms_exp1_r_2.000000_1.phy,69,TO,1168.31,TO
phylogeny_ms_exp1_r_2.000000_2.phy,31,TO,117.98,TO
phylogeny_ms_exp1_r_2.000000_3.phy,-1,TO,TO,MO
phylogeny_ms_exp1_r_2.000000_4.phy,-1,TO,TO,TO
phylogeny_ms_exp1_r_2.000000_5.phy,-1,TO,TO,MO
phylogeny_ms_exp1_r_2.000000_6.phy,66,TO,298.73,MO
phylogeny_ms_exp1_r_2.000000_7.phy,-1,TO,TO,MO
phylogeny_ms_exp1_r_2.000000_8.phy,-1,TO,TO,TO
phylogeny_ms_exp1_r_2.000000_9.phy,34,1503.84,89.85,TO
phylogeny_ms_exp1_r_2.200000_0.phy,50,TO,2360.86,TO
phylogeny_ms_exp1_r_2.200000_10.phy,-1,TO,TO,TO
phylogeny_ms_exp1_r_2.200000_11.phy,65,TO,803.58,TO
phylogeny_ms_exp1_r_2.200000_12.phy,-1,TO,TO,TO
phylogeny_ms_exp1_r_2.200000_13.phy,38,TO,642.47,TO
phylogeny_ms_exp1_r_2.200000_14.phy,-1,TO,TO,MO
phylogeny_ms_exp1_r_2.200000_15.phy,97,TO,890.69,2029.11
phylogeny_ms_exp1_r_2.200000_16.phy,-1,TO,TO,MO
phylogeny_ms_exp1_r_2.200000_17.phy,68,TO,67.17,TO
phylogeny_ms_exp1_r_2.200000_18.phy,90,TO,TO,3493.12
phylogeny_ms_exp1_r_2.200000_19.phy,16,TO,1112.51,MO
phylogeny_ms_exp1_r_2.200000_1.phy,-1,TO,TO,TO
phylogeny_ms_exp1_r_2.200000_2.phy,-1,TO,TO,TO
phylogeny_ms_exp1_r_2.200000_3.phy,-1,TO,TO,MO
phylogeny_ms_exp1_r_2.200000_4.phy,78,TO,788.5,MO
phylogeny_ms_exp1_r_2.200000_5.phy,-1,TO,TO,TO
phylogeny_ms_exp1_r_2.200000_6.phy,-1,TO,TO,TO
phylogeny_ms_exp1_r_2.200000_7.phy,-1,TO,TO,MO
phylogeny_ms_exp1_r_2.200000_8.phy,-1,TO,TO,MO
phylogeny_ms_exp1_r_2.200000_9.phy,9,92.23,36.06,MO
phylogeny_ms_exp1_r_2.400000_0.phy,-1,TO,TO,MO
phylogeny_ms_exp1_r_2.400000_10.phy,-1,TO,TO,TO
phylogeny_ms_exp1_r_2.400000_11.phy,-1,TO,TO,MO
phylogeny_ms_exp1_r_2.400000_12.phy,-1,TO,TO,TO
phylogeny_ms_exp1_r_2.400000_13.phy,47,718.37,28.62,TO
phylogeny_ms_exp1_r_2.400000_14.phy,62,1819.35,66.18,TO
phylogeny_ms_exp1_r_2.400000_15.phy,-1,TO,TO,TO
phylogeny_ms_exp1_r_2.400000_16.phy,106,TO,708.11,TO
phylogeny_ms_exp1_r_2.400000_17.phy,-1,TO,TO,MO
phylogeny_ms_exp1_r_2.400000_18.phy,-1,TO,TO,MO
phylogeny_ms_exp1_r_2.400000_19.phy,-1,TO,TO,MO
phylogeny_ms_exp1_r_2.400000_1.phy,69,TO,2459.44,TO
phylogeny_ms_exp1_r_2.400000_2.phy,66,TO,1429.26,TO
phylogeny_ms_exp1_r_2.400000_3.phy,-1,TO,TO,TO
phylogeny_ms_exp1_r_2.400000_4.phy,-1,TO,TO,MO
phylogeny_ms_exp1_r_2.400000_5.phy,-1,TO,TO,MO
phylogeny_ms_exp1_r_2.400000_6.phy,-1,TO,TO,MO
phylogeny_ms_exp1_r_2.400000_7.phy,48,TO,243.47,TO
phylogeny_ms_exp1_r_2.400000_8.phy,51,TO,622.85,TO
phylogeny_ms_exp1_r_2.400000_9.phy,77,TO,248.93,TO
phylogeny_ms_exp1_r_2.600000_0.phy,13,78.72,17.91,MO
phylogeny_ms_exp1_r_2.600000_10.phy,21,TO,1097.35,TO
phylogeny_ms_exp1_r_2.600000_11.phy,-1,TO,TO,MO
phylogeny_ms_exp1_r_2.600000_12.phy,-1,TO,TO,MO
phylogeny_ms_exp1_r_2.600000_13.phy,20,19.88,14.79,TO
phylogeny_ms_exp1_r_2.600000_14.phy,30,61.94,17.38,TO
phylogeny_ms_exp1_r_2.600000_15.phy,-1,TO,TO,MO
phylogeny_ms_exp1_r_2.600000_16.phy,-1,TO,TO,MO
phylogeny_ms_exp1_r_2.600000_17.phy,-1,TO,TO,TO
phylogeny_ms_exp1_r_2.600000_18.phy,77,TO,1074.21,TO
phylogeny_ms_exp1_r_2.600000_19.phy,61,TO,1129.81,TO
phylogeny_ms_exp1_r_2.600000_1.phy,-1,TO,TO,MO
phylogeny_ms_exp1_r_2.600000_2.phy,32,TO,133.89,TO
phylogeny_ms_exp1_r_2.600000_3.phy,-1,TO,TO,MO
phylogeny_ms_exp1_r_2.600000_4.phy,-1,TO,TO,MO
phylogeny_ms_exp1_r_2.600000_5.phy,-1,TO,TO,MO
phylogeny_ms_exp1_r_2.600000_6.phy,-1,TO,TO,MO
phylogeny_ms_exp1_r_2.600000_7.phy,-1,TO,TO,TO
phylogeny_ms_exp1_r_2.600000_8.phy,-1,TO,TO,MO
phylogeny_ms_exp1_r_2.600000_9.phy,74,TO,110.47,1657.49
phylogeny_ms_exp1_r_2.800000_0.phy,-1,TO,TO,TO
phylogeny_ms_exp1_r_2.800000_10.phy,-1,TO,TO,MO
phylogeny_ms_exp1_r_2.800000_11.phy,-1,TO,TO,TO
phylogeny_ms_exp1_r_2.800000_12.phy,-1,TO,TO,MO
phylogeny_ms_exp1_r_2.800000_13.phy,-1,TO,TO,MO
phylogeny_ms_exp1_r_2.800000_14.phy,-1,TO,TO,MO
phylogeny_ms_exp1_r_2.800000_15.phy,-1,TO,TO,MO
phylogeny_ms_exp1_r_2.800000_16.phy,-1,TO,TO,MO
phylogeny_ms_exp1_r_2.800000_17.phy,-1,TO,TO,MO
phylogeny_ms_exp1_r_2.800000_18.phy,-1,TO,TO,MO
phylogeny_ms_exp1_r_2.800000_19.phy,-1,TO,TO,TO
phylogeny_ms_exp1_r_2.800000_1.phy,-1,TO,TO,MO
phylogeny_ms_exp1_r_2.800000_2.phy,65,TO,3402.6899999999996,TO
phylogeny_ms_exp1_r_2.800000_3.phy,-1,TO,TO,MO
phylogeny_ms_exp1_r_2.800000_4.phy,-1,TO,TO,MO
phylogeny_ms_exp1_r_2.800000_5.phy,65,TO,826.57,MO
phylogeny_ms_exp1_r_2.800000_6.phy,-1,TO,TO,MO
phylogeny_ms_exp1_r_2.800000_7.phy,-1,TO,TO,TO
phylogeny_ms_exp1_r_2.800000_8.phy,-1,TO,TO,TO
phylogeny_ms_exp1_r_2.800000_9.phy,-1,TO,TO,TO
phylogeny_ms_exp1_r_3.000000_0.phy,43,371.8,59.24,TO
phylogeny_ms_exp1_r_3.000000_10.phy,-1,TO,TO,MO
phylogeny_ms_exp1_r_3.000000_11.phy,-1,TO,TO,MO
phylogeny_ms_exp1_r_3.000000_12.phy,-1,TO,TO,MO
phylogeny_ms_exp1_r_3.000000_13.phy,-1,TO,TO,MO
phylogeny_ms_exp1_r_3.000000_14.phy,-1,TO,TO,MO
phylogeny_ms_exp1_r_3.000000_15.phy,27,1659.25,111.26,MO
phylogeny_ms_exp1_r_3.000000_16.phy,-1,TO,TO,TO
phylogeny_ms_exp1_r_3.000000_17.phy,21,5.11,3.09,MO
phylogeny_ms_exp1_r_3.000000_18.phy,-1,TO,TO,MO
phylogeny_ms_exp1_r_3.000000_19.phy,-1,TO,TO,MO
phylogeny_ms_exp1_r_3.000000_1.phy,-1,TO,TO,MO
phylogeny_ms_exp1_r_3.000000_2.phy,-1,TO,TO,TO
phylogeny_ms_exp1_r_3.000000_3.phy,53,TO,102.13,2864.91
phylogeny_ms_exp1_r_3.000000_4.phy,-1,TO,TO,MO
phylogeny_ms_exp1_r_3.000000_5.phy,-1,TO,TO,MO
phylogeny_ms_exp1_r_3.000000_6.phy,-1,TO,TO,MO
phylogeny_ms_exp1_r_3.000000_7.phy,61,TO,1080.78,TO
phylogeny_ms_exp1_r_3.000000_8.phy,101,TO,TO,885.79
phylogeny_ms_exp1_r_3.000000_9.phy,-1,TO,TO,MO
phylogeny_ms_exp1_r_3.200000_0.phy,-1,TO,TO,TO
phylogeny_ms_exp1_r_3.200000_10.phy,-1,TO,TO,MO
phylogeny_ms_exp1_r_3.200000_11.phy,-1,TO,TO,MO
phylogeny_ms_exp1_r_3.200000_12.phy,-1,TO,TO,MO
phylogeny_ms_exp1_r_3.200000_13.phy,-1,TO,TO,TO
phylogeny_ms_exp1_r_3.200000_14.phy,-1,TO,TO,MO
phylogeny_ms_exp1_r_3.200000_15.phy,-1,TO,TO,MO
phylogeny_ms_exp1_r_3.200000_16.phy,-1,TO,TO,TO
phylogeny_ms_exp1_r_3.200000_17.phy,-1,TO,TO,MO
phylogeny_ms_exp1_r_3.200000_18.phy,-1,TO,TO,MO
phylogeny_ms_exp1_r_3.200000_19.phy,-1,TO,TO,TO
phylogeny_ms_exp1_r_3.200000_1.phy,-1,TO,TO,MO
phylogeny_ms_exp1_r_3.200000_2.phy,-1,TO,TO,TO
phylogeny_ms_exp1_r_3.200000_3.phy,-1,TO,TO,MO
phylogeny_ms_exp1_r_3.200000_4.phy,-1,TO,TO,MO
phylogeny_ms_exp1_r_3.200000_5.phy,81,TO,208.77,MO
phylogeny_ms_exp1_r_3.200000_6.phy,-1,TO,TO,MO
phylogeny_ms_exp1_r_3.200000_7.phy,-1,TO,TO,TO
phylogeny_ms_exp1_r_3.200000_8.phy,43,TO,155.36,TO
phylogeny_ms_exp1_r_3.200000_9.phy,48,TO,185.28,MO
phylogeny_ms_exp1_r_3.400000_0.phy,-1,TO,TO,MO
phylogeny_ms_exp1_r_3.400000_10.phy,-1,TO,TO,MO
phylogeny_ms_exp1_r_3.400000_11.phy,-1,TO,TO,MO
phylogeny_ms_exp1_r_3.400000_12.phy,-1,TO,TO,TO
phylogeny_ms_exp1_r_3.400000_13.phy,-1,TO,TO,MO
phylogeny_ms_exp1_r_3.400000_14.phy,-1,TO,TO,MO
phylogeny_ms_exp1_r_3.400000_15.phy,62,TO,303.52,TO
phylogeny_ms_exp1_r_3.400000_16.phy,-1,TO,TO,MO
phylogeny_ms_exp1_r_3.400000_17.phy,-1,TO,TO,TO
phylogeny_ms_exp1_r_3.400000_18.phy,-1,TO,TO,MO
phylogeny_ms_exp1_r_3.400000_19.phy,-1,TO,TO,TO
phylogeny_ms_exp1_r_3.400000_1.phy,-1,TO,TO,MO
phylogeny_ms_exp1_r_3.400000_2.phy,-1,TO,TO,MO
phylogeny_ms_exp1_r_3.400000_3.phy,-1,TO,TO,MO
phylogeny_ms_exp1_r_3.400000_4.phy,-1,TO,TO,MO
phylogeny_ms_exp1_r_3.400000_5.phy,-1,TO,TO,MO
phylogeny_ms_exp1_r_3.400000_6.phy,-1,TO,TO,MO
phylogeny_ms_exp1_r_3.400000_7.phy,-1,TO,TO,MO
phylogeny_ms_exp1_r_3.400000_8.phy,54,TO,256.06,TO
phylogeny_ms_exp1_r_3.400000_9.phy,-1,TO,TO,MO
phylogeny_ms_exp1_r_3.600000_0.phy,-1,TO,TO,MO
phylogeny_ms_exp1_r_3.600000_10.phy,84,TO,TO,2403.4
phylogeny_ms_exp1_r_3.600000_11.phy,-1,TO,TO,MO
phylogeny_ms_exp1_r_3.600000_12.phy,-1,TO,TO,TO
phylogeny_ms_exp1_r_3.600000_13.phy,-1,TO,TO,MO
phylogeny_ms_exp1_r_3.600000_14.phy,74,TO,514.67,TO
phylogeny_ms_exp1_r_3.600000_15.phy,-1,TO,TO,MO
phylogeny_ms_exp1_r_3.600000_16.phy,-1,TO,TO,TO
phylogeny_ms_exp1_r_3.600000_17.phy,111,TO,TO,1530.37
phylogeny_ms_exp1_r_3.600000_18.phy,-1,TO,TO,MO
phylogeny_ms_exp1_r_3.600000_19.phy,-1,TO,TO,MO
phylogeny_ms_exp1_r_3.600000_1.phy,-1,TO,TO,MO
phylogeny_ms_exp1_r_3.600000_2.phy,-1,TO,TO,MO
phylogeny_ms_exp1_r_3.600000_3.phy,113,TO,TO,1543.3899999999999
phylogeny_ms_exp1_r_3.600000_4.phy,-1,TO,TO,MO
phylogeny_ms_exp1_r_3.600000_5.phy,-1,TO,TO,MO
phylogeny_ms_exp1_r_3.600000_6.phy,-1,TO,TO,MO
phylogeny_ms_exp1_r_3.600000_7.phy,-1,TO,TO,MO
phylogeny_ms_exp1_r_3.600000_8.phy,-1,TO,TO,TO
phylogeny_ms_exp1_r_3.600000_9.phy,-1,TO,TO,TO
phylogeny_ms_exp1_r_3.800000_0.phy,-1,TO,TO,MO
phylogeny_ms_exp1_r_3.800000_10.phy,-1,TO,TO,MO
phylogeny_ms_exp1_r_3.800000_11.phy,-1,TO,TO,MO
phylogeny_ms_exp1_r_3.800000_12.phy,-1,TO,TO,MO
phylogeny_ms_exp1_r_3.800000_13.phy,-1,TO,TO,MO
phylogeny_ms_exp1_r_3.800000_14.phy,-1,TO,TO,TO
phylogeny_ms_exp1_r_3.800000_15.phy,-1,TO,TO,TO
phylogeny_ms_exp1_r_3.800000_16.phy,-1,TO,TO,TO
phylogeny_ms_exp1_r_3.800000_17.phy,-1,TO,TO,TO
phylogeny_ms_exp1_r_3.800000_18.phy,-1,TO,TO,TO
phylogeny_ms_exp1_r_3.800000_19.phy,91,2659.84,211.47,TO
phylogeny_ms_exp1_r_3.800000_1.phy,-1,TO,TO,TO
phylogeny_ms_exp1_r_3.800000_2.phy,5,2017.96,110.24,MO
phylogeny_ms_exp1_r_3.800000_3.phy,73,TO,TO,661.11
phylogeny_ms_exp1_r_3.800000_4.phy,-1,TO,TO,MO
phylogeny_ms_exp1_r_3.800000_5.phy,-1,TO,TO,MO
phylogeny_ms_exp1_r_3.800000_6.phy,-1,TO,TO,MO
phylogeny_ms_exp1_r_3.800000_7.phy,-1,TO,TO,MO
phylogeny_ms_exp1_r_3.800000_8.phy,-1,TO,TO,MO
phylogeny_ms_exp1_r_3.800000_9.phy,-1,TO,TO,MO
phylogeny_ms_exp2_100_10_0.000000_0.phy,0,0.34,0.24,TO
phylogeny_ms_exp2_100_10_0.000000_1.phy,0,0.74,0.42,80.02
phylogeny_ms_exp2_100_10_0.000000_2.phy,0,0.48,0.32,265.97
phylogeny_ms_exp2_100_10_0.000000_3.phy,0,0.38,0.25,82.69
phylogeny_ms_exp2_100_10_0.000000_4.phy,0,0.18,0.16,0.23
phylogeny_ms_exp2_100_10_1.000000_0.phy,0,0.38,0.25,156.09
phylogeny_ms_exp2_100_10_1.000000_1.phy,14,1.83,0.62,77.41
phylogeny_ms_exp2_100_10_1.000000_2.phy,32,43.11,2.61,24.14
phylogeny_ms_exp2_100_10_1.000000_3.phy,11,4.65,0.74,21.14
phylogeny_ms_exp2_100_10_1.000000_4.phy,4,0.32,0.22,1.83
phylogeny_ms_exp2_100_10_2.000000_0.phy,20,3.07,0.66,TO
phylogeny_ms_exp2_100_10_2.000000_1.phy,11,3.83,0.87,2.11
phylogeny_ms_exp2_100_10_2.000000_2.phy,2,1.69,0.47,157.64
phylogeny_ms_exp2_100_10_2.000000_3.phy,42,TO,54.16,26.17
phylogeny_ms_exp2_100_10_2.000000_4.phy,43,TO,38.66,160.33
phylogeny_ms_exp2_100_10_4.000000_0.phy,39,39.15,4.23,530.7
phylogeny_ms_exp2_100_10_4.000000_1.phy,37,85.44,5.28,96.32
phylogeny_ms_exp2_100_10_4.000000_2.phy,42,262.88,11.44,2.24
phylogeny_ms_exp2_100_10_4.000000_3.phy,67,2189.9300000000003,52.97,TO
phylogeny_ms_exp2_100_10_4.000000_4.phy,50,MO,360.83,66.62
phylogeny_ms_exp2_100_20_0.000000_0.phy,0,1.15,0.56,TO
phylogeny_ms_exp2_100_20_0.000000_1.phy,0,0.49,0.3,TO
phylogeny_ms_exp2_100_20_0.000000_2.phy,0,15.94,4.46,TO
phylogeny_ms_exp2_100_20_0.000000_3.phy,0,0.37,0.21,TO
phylogeny_ms_exp2_100_20_0.000000_4.phy,0,0.44,0.3,TO
phylogeny_ms_exp2_100_20_1.000000_0.phy,14,6.21,1.18,TO
phylogeny_ms_exp2_100_20_1.000000_1.phy,23,578.57,18.49,TO
phylogeny_ms_exp2_100_20_1.000000_2.phy,47,TO,360.12,TO
phylogeny_ms_exp2_100_20_1.000000_3.phy,0,0.45,0.3,TO
phylogeny_ms_exp2_100_20_1.000000_4.phy,13,20.44,2.24,TO
phylogeny_ms_exp2_100_20_2.000000_0.phy,14,4.65,1.32,TO
phylogeny_ms_exp2_100_20_2.000000_1.phy,26,9.19,1.28,TO
phylogeny_ms_exp2_100_20_2.000000_2.phy,35,TO,388.57,TO
phylogeny_ms_exp2_100_20_2.000000_3.phy,10,2.13,0.65,1218.32
phylogeny_ms_exp2_100_20_2.000000_4.phy,24,984.25,15.11,TO
phylogeny_ms_exp2_100_20_4.000000_0.phy,47,TO,368.13,TO
phylogeny_ms_exp2_100_20_4.000000_1.phy,-1,TO,TO,TO
phylogeny_ms_exp2_100_20_4.000000_2.phy,9,7.86,1.44,258.47
phylogeny_ms_exp2_100_20_4.000000_3.phy,-1,TO,TO,TO
phylogeny_ms_exp2_100_20_4.000000_4.phy,55,TO,1087.27,TO
phylogeny_ms_exp2_100_40_0.000000_0.phy,0,271.46,32.49,MO
phylogeny_ms_exp2_100_40_0.000000_1.phy,0,0.51,0.33,MO
phylogeny_ms_exp2_100_40_0.000000_2.phy,0,0.62,0.37,MO
phylogeny_ms_exp2_100_40_0.000000_3.phy,0,2.45,1.07,MO
phylogeny_ms_exp2_100_40_0.000000_4.phy,0,9.02,1.33,MO
phylogeny_ms_exp2_100_4_0.000000_0.phy,0,0.16,0.15,0.01
phylogeny_ms_exp2_100_4_0.000000_1.phy,0,0.17,0.15,0.08
phylogeny_ms_exp2_100_4_0.000000_2.phy,0,0.17,0.15,0.01
phylogeny_ms_exp2_100_4_0.000000_3.phy,0,0.16,0.15,0.01
phylogeny_ms_exp2_100_4_0.000000_4.phy,0,0.16,0.16,0.01
phylogeny_ms_exp2_100_40_1.000000_0.phy,-1,TO,TO,TO
phylogeny_ms_exp2_100_40_1.000000_1.phy,18,2.93,0.81,TO
phylogeny_ms_exp2_100_40_1.000000_2.phy,8,MO,178.71,TO
phylogeny_ms_exp2_100_40_1.000000_3.phy,4,TO,192.95,MO
phylogeny_ms_exp2_100_40_1.000000_4.phy,0,37.88,8.01,MO
phylogeny_ms_exp2_100_40_2.000000_0.phy,44,TO,212.94,TO
phylogeny_ms_exp2_100_40_2.000000_1.phy,-1,TO,TO,TO
phylogeny_ms_exp2_100_40_2.000000_2.phy,35,MO,454.26,TO
phylogeny_ms_exp2_100_40_2.000000_3.phy,3,8.55,3.25,MO
phylogeny_ms_exp2_100_40_2.000000_4.phy,20,TO,749.29,TO
phylogeny_ms_exp2_100_40_4.000000_0.phy,19,12.57,1.51,TO
phylogeny_ms_exp2_100_40_4.000000_1.phy,-1,TO,TO,TO
phylogeny_ms_exp2_100_40_4.000000_2.phy,-1,TO,TO,TO
phylogeny_ms_exp2_100_40_4.000000_3.phy,-1,TO,TO,TO
phylogeny_ms_exp2_100_40_4.000000_4.phy,-1,TO,TO,TO
phylogeny_ms_exp2_100_4_1.000000_0.phy,0,0.29,0.19,0.45
phylogeny_ms_exp2_100_4_1.000000_1.phy,15,0.29,0.24,0.43
phylogeny_ms_exp2_100_4_1.000000_2.phy,22,0.37,0.3,1.38
phylogeny_ms_exp2_100_4_1.000000_3.phy,9,0.29,0.28,0.46
phylogeny_ms_exp2_100_4_1.000000_4.phy,9,0.29,0.21,1.22
phylogeny_ms_exp2_100_4_2.000000_0.phy,44,0.54,3.36,0.4
phylogeny_ms_exp2_100_4_2.000000_1.phy,36,0.61,0.46,0.47
phylogeny_ms_exp2_100_4_2.000000_2.phy,17,0.33,0.41,0.9
phylogeny_ms_exp2_100_4_2.000000_3.phy,18,0.29,0.30000000000000004,0.61
phylogeny_ms_exp2_100_4_2.000000_4.phy,19,0.38,0.27,1.36
phylogeny_ms_exp2_100_4_4.000000_0.phy,34,3.4,0.48,0.33
phylogeny_ms_exp2_100_4_4.000000_1.phy,40,3.87,0.9,0.32
phylogeny_ms_exp2_100_4_4.000000_2.phy,46,3.69,1.16,0.7
phylogeny_ms_exp2_100_4_4.000000_3.phy,46,7.08,1.97,1.83
phylogeny_ms_exp2_100_4_4.000000_4.phy,49,13.29,1.59,1.48
phylogeny_ms_exp2_150_10_0.000000_0.phy,0,3.78,2.21,65.89
phylogeny_ms_exp2_150_10_0.000000_1.phy,0,1.33,1.02,478.21
phylogeny_ms_exp2_150_10_0.000000_2.phy,0,1.16,0.55,2.21
phylogeny_ms_exp2_150_10_0.000000_3.phy,0,1.87,1.02,18.69
phylogeny_ms_exp2_150_10_0.000000_4.phy,0,1.39,0.84,25.74
phylogeny_ms_exp2_150_10_1.000000_0.phy,11,1.06,0.67,TO
phylogeny_ms_exp2_150_10_1.000000_1.phy,1,2.22,1.3,MO
phylogeny_ms_exp2_150_10_1.000000_2.phy,21,20.07,4.34,TO
phylogeny_ms_exp2_150_10_1.000000_3.phy,42,18.01,5.58,TO
phylogeny_ms_exp2_150_10_1.000000_4.phy,24,5.34,3.02,TO
phylogeny_ms_exp2_150_10_2.000000_0.phy,73,TO,97.14,1167.9599999999998
phylogeny_ms_exp2_150_10_2.000000_1.phy,17,9.53,2.09,641.7
phylogeny_ms_exp2_150_10_2.000000_2.phy,85,TO,228.96,TO
phylogeny_ms_exp2_150_10_2.000000_3.phy,42,82.89,10.2,TO
phylogeny_ms_exp2_150_10_2.000000_4.phy,67,207.4,19.18,TO
phylogeny_ms_exp2_150_10_4.000000_0.phy,98,TO,2674.2,TO
phylogeny_ms_exp2_150_10_4.000000_1.phy,92,TO,TO,3.96
phylogeny_ms_exp2_150_10_4.000000_2.phy,32,29.3,7.35,12.53
phylogeny_ms_exp2_150_10_4.000000_3.phy,54,8.38,2.31,135.1
phylogeny_ms_exp2_150_10_4.000000_4.phy,36,65.78,8.31,TO
phylogeny_ms_exp2_150_20_0.000000_0.phy,0,8.31,3.78,TO
phylogeny_ms_exp2_150_20_0.000000_1.phy,0,2.02,1.25,TO
phylogeny_ms_exp2_150_20_0.000000_2.phy,0,836.38,123.13000000000001,TO
phylogeny_ms_exp2_150_20_0.000000_3.phy,0,42.19,9.58,TO
phylogeny_ms_exp2_150_20_0.000000_4.phy,0,1.39,0.7,TO
phylogeny_ms_exp2_150_20_1.000000_0.phy,26,39.57,16.01,TO
phylogeny_ms_exp2_150_20_1.000000_1.phy,-1,TO,TO,TO
phylogeny_ms_exp2_150_20_1.000000_2.phy,19,2.8,1.66,TO
phylogeny_ms_exp2_150_20_1.000000_3.phy,-1,TO,TO,TO
phylogeny_ms_exp2_150_20_1.000000_4.phy,3,3.2,1.6500000000000001,1517.5900000000001
phylogeny_ms_exp2_150_20_2.000000_0.phy,15,138.21,13.09,TO
phylogeny_ms_exp2_150_20_2.000000_1.phy,-1,TO,TO,TO
phylogeny_ms_exp2_150_20_2.000000_2.phy,31,1869.9,32.81,TO
phylogeny_ms_exp2_150_20_2.000000_3.phy,29,TO,61.8,TO
phylogeny_ms_exp2_150_20_2.000000_4.phy,55,TO,627.16,TO
phylogeny_ms_exp2_150_20_4.000000_0.phy,42,TO,193.37,TO
phylogeny_ms_exp2_150_20_4.000000_1.phy,55,308.61,23.33,2017.26
phylogeny_ms_exp2_150_20_4.000000_2.phy,-1,TO,TO,TO
phylogeny_ms_exp2_150_20_4.000000_3.phy,-1,TO,TO,TO
phylogeny_ms_exp2_150_20_4.000000_4.phy,-1,TO,TO,TO
phylogeny_ms_exp2_150_40_0.000000_0.phy,0,7.36,2.3,MO
phylogeny_ms_exp2_150_40_0.000000_1.phy,0,20.85,10.27,MO
phylogeny_ms_exp2_150_40_0.000000_2.phy,0,2.56,2.38,MO
phylogeny_ms_exp2_150_40_0.000000_3.phy,0,TO,193.58,MO
phylogeny_ms_exp2_150_40_0.000000_4.phy,-1,TO,TO,MO
phylogeny_ms_exp2_150_4_0.000000_0.phy,0,0.4,0.36,0.1
phylogeny_ms_exp2_150_4_0.000000_1.phy,0,0.39,0.39,0.1
phylogeny_ms_exp2_150_4_0.000000_2.phy,0,0.37,0.38,0.01
phylogeny_ms_exp2_150_4_0.000000_3.phy,0,0.79,0.61,0.97
phylogeny_ms_exp2_150_4_0.000000_4.phy,0,0.78,0.57,2.44
phylogeny_ms_exp2_150_40_1.000000_0.phy,0,1.83,1.13,MO
phylogeny_ms_exp2_150_40_1.000000_1.phy,18,853.63,89.27,MO
phylogeny_ms_exp2_150_40_1.000000_2.phy,17,TO,200.0,TO
phylogeny_ms_exp2_150_40_1.000000_3.phy,0,382.59,45.75,MO
phylogeny_ms_exp2_150_40_1.000000_4.phy,0,2.63,1.41,MO
phylogeny_ms_exp2_150_40_2.000000_0.phy,37,TO,335.71000000000004,TO
phylogeny_ms_exp2_150_40_2.000000_1.phy,-1,TO,TO,TO
phylogeny_ms_exp2_150_40_2.000000_2.phy,-1,TO,TO,TO
phylogeny_ms_exp2_150_40_2.000000_3.phy,-1,TO,TO,TO
phylogeny_ms_exp2_150_40_2.000000_4.phy,15,2.0,1.83,TO
phylogeny_ms_exp2_150_40_4.000000_0.phy,-1,TO,TO,TO
phylogeny_ms_exp2_150_40_4.000000_1.phy,-1,TO,TO,TO
phylogeny_ms_exp2_150_40_4.000000_2.phy,-1,TO,TO,TO
phylogeny_ms_exp2_150_40_4.000000_3.phy,-1,TO,TO,TO
phylogeny_ms_exp2_150_40_4.000000_4.phy,-1,TO,TO,TO
phylogeny_ms_exp2_150_4_1.000000_0.phy,14,0.95,0.99,1.14
phylogeny_ms_exp2_150_4_1.000000_1.phy,4,0.8,0.58,0.94
phylogeny_ms_exp2_150_4_1.000000_2.phy,10,0.77,0.51,0.86
phylogeny_ms_exp2_150_4_1.000000_3.phy,10,0.86,0.59,1.26
phylogeny_ms_exp2_150_4_1.000000_4.phy,12,0.88,0.61,0.93
phylogeny_ms_exp2_150_4_2.000000_0.phy,62,5.56,1.85,2.65
phylogeny_ms_exp2_150_4_2.000000_1.phy,51,5.33,1.45,1.17
phylogeny_ms_exp2_150_4_2.000000_2.phy,28,1.32,0.73,0.84
phylogeny_ms_exp2_150_4_2.000000_3.phy,32,0.97,1.52,0.92
phylogeny_ms_exp2_150_4_2.000000_4.phy,52,1.69,0.8,13.42
phylogeny_ms_exp2_150_4_4.000000_0.phy,52,6.43,1.44,0.78
phylogeny_ms_exp2_150_4_4.000000_1.phy,36,1.8,0.93,3.06
phylogeny_ms_exp2_150_4_4.000000_2.phy,60,20.56,4.28,7.51
phylogeny_ms_exp2_150_4_4.000000_3.phy,59,19.76,4.07,2.52
phylogeny_ms_exp2_150_4_4.000000_4.phy,64,58.27,6.25,4.96
phylogeny_ms_exp2_200_10_0.000000_0.phy,0,2.79,1.68,1390.74
phylogeny_ms_exp2_200_10_0.000000_1.phy,0,5.46,3.54,1347.92
phylogeny_ms_exp2_200_10_0.000000_2.phy,0,2.33,1.3,TO
phylogeny_ms_exp2_200_10_0.000000_3.phy,0,4.51,2.99,43.39
phylogeny_ms_exp2_200_10_0.000000_4.phy,0,7.35,4.59,550.98
phylogeny_ms_exp2_200_10_1.000000_0.phy,3,6.91,3.54,37.04
phylogeny_ms_exp2_200_10_1.000000_1.phy,2,3.68,1.94,30.29
phylogeny_ms_exp2_200_10_1.000000_2.phy,19,5.31,2.27,975.25
phylogeny_ms_exp2_200_10_1.000000_3.phy,68,28.2,6.63,477.71
phylogeny_ms_exp2_200_10_1.000000_4.phy,24,9.66,4.81,171.59
phylogeny_ms_exp2_200_10_2.000000_0.phy,44,7.42,2.64,TO
phylogeny_ms_exp2_200_10_2.000000_1.phy,92,TO,415.55,TO
phylogeny_ms_exp2_200_10_2.000000_2.phy,65,578.03,48.29,362.58
phylogeny_ms_exp2_200_10_2.000000_3.phy,139,TO,TO,1240.19
phylogeny_ms_exp2_200_10_2.000000_4.phy,100,2496.6,68.79,20.06
phylogeny_ms_exp2_200_10_4.000000_0.phy,141,TO,TO,1321.8899999999999
phylogeny_ms_exp2_200_10_4.000000_1.phy,88,TO,2419.54,1626.02
phylogeny_ms_exp2_200_10_4.000000_2.phy,50,472.66,32.79,TO
phylogeny_ms_exp2_200_10_4.000000_3.phy,88,TO,60.18,TO
phylogeny_ms_exp2_200_10_4.000000_4.phy,69,TO,365.26,654.29
phylogeny_ms_exp2_200_20_0.000000_0.phy,0,131.69,21.76,TO
phylogeny_ms_exp2_200_20_0.000000_1.phy,0,28.21,17.76,TO
phylogeny_ms_exp2_200_20_0.000000_2.phy,0,370.35,45.95,TO
phylogeny_ms_exp2_200_20_0.000000_3.phy,0,3.46,1.56,MO
phylogeny_ms_exp2_200_20_0.000000_4.phy,0,212.64,64.6,MO
phylogeny_ms_exp2_200_20_1.000000_0.phy,-1,TO,TO,TO
phylogeny_ms_exp2_200_20_1.000000_1.phy,11,TO,274.4,TO
phylogeny_ms_exp2_200_20_1.000000_2.phy,9,3.5,2.04,TO
phylogeny_ms_exp2_200_20_1.000000_3.phy,26,894.36,85.5,TO
phylogeny_ms_exp2_200_20_1.000000_4.phy,3,41.75,31.3,TO
phylogeny_ms_exp2_200_20_2.000000_0.phy,-1,TO,TO,TO
phylogeny_ms_exp2_200_20_2.000000_1.phy,9,160.77,47.16,TO
phylogeny_ms_exp2_200_20_2.000000_2.phy,-1,TO,TO,TO
phylogeny_ms_exp2_200_20_2.000000_3.phy,47,368.54,48.19,TO
phylogeny_ms_exp2_200_20_2.000000_4.phy,-1,TO,TO,MO
phylogeny_ms_exp2_200_20_4.000000_0.phy,86,TO,246.87,TO
phylogeny_ms_exp2_200_20_4.000000_1.phy,-1,TO,TO,MO
phylogeny_ms_exp2_200_20_4.000000_2.phy,87,TO,815.25,TO
phylogeny_ms_exp2_200_20_4.000000_3.phy,-1,TO,TO,MO
phylogeny_ms_exp2_200_20_4.000000_4.phy,-1,TO,TO,MO
phylogeny_ms_exp2_200_40_0.000000_0.phy,0,TO,542.34,MO
phylogeny_ms_exp2_200_40_0.000000_1.phy,0,73.8,13.57,MO
phylogeny_ms_exp2_200_40_0.000000_2.phy,0,5.3,4.27,MO
phylogeny_ms_exp2_200_40_0.000000_3.phy,0,16.11,9.31,MO
phylogeny_ms_exp2_200_40_0.000000_4.phy,0,6.83,5.2,MO
phylogeny_ms_exp2_200_4_0.000000_0.phy,0,0.84,0.76,0.02
phylogeny_ms_exp2_200_4_0.000000_1.phy,0,0.82,0.79,0.02
phylogeny_ms_exp2_200_4_0.000000_2.phy,0,0.8,0.77,0.01
phylogeny_ms_exp2_200_4_0.000000_3.phy,0,0.85,0.72,0.13
phylogeny_ms_exp2_200_4_0.000000_4.phy,0,0.81,0.76,0.13
phylogeny_ms_exp2_200_40_1.000000_0.phy,8,TO,773.64,TO
phylogeny_ms_exp2_200_40_1.000000_1.phy,-1,TO,TO,MO
phylogeny_ms_exp2_200_40_1.000000_2.phy,0,9.96,6.37,MO
phylogeny_ms_exp2_200_40_1.000000_3.phy,17,TO,3340.93,MO
phylogeny_ms_exp2_200_40_1.000000_4.phy,2,TO,2574.07,MO
phylogeny_ms_exp2_200_40_2.000000_0.phy,52,160.61,101.51,TO
phylogeny_ms_exp2_200_40_2.000000_1.phy,-1,TO,TO,TO
phylogeny_ms_exp2_200_40_2.000000_2.phy,-1,TO,TO,MO
phylogeny_ms_exp2_200_40_2.000000_3.phy,-1,TO,TO,MO
phylogeny_ms_exp2_200_40_2.000000_4.phy,-1,TO,TO,TO
phylogeny_ms_exp2_200_40_4.000000_0.phy,-1,TO,TO,MO
phylogeny_ms_exp2_200_40_4.000000_1.phy,-1,TO,TO,TO
phylogeny_ms_exp2_200_40_4.000000_2.phy,-1,TO,TO,MO
phylogeny_ms_exp2_200_40_4.000000_3.phy,-1,TO,TO,MO
phylogeny_ms_exp2_200_40_4.000000_4.phy,-1,TO,TO,MO
phylogeny_ms_exp2_200_4_1.000000_0.phy,8,2.01,1.1,7.32
phylogeny_ms_exp2_200_4_1.000000_1.phy,31,2.15,1.39,5.95
phylogeny_ms_exp2_200_4_1.000000_2.phy,38,2.26,1.59,1.94
phylogeny_ms_exp2_200_4_1.000000_3.phy,29,2.14,1.29,3.04
phylogeny_ms_exp2_200_4_1.000000_4.phy,76,4.82,2.35,2.21
phylogeny_ms_exp2_200_4_2.000000_0.phy,44,2.68,1.62,2.15
phylogeny_ms_exp2_200_4_2.000000_1.phy,43,2.7,1.57,2.2800000000000002
phylogeny_ms_exp2_200_4_2.000000_2.phy,102,72.0,13.29,4.13
phylogeny_ms_exp2_200_4_2.000000_3.phy,17,1.84,1.31,5.66
phylogeny_ms_exp2_200_4_2.000000_4.phy,44,2.48,1.63,1.72
phylogeny_ms_exp2_200_4_4.000000_0.phy,77,77.7,5.85,2.6700000000000004
phylogeny_ms_exp2_200_4_4.000000_1.phy,86,TO,108.91,7.75
phylogeny_ms_exp2_200_4_4.000000_2.phy,81,2082.06,23.47,1.94
phylogeny_ms_exp2_200_4_4.000000_3.phy,72,9.79,3.13,4.61
phylogeny_ms_exp2_200_4_4.000000_4.phy,87,32.21,8.94,9.9
phylogeny_ms_exp2_250_10_0.000000_0.phy,0,4.72,2.55,TO
phylogeny_ms_exp2_250_10_0.000000_1.phy,0,6.33,4.21,381.57
phylogeny_ms_exp2_250_10_0.000000_2.phy,0,6.35,3.55,TO
phylogeny_ms_exp2_250_10_0.000000_3.phy,0,7.18,4.36,315.68
phylogeny_ms_exp2_250_10_0.000000_4.phy,0,12.11,9.38,1599.28
phylogeny_ms_exp2_250_10_1.000000_0.phy,59,1061.43,20.68,199.5
phylogeny_ms_exp2_250_10_1.000000_1.phy,65,TO,110.57,TO
phylogeny_ms_exp2_250_10_1.000000_2.phy,25,30.3,12.86,1441.71
phylogeny_ms_exp2_250_10_1.000000_3.phy,87,758.6899999999999,51.7,TO
phylogeny_ms_exp2_250_10_1.000000_4.phy,85,259.86,34.65,220.56
phylogeny_ms_exp2_250_10_2.000000_0.phy,67,164.64,26.3,TO
phylogeny_ms_exp2_250_10_2.000000_1.phy,35,55.52,23.73,TO
phylogeny_ms_exp2_250_10_2.000000_2.phy,55,28.56,14.41,TO
phylogeny_ms_exp2_250_10_2.000000_3.phy,108,TO,251.66,38.190000000000005
phylogeny_ms_exp2_250_10_2.000000_4.phy,63,125.81,23.38,MO
phylogeny_ms_exp2_250_10_4.000000_0.phy,110,TO,649.46,MO
phylogeny_ms_exp2_250_10_4.000000_1.phy,148,TO,TO,39.82
phylogeny_ms_exp2_250_10_4.000000_2.phy,126,TO,643.65,MO
phylogeny_ms_exp2_250_10_4.000000_3.phy,112,TO,631.73,MO
phylogeny_ms_exp2_250_10_4.000000_4.phy,155,TO,TO,3421.38
phylogeny_ms_exp2_250_20_0.000000_0.phy,0,10.63,8.42,MO
phylogeny_ms_exp2_250_20_0.000000_1.phy,0,105.8,39.04,MO
phylogeny_ms_exp2_250_20_0.000000_2.phy,0,288.36,376.31,MO
phylogeny_ms_exp2_250_20_0.000000_3.phy,0,514.49,522.38,MO
phylogeny_ms_exp2_250_20_0.000000_4.phy,0,380.73,74.76,MO
phylogeny_ms_exp2_250_20_1.000000_0.phy,10,85.55,61.54,MO
phylogeny_ms_exp2_250_20_1.000000_1.phy,64,TO,938.83,MO
phylogeny_ms_exp2_250_20_1.000000_2.phy,-1,TO,TO,MO
phylogeny_ms_exp2_250_20_1.000000_3.phy,-1,TO,TO,MO
phylogeny_ms_exp2_250_20_1.000000_4.phy,58,587.94,82.11,MO
phylogeny_ms_exp2_250_20_2.000000_0.phy,-1,TO,TO,MO
phylogeny_ms_exp2_250_20_2.000000_1.phy,-1,TO,TO,MO
phylogeny_ms_exp2_250_20_2.000000_2.phy,-1,TO,TO,MO
phylogeny_ms_exp2_250_20_2.000000_3.phy,-1,TO,TO,MO
phylogeny_ms_exp2_250_20_2.000000_4.phy,-1,TO,TO,MO
phylogeny_ms_exp2_250_20_4.000000_0.phy,-1,TO,TO,MO
phylogeny_ms_exp2_250_20_4.000000_1.phy,-1,TO,TO,MO
phylogeny_ms_exp2_250_20_4.000000_2.phy,-1,TO,TO,MO
phylogeny_ms_exp2_250_20_4.000000_3.phy,-1,TO,TO,MO
phylogeny_ms_exp2_250_20_4.000000_4.phy,-1,TO,TO,MO
phylogeny_ms_exp2_250_40_0.000000_0.phy,0,14.16,11.64,MO
phylogeny_ms_exp2_250_40_0.000000_1.phy,0,116.94,96.25,MO
phylogeny_ms_exp2_250_40_0.000000_2.phy,0,54.48,39.41,MO
phylogeny_ms_exp2_250_40_0.000000_3.phy,0,10.29,7.97,MO
phylogeny_ms_exp2_250_40_0.000000_4.phy,-1,TO,TO,MO
phylogeny_ms_exp2_250_4_0.000000_0.phy,0,4.57,2.41,5.42
phylogeny_ms_exp2_250_4_0.000000_1.phy,0,3.4,2.08,9.1
phylogeny_ms_exp2_250_4_0.000000_2.phy,0,1.4,1.49,0.02
phylogeny_ms_exp2_250_4_0.000000_3.phy,0,3.92,2.64,6.69
phylogeny_ms_exp2_250_4_0.000000_4.phy,0,4.24,2.35,3.46
phylogeny_ms_exp2_250_40_1.000000_0.phy,0,TO,1145.89,MO
phylogeny_ms_exp2_250_40_1.000000_1.phy,14,2968.36,364.83,MO
phylogeny_ms_exp2_250_40_1.000000_2.phy,-1,TO,TO,MO
phylogeny_ms_exp2_250_40_1.000000_3.phy,-1,TO,TO,MO
phylogeny_ms_exp2_250_40_1.000000_4.phy,-1,TO,TO,MO
phylogeny_ms_exp2_250_40_2.000000_0.phy,-1,TO,TO,MO
phylogeny_ms_exp2_250_40_2.000000_1.phy,-1,TO,TO,MO
phylogeny_ms_exp2_250_40_2.000000_2.phy,-1,TO,TO,MO
phylogeny_ms_exp2_250_40_2.000000_3.phy,-1,TO,TO,MO
phylogeny_ms_exp2_250_40_2.000000_4.phy,-1,TO,TO,MO
phylogeny_ms_exp2_250_40_4.000000_0.phy,-1,TO,TO,MO
phylogeny_ms_exp2_250_40_4.000000_1.phy,-1,TO,TO,MO
phylogeny_ms_exp2_250_40_4.000000_2.phy,-1,TO,TO,MO
phylogeny_ms_exp2_250_40_4.000000_3.phy,-1,TO,TO,MO
phylogeny_ms_exp2_250_40_4.000000_4.phy,-1,TO,TO,MO
phylogeny_ms_exp2_250_4_1.000000_0.phy,10,3.46,2.06,3.22
phylogeny_ms_exp2_250_4_1.000000_1.phy,26,4.32,2.88,5.95
phylogeny_ms_exp2_250_4_1.000000_2.phy,57,5.44,2.78,3.56
phylogeny_ms_exp2_250_4_1.000000_3.phy,7,3.95,2.17,7.54
phylogeny_ms_exp2_250_4_1.000000_4.phy,25,4.01,2.76,4.11
phylogeny_ms_exp2_250_4_2.000000_0.phy,53,4.72,3.23,3.62
phylogeny_ms_exp2_250_4_2.000000_1.phy,77,6.1,3.26,3.09
phylogeny_ms_exp2_250_4_2.000000_2.phy,53,4.39,2.82,59.51
phylogeny_ms_exp2_250_4_2.000000_3.phy,38,4.27,2.69,6.83
phylogeny_ms_exp2_250_4_2.000000_4.phy,54,5.27,3.06,8.26
phylogeny_ms_exp2_250_4_4.000000_0.phy,112,120.06,19.19,11.32
phylogeny_ms_exp2_250_4_4.000000_1.phy,98,TO,57.39,2.81
phylogeny_ms_exp2_250_4_4.000000_2.phy,136,505.08,76.17,4.17
phylogeny_ms_exp2_250_4_4.000000_3.phy,115,TO,162.53,5.74
phylogeny_ms_exp2_250_4_4.000000_4.phy,127,190.75,27.2,286.63
phylogeny_ms_exp2_300_10_0.000000_0.phy,0,14.88,10.12,1328.3
phylogeny_ms_exp2_300_10_0.000000_1.phy,0,12.24,5.3,TO
phylogeny_ms_exp2_300_10_0.000000_2.phy,0,10.49,4.33,1075.94
phylogeny_ms_exp2_300_10_0.000000_3.phy,0,12.54,8.38,1805.11
phylogeny_ms_exp2_300_10_0.000000_4.phy,0,16.54,7.61,TO
phylogeny_ms_exp2_300_10_1.000000_0.phy,117,2824.56,164.63,1419.24
phylogeny_ms_exp2_300_10_1.000000_1.phy,86,353.12,87.4,MO
phylogeny_ms_exp2_300_10_1.000000_2.phy,141,TO,1034.09,MO
phylogeny_ms_exp2_300_10_1.000000_3.phy,70,176.39,48.03,MO
phylogeny_ms_exp2_300_10_1.000000_4.phy,88,183.48,45.76,MO
phylogeny_ms_exp2_300_10_2.000000_0.phy,116,TO,3158.47,192.69
phylogeny_ms_exp2_300_10_2.000000_1.phy,71,88.3,25.73,421.53000000000003
phylogeny_ms_exp2_300_10_2.000000_2.phy,165,TO,1266.66,62.41
phylogeny_ms_exp2_300_10_2.000000_3.phy,109,TO,326.63,MO
phylogeny_ms_exp2_300_10_2.000000_4.phy,109,TO,802.55,111.68
phylogeny_ms_exp2_300_10_4.000000_0.phy,-1,TO,TO,MO
phylogeny_ms_exp2_300_10_4.000000_1.phy,-1,TO,TO,MO
phylogeny_ms_exp2_300_10_4.000000_2.phy,-1,TO,TO,MO
phylogeny_ms_exp2_300_10_4.000000_3.phy,-1,TO,TO,MO
phylogeny_ms_exp2_300_10_4.000000_4.phy,124,TO,597.16,143.78
phylogeny_ms_exp2_300_20_0.000000_0.phy,0,23.37,28.54,MO
phylogeny_ms_exp2_300_20_0.000000_1.phy,0,14.17,9.43,MO
phylogeny_ms_exp2_300_20_0.000000_2.phy,0,14.92,11.11,MO
phylogeny_ms_exp2_300_20_0.000000_3.phy,0,777.13,329.27,MO
phylogeny_ms_exp2_300_20_0.000000_4.phy,0,14.29,8.37,MO
phylogeny_ms_exp2_300_20_1.000000_0.phy,32,60.01,59.91,MO
phylogeny_ms_exp2_300_20_1.000000_1.phy,68,TO,946.07,MO
phylogeny_ms_exp2_300_20_1.000000_2.phy,39,2900.79,720.79,MO
phylogeny_ms_exp2_300_20_1.000000_3.phy,-1,TO,TO,MO
phylogeny_ms_exp2_300_20_1.000000_4.phy,45,TO,2307.19,MO
phylogeny_ms_exp2_300_20_2.000000_0.phy,-1,TO,TO,MO
phylogeny_ms_exp2_300_20_2.000000_1.phy,33,TO,982.19,MO
phylogeny_ms_exp2_300_20_2.000000_2.phy,-1,TO,TO,MO
phylogeny_ms_exp2_300_20_2.000000_3.phy,-1,TO,TO,MO
phylogeny_ms_exp2_300_20_2.000000_4.phy,-1,TO,TO,MO
phylogeny_ms_exp2_300_20_4.000000_0.phy,-1,TO,TO,MO
phylogeny_ms_exp2_300_20_4.000000_1.phy,-1,TO,TO,MO
phylogeny_ms_exp2_300_20_4.000000_2.phy,-1,TO,TO,MO
phylogeny_ms_exp2_300_20_4.000000_3.phy,-1,TO,TO,MO
phylogeny_ms_exp2_300_20_4.000000_4.phy,-1,TO,TO,MO
phylogeny_ms_exp2_300_40_0.000000_0.phy,-1,TO,TO,TO
phylogeny_ms_exp2_300_40_0.000000_1.phy,-1,TO,TO,TO
phylogeny_ms_exp2_300_40_0.000000_2.phy,0,94.45,56.54,MO
phylogeny_ms_exp2_300_40_0.000000_3.phy,-1,TO,TO,MO
phylogeny_ms_exp2_300_40_0.000000_4.phy,0,294.57,185.39,MO
phylogeny_ms_exp2_300_4_0.000000_0.phy,0,6.78,4.17,18.45
phylogeny_ms_exp2_300_4_0.000000_1.phy,0,2.69,2.5,0.04
phylogeny_ms_exp2_300_4_0.000000_2.phy,0,7.23,4.1,7.28
phylogeny_ms_exp2_300_4_0.000000_3.phy,0,2.79,2.59,0.18
phylogeny_ms_exp2_300_4_0.000000_4.phy,0,9.34,4.21,18.1
phylogeny_ms_exp2_300_40_1.000000_0.phy,-1,TO,TO,MO
phylogeny_ms_exp2_300_40_1.000000_1.phy,-1,TO,TO,MO
phylogeny_ms_exp2_300_40_1.000000_2.phy,56,315.66,42.29,MO
phylogeny_ms_exp2_300_40_1.000000_3.phy,-1,TO,TO,MO
phylogeny_ms_exp2_300_40_1.000000_4.phy,-1,TO,TO,MO
phylogeny_ms_exp2_300_40_2.000000_0.phy,-1,TO,TO,MO
phylogeny_ms_exp2_300_40_2.000000_1.phy,-1,TO,TO,MO
phylogeny_ms_exp2_300_40_2.000000_2.phy,-1,TO,TO,MO
phylogeny_ms_exp2_300_40_2.000000_3.phy,-1,TO,TO,MO
phylogeny_ms_exp2_300_40_2.000000_4.phy,-1,TO,TO,MO
phylogeny_ms_exp2_300_40_4.000000_0.phy,-1,TO,TO,MO
phylogeny_ms_exp2_300_40_4.000000_1.phy,-1,TO,TO,MO
phylogeny_ms_exp2_300_40_4.000000_2.phy,-1,TO,TO,MO
phylogeny_ms_exp2_300_40_4.000000_3.phy,-1,TO,TO,MO
phylogeny_ms_exp2_300_40_4.000000_4.phy,-1,TO,TO,MO
phylogeny_ms_exp2_300_4_1.000000_0.phy,28,7.64,4.46,24.92
phylogeny_ms_exp2_300_4_1.000000_1.phy,20,8.42,3.77,293.95000000000005
phylogeny_ms_exp2_300_4_1.000000_2.phy,42,7.83,4.96,7.66
phylogeny_ms_exp2_300_4_1.000000_3.phy,52,7.18,4.18,6.67
phylogeny_ms_exp2_300_4_1.000000_4.phy,31,7.8,4.18,6.07
phylogeny_ms_exp2_300_4_2.000000_0.phy,116,109.56,40.08,54.550000000000004
phylogeny_ms_exp2_300_4_2.000000_1.phy,39,8.78,5.29,36.74
phylogeny_ms_exp2_300_4_2.000000_2.phy,71,9.6,5.68,11.39
phylogeny_ms_exp2_300_4_2.000000_3.phy,112,51.71,14.63,112.94
phylogeny_ms_exp2_300_4_2.000000_4.phy,82,35.06,11.56,5.06
phylogeny_ms_exp2_300_4_4.000000_0.phy,101,102.18,18.95,6.92
phylogeny_ms_exp2_300_4_4.000000_1.phy,133,2548.33,68.52,8.61
phylogeny_ms_exp2_300_4_4.000000_2.phy,138,TO,378.99,8.32
phylogeny_ms_exp2_300_4_4.000000_3.phy,174,TO,367.68,TO
phylogeny_ms_exp2_300_4_4.000000_4.phy,149,1810.95,102.17,42.910000000000004
phylogeny_ms_exp2_350_10_0.000000_0.phy,0,16.29,7.51,TO
phylogeny_ms_exp2_350_10_0.000000_1.phy,0,22.87,14.39,MO
phylogeny_ms_exp2_350_10_0.000000_2.phy,0,22.21,10.61,TO
phylogeny_ms_exp2_350_10_0.000000_3.phy,0,18.08,9.56,TO
phylogeny_ms_exp2_350_10_0.000000_4.phy,0,20.42,10.61,TO
phylogeny_ms_exp2_350_10_1.000000_0.phy,101,49.56,22.66,1928.48
phylogeny_ms_exp2_350_10_1.000000_1.phy,0,22.91,10.98,TO
phylogeny_ms_exp2_350_10_1.000000_2.phy,42,133.21,73.19,MO
phylogeny_ms_exp2_350_10_1.000000_3.phy,9,34.96,25.38,TO
phylogeny_ms_exp2_350_10_1.000000_4.phy,13,16.76,10.6,131.36
phylogeny_ms_exp2_350_10_2.000000_0.phy,115,TO,1701.73,MO
phylogeny_ms_exp2_350_10_2.000000_1.phy,157,TO,743.9,MO
phylogeny_ms_exp2_350_10_2.000000_2.phy,146,TO,2142.48,733.63
phylogeny_ms_exp2_350_10_2.000000_3.phy,113,1709.3400000000001,189.69,969.21
phylogeny_ms_exp2_350_10_2.000000_4.phy,197,TO,1842.72,MO
phylogeny_ms_exp2_350_10_4.000000_0.phy,227,TO,TO,382.82
phylogeny_ms_exp2_350_10_4.000000_1.phy,209,TO,TO,1322.11
phylogeny_ms_exp2_350_10_4.000000_2.phy,-1,TO,TO,TO
phylogeny_ms_exp2_350_10_4.000000_3.phy,170,TO,2093.15,MO
phylogeny_ms_exp2_350_10_4.000000_4.phy,-1,TO,TO,TO
phylogeny_ms_exp2_350_20_0.000000_0.phy,0,24.39,15.08,MO
phylogeny_ms_exp2_350_20_0.000000_1.phy,0,166.28,98.63,MO
phylogeny_ms_exp2_350_20_0.000000_2.phy,0,23.8,14.75,MO
phylogeny_ms_exp2_350_20_0.000000_3.phy,0,217.77,248.93,MO
phylogeny_ms_exp2_350_20_0.000000_4.phy,0,26.98,14.31,MO
phylogeny_ms_exp2_350_20_1.000000_0.phy,-1,TO,TO,MO
phylogeny_ms_exp2_350_20_1.000000_1.phy,-1,TO,TO,MO
phylogeny_ms_exp2_350_20_1.000000_2.phy,-1,TO,TO,MO
phylogeny_ms_exp2_350_20_1.000000_3.phy,59,1798.4199999999998,672.79,MO
phylogeny_ms_exp2_350_20_1.000000_4.phy,16,1791.9,480.44,MO
phylogeny_ms_exp2_350_20_2.000000_0.phy,-1,TO,TO,MO
phylogeny_ms_exp2_350_20_2.000000_1.phy,-1,TO,TO,MO
phylogeny_ms_exp2_350_20_2.000000_2.phy,-1,TO,TO,MO
phylogeny_ms_exp2_350_20_2.000000_3.phy,-1,TO,TO,MO
phylogeny_ms_exp2_350_20_2.000000_4.phy,-1,TO,TO,MO
phylogeny_ms_exp2_350_20_4.000000_0.phy,-1,TO,TO,MO
phylogeny_ms_exp2_350_20_4.000000_1.phy,-1,TO,TO,MO
phylogeny_ms_exp2_350_20_4.000000_2.phy,-1,TO,TO,MO
phylogeny_ms_exp2_350_20_4.000000_3.phy,-1,TO,TO,MO
phylogeny_ms_exp2_350_20_4.000000_4.phy,-1,TO,TO,MO
phylogeny_ms_exp2_350_40_0.000000_0.phy,-1,TO,TO,TO
phylogeny_ms_exp2_350_40_0.000000_1.phy,0,61.28,36.35,MO
phylogeny_ms_exp2_350_40_0.000000_2.phy,-1,TO,TO,TO
phylogeny_ms_exp2_350_40_0.000000_3.phy,0,530.28,678.18,TO
phylogeny_ms_exp2_350_40_0.000000_4.phy,0,253.57,434.21,MO
phylogeny_ms_exp2_350_4_0.000000_0.phy,0,4.5,4.1,0.2
phylogeny_ms_exp2_350_4_0.000000_1.phy,0,4.4,4.21,0.2
phylogeny_ms_exp2_350_4_0.000000_2.phy,0,12.99,6.62,10.48
phylogeny_ms_exp2_350_4_0.000000_3.phy,0,4.41,4.13,0.21
phylogeny_ms_exp2_350_4_0.000000_4.phy,0,4.62,4.22,0.02
phylogeny_ms_exp2_350_40_1.000000_0.phy,-1,TO,TO,MO
phylogeny_ms_exp2_350_40_1.000000_1.phy,-1,TO,TO,MO
phylogeny_ms_exp2_350_40_1.000000_2.phy,-1,TO,TO,MO
phylogeny_ms_exp2_350_40_1.000000_3.phy,-1,TO,TO,TO
phylogeny_ms_exp2_350_40_1.000000_4.phy,-1,TO,TO,MO
phylogeny_ms_exp2_350_40_2.000000_0.phy,14,39.12,24.11,MO
phylogeny_ms_exp2_350_40_2.000000_1.phy,-1,TO,TO,MO
phylogeny_ms_exp2_350_40_2.000000_2.phy,-1,TO,TO,MO
phylogeny_ms_exp2_350_40_2.000000_3.phy,-1,TO,TO,MO
phylogeny_ms_exp2_350_40_2.000000_4.phy,-1,TO,TO,MO
phylogeny_ms_exp2_350_40_4.000000_0.phy,-1,TO,TO,MO
phylogeny_ms_exp2_350_40_4.000000_1.phy,-1,TO,TO,MO
phylogeny_ms_exp2_350_40_4.000000_2.phy,-1,TO,TO,MO
phylogeny_ms_exp2_350_40_4.000000_3.phy,-1,TO,TO,MO
phylogeny_ms_exp2_350_40_4.000000_4.phy,-1,TO,TO,MO
phylogeny_ms_exp2_350_4_1.000000_0.phy,36,11.9,7.42,10.02
phylogeny_ms_exp2_350_4_1.000000_1.phy,28,12.57,7.36,117.88
phylogeny_ms_exp2_350_4_1.000000_2.phy,98,16.91,9.52,22.9
phylogeny_ms_exp2_350_4_1.000000_3.phy,54,14.13,8.48,12.34
phylogeny_ms_exp2_350_4_1.000000_4.phy,69,13.71,7.91,10.97
phylogeny_ms_exp2_350_4_2.000000_0.phy,41,13.32,7.18,17.71
phylogeny_ms_exp2_350_4_2.000000_1.phy,79,14.34,8.4,12.3
phylogeny_ms_exp2_350_4_2.000000_2.phy,80,24.23,11.64,9.34
phylogeny_ms_exp2_350_4_2.000000_3.phy,52,13.12,8.43,15.2
phylogeny_ms_exp2_350_4_2.000000_4.phy,98,23.75,11.39,17.57
phylogeny_ms_exp2_350_4_4.000000_0.phy,189,TO,1352.14,43.85
phylogeny_ms_exp2_350_4_4.000000_1.phy,203,TO,2121.46,87.79
phylogeny_ms_exp2_350_4_4.000000_2.phy,139,1279.93,60.85,25.71
phylogeny_ms_exp2_350_4_4.000000_3.phy,136,49.9,14.76,79.5
phylogeny_ms_exp2_350_4_4.000000_4.phy,180,TO,269.73,21.72
phylogeny_ms_exp2_400_10_0.000000_0.phy,0,31.3,26.41,MO
phylogeny_ms_exp2_400_10_0.000000_1.phy,0,39.54,23.9,TO
phylogeny_ms_exp2_400_10_0.000000_2.phy,0,37.95,21.46,MO
phylogeny_ms_exp2_400_10_0.000000_3.phy,0,31.77,18.18,MO
phylogeny_ms_exp2_400_10_0.000000_4.phy,0,32.61,10.69,MO
phylogeny_ms_exp2_400_10_1.000000_0.phy,-1,TO,TO,MO
phylogeny_ms_exp2_400_10_1.000000_1.phy,61,339.79,102.86,MO
phylogeny_ms_exp2_400_10_1.000000_2.phy,85,TO,460.2,MO
phylogeny_ms_exp2_400_10_1.000000_3.phy,178,TO,1203.2,MO
phylogeny_ms_exp2_400_10_1.000000_4.phy,75,390.66,62.06,TO
phylogeny_ms_exp2_400_10_2.000000_0.phy,193,TO,TO,656.74
phylogeny_ms_exp2_400_10_2.000000_1.phy,122,TO,2796.5099999999998,MO
phylogeny_ms_exp2_400_10_2.000000_2.phy,39,26.91,12.2,145.48
phylogeny_ms_exp2_400_10_2.000000_3.phy,-1,TO,TO,MO
phylogeny_ms_exp2_400_10_2.000000_4.phy,-1,TO,TO,MO
phylogeny_ms_exp2_400_10_4.000000_0.phy,-1,TO,TO,TO
phylogeny_ms_exp2_400_10_4.000000_1.phy,-1,TO,TO,TO
phylogeny_ms_exp2_400_10_4.000000_2.phy,266,TO,TO,1121.47
phylogeny_ms_exp2_400_10_4.000000_3.phy,267,TO,TO,295.75
phylogeny_ms_exp2_400_10_4.000000_4.phy,-1,TO,TO,TO
phylogeny_ms_exp2_400_20_0.000000_0.phy,0,1066.09,383.11,MO
phylogeny_ms_exp2_400_20_0.000000_1.phy,0,39.52,19.07,MO
phylogeny_ms_exp2_400_20_0.000000_2.phy,0,69.4,62.49,MO
phylogeny_ms_exp2_400_20_0.000000_3.phy,0,62.12,64.0,MO
phylogeny_ms_exp2_400_20_0.000000_4.phy,0,175.2,144.24,MO
phylogeny_ms_exp2_400_20_1.000000_0.phy,-1,TO,TO,MO
phylogeny_ms_exp2_400_20_1.000000_1.phy,213,TO,1925.75,MO
phylogeny_ms_exp2_400_20_1.000000_2.phy,-1,TO,TO,MO
phylogeny_ms_exp2_400_20_1.000000_3.phy,-1,TO,TO,MO
phylogeny_ms_exp2_400_20_1.000000_4.phy,0,181.4,205.43,MO
phylogeny_ms_exp2_400_20_2.000000_0.phy,-1,TO,TO,MO
phylogeny_ms_exp2_400_20_2.000000_1.phy,148,TO,2041.66,MO
phylogeny_ms_exp2_400_20_2.000000_2.phy,-1,TO,TO,MO
phylogeny_ms_exp2_400_20_2.000000_3.phy,-1,TO,TO,MO
phylogeny_ms_exp2_400_20_2.000000_4.phy,-1,TO,TO,MO
phylogeny_ms_exp2_400_20_4.000000_0.phy,-1,TO,TO,MO
phylogeny_ms_exp2_400_20_4.000000_1.phy,-1,TO,TO,MO
phylogeny_ms_exp2_400_20_4.000000_2.phy,-1,TO,TO,MO
phylogeny_ms_exp2_400_20_4.000000_3.phy,-1,TO,TO,MO
phylogeny_ms_exp2_400_20_4.000000_4.phy,-1,TO,TO,MO
phylogeny_ms_exp2_400_40_0.000000_0.phy,0,TO,2270.74,TO
phylogeny_ms_exp2_400_40_0.000000_1.phy,-1,TO,TO,TO
phylogeny_ms_exp2_400_40_0.000000_2.phy,-1,TO,TO,TO
phylogeny_ms_exp2_400_40_0.000000_3.phy,-1,TO,TO,TO
phylogeny_ms_exp2_400_40_0.000000_4.phy,0,268.61,214.92,TO
phylogeny_ms_exp2_400_4_0.000000_0.phy,0,6.7,6.15,0.02
phylogeny_ms_exp2_400_4_0.000000_1.phy,0,19.45,9.66,37.26
phylogeny_ms_exp2_400_4_0.000000_2.phy,0,6.71,6.23,0.01
phylogeny_ms_exp2_400_4_0.000000_3.phy,0,6.12,6.43,0.22
phylogeny_ms_exp2_400_4_0.000000_4.phy,0,6.5,6.02,0.21
phylogeny_ms_exp2_400_40_1.000000_0.phy,-1,TO,TO,MO
phylogeny_ms_exp2_400_40_1.000000_1.phy,-1,TO,TO,MO
phylogeny_ms_exp2_400_40_1.000000_2.phy,-1,TO,TO,MO
phylogeny_ms_exp2_400_40_1.000000_3.phy,-1,TO,TO,TO
phylogeny_ms_exp2_400_40_1.000000_4.phy,-1,TO,TO,MO
phylogeny_ms_exp2_400_40_2.000000_0.phy,-1,TO,TO,MO
phylogeny_ms_exp2_400_40_2.000000_1.phy,-1,TO,TO,MO
phylogeny_ms_exp2_400_40_2.000000_2.phy,-1,TO,TO,MO
phylogeny_ms_exp2_400_40_2.000000_3.phy,-1,TO,TO,MO
phylogeny_ms_exp2_400_40_2.000000_4.phy,-1,TO,TO,MO
phylogeny_ms_exp2_400_40_4.000000_0.phy,-1,TO,TO,MO
phylogeny_ms_exp2_400_40_4.000000_1.phy,-1,TO,TO,MO
phylogeny_ms_exp2_400_40_4.000000_2.phy,-1,TO,TO,MO
phylogeny_ms_exp2_400_40_4.000000_3.phy,-1,TO,TO,MO
phylogeny_ms_exp2_400_40_4.000000_4.phy,-1,TO,TO,MO
phylogeny_ms_exp2_400_4_1.000000_0.phy,64,25.76,10.85,30.49
phylogeny_ms_exp2_400_4_1.000000_1.phy,34,18.84,9.95,14.9
phylogeny_ms_exp2_400_4_1.000000_2.phy,37,20.27,9.57,105.52
phylogeny_ms_exp2_400_4_1.000000_3.phy,72,23.49,11.92,59.51
phylogeny_ms_exp2_400_4_1.000000_4.phy,51,21.71,10.63,54.48
phylogeny_ms_exp2_400_4_2.000000_0.phy,100,32.25,14.07,23.27
phylogeny_ms_exp2_400_4_2.000000_1.phy,171,1241.82,127.59,27.99
phylogeny_ms_exp2_400_4_2.000000_2.phy,162,182.97,43.99,15.11
phylogeny_ms_exp2_400_4_2.000000_3.phy,70,31.13,16.69,254.87
phylogeny_ms_exp2_400_4_2.000000_4.phy,131,302.51,32.55,42.56
phylogeny_ms_exp2_400_4_4.000000_0.phy,194,765.62,135.77,28.76
phylogeny_ms_exp2_400_4_4.000000_1.phy,131,3530.1,79.95,124.12
phylogeny_ms_exp2_400_4_4.000000_2.phy,135,3262.83,103.38,22.41
phylogeny_ms_exp2_400_4_4.000000_3.phy,121,TO,80.22,206.73
phylogeny_ms_exp2_400_4_4.000000_4.phy,124,302.46,42.15,47.23
phylogeny_ms_exp2_50_10_0.000000_0.phy,0,0.1,0.07,192.82
phylogeny_ms_exp2_50_10_0.000000_1.phy,0,0.09,0.07,29.02
phylogeny_ms_exp2_50_10_0.000000_2.phy,0,0.09,0.07,22.81
phylogeny_ms_exp2_50_10_0.000000_3.phy,0,0.08,0.05,229.24
phylogeny_ms_exp2_50_10_0.000000_4.phy,0,0.09,0.06,0.05
phylogeny_ms_exp2_50_10_1.000000_0.phy,0,0.14,0.11,13.21
phylogeny_ms_exp2_50_10_1.000000_1.phy,7,2.13,0.3,8.87
phylogeny_ms_exp2_50_10_1.000000_2.phy,12,1.02,0.22,2.88
phylogeny_ms_exp2_50_10_1.000000_3.phy,0,0.09,0.05,0.11
phylogeny_ms_exp2_50_10_1.000000_4.phy,0,0.06,0.07,0.05
phylogeny_ms_exp2_50_10_2.000000_0.phy,3,0.11,0.08,2.96
phylogeny_ms_exp2_50_10_2.000000_1.phy,0,0.06,0.05,0.05
phylogeny_ms_exp2_50_10_2.000000_2.phy,10,0.67,0.27,300.29
phylogeny_ms_exp2_50_10_2.000000_3.phy,20,9.44,0.87,544.11
phylogeny_ms_exp2_50_10_2.000000_4.phy,1,0.1,0.08,1.67
phylogeny_ms_exp2_50_10_4.000000_0.phy,13,0.17,0.13,3.03
phylogeny_ms_exp2_50_10_4.000000_1.phy,25,84.66,3.73,13.99
phylogeny_ms_exp2_50_10_4.000000_2.phy,18,34.31,1.53,5.5
phylogeny_ms_exp2_50_10_4.000000_3.phy,17,1.59,0.28,TO
phylogeny_ms_exp2_50_10_4.000000_4.phy,20,3.86,0.61,TO
phylogeny_ms_exp2_50_20_0.000000_0.phy,0,0.13,0.08,TO
phylogeny_ms_exp2_50_20_0.000000_1.phy,0,0.07,0.05,9.83
phylogeny_ms_exp2_50_20_0.000000_2.phy,0,0.07,0.04,9.77
phylogeny_ms_exp2_50_20_0.000000_3.phy,0,0.18,0.09,TO
phylogeny_ms_exp2_50_20_0.000000_4.phy,0,0.11,0.1,TO
phylogeny_ms_exp2_50_20_1.000000_0.phy,0,0.11,0.06,TO
phylogeny_ms_exp2_50_20_1.000000_1.phy,0,0.15,0.09,TO
phylogeny_ms_exp2_50_20_1.000000_2.phy,11,4.11,0.71,462.31
phylogeny_ms_exp2_50_20_1.000000_3.phy,0,0.1,0.07,241.07999999999998
phylogeny_ms_exp2_50_20_1.000000_4.phy,3,4.34,0.4,TO
phylogeny_ms_exp2_50_20_2.000000_0.phy,1,0.11,0.08,46.06
phylogeny_ms_exp2_50_20_2.000000_1.phy,1,0.13,0.11,TO
phylogeny_ms_exp2_50_20_2.000000_2.phy,6,1.97,0.24,TO
phylogeny_ms_exp2_50_20_2.000000_3.phy,7,0.13,0.09,TO
phylogeny_ms_exp2_50_20_2.000000_4.phy,1,3.49,0.39,TO
phylogeny_ms_exp2_50_20_4.000000_0.phy,17,50.81,2.47,TO
phylogeny_ms_exp2_50_20_4.000000_1.phy,8,4.01,0.36,141.53
phylogeny_ms_exp2_50_20_4.000000_2.phy,16,746.83,8.44,TO
phylogeny_ms_exp2_50_20_4.000000_3.phy,10,116.74,1.78,19.27
phylogeny_ms_exp2_50_20_4.000000_4.phy,8,3.16,0.43,83.69
phylogeny_ms_exp2_50_40_0.000000_0.phy,0,0.1,0.08,TO
phylogeny_ms_exp2_50_40_0.000000_1.phy,0,0.07,0.05,3507.77
phylogeny_ms_exp2_50_40_0.000000_2.phy,0,0.11,0.06,TO
phylogeny_ms_exp2_50_40_0.000000_3.phy,0,0.12,0.1,TO
phylogeny_ms_exp2_50_40_0.000000_4.phy,0,0.07,0.04,7.29
phylogeny_ms_exp2_50_4_0.000000_0.phy,0,0.07,0.04,0.03
phylogeny_ms_exp2_50_4_0.000000_1.phy,0,0.05,0.05,0.01
phylogeny_ms_exp2_50_4_0.000000_2.phy,0,0.05,0.04,0.05
phylogeny_ms_exp2_50_4_0.000000_3.phy,0,0.05,0.07,0.05
phylogeny_ms_exp2_50_4_0.000000_4.phy,0,0.08,0.05,0.16
phylogeny_ms_exp2_50_40_1.000000_0.phy,0,0.11,0.07,922.35
phylogeny_ms_exp2_50_40_1.000000_1.phy,0,0.24,0.13,TO
phylogeny_ms_exp2_50_40_1.000000_2.phy,0,0.13,0.07,TO
phylogeny_ms_exp2_50_40_1.000000_3.phy,0,28.25,0.58,TO
phylogeny_ms_exp2_50_40_1.000000_4.phy,0,0.13,0.08,TO
phylogeny_ms_exp2_50_40_2.000000_0.phy,4,0.18,0.12,TO
phylogeny_ms_exp2_50_40_2.000000_1.phy,0,0.12,0.08,TO
phylogeny_ms_exp2_50_40_2.000000_2.phy,2,1.93,0.26,TO
phylogeny_ms_exp2_50_40_2.000000_3.phy,5,3.45,0.38,TO
phylogeny_ms_exp2_50_40_2.000000_4.phy,0,0.2,0.15,TO
phylogeny_ms_exp2_50_40_4.000000_0.phy,6,814.13,2.78,TO
phylogeny_ms_exp2_50_40_4.000000_1.phy,-1,TO,TO,TO
phylogeny_ms_exp2_50_40_4.000000_2.phy,11,TO,19.87,TO
phylogeny_ms_exp2_50_40_4.000000_3.phy,4,353.94,5.02,TO
phylogeny_ms_exp2_50_40_4.000000_4.phy,4,14.52,1.22,TO
phylogeny_ms_exp2_50_4_1.000000_0.phy,10,0.09,0.09,0.14
phylogeny_ms_exp2_50_4_1.000000_1.phy,0,0.08,0.04,0.01
phylogeny_ms_exp2_50_4_1.000000_2.phy,4,0.07,0.06,0.13
phylogeny_ms_exp2_50_4_1.000000_3.phy,7,0.08,0.07,0.16
phylogeny_ms_exp2_50_4_1.000000_4.phy,0,0.08,0.05,0.01
phylogeny_ms_exp2_50_4_2.000000_0.phy,9,0.1,0.17,0.3
phylogeny_ms_exp2_50_4_2.000000_1.phy,9,0.09,0.08,0.28
phylogeny_ms_exp2_50_4_2.000000_2.phy,8,0.09,0.060000000000000005,0.16
phylogeny_ms_exp2_50_4_2.000000_3.phy,8,0.09,0.07,0.11
phylogeny_ms_exp2_50_4_2.000000_4.phy,7,0.05,0.07,0.84
phylogeny_ms_exp2_50_4_4.000000_0.phy,10,0.19,0.12,0.24
phylogeny_ms_exp2_50_4_4.000000_1.phy,10,0.09,0.07,0.11
phylogeny_ms_exp2_50_4_4.000000_2.phy,4,0.1,0.07,0.09000000000000001
phylogeny_ms_exp2_50_4_4.000000_3.phy,22,0.46,0.19,0.12
phylogeny_ms_exp2_50_4_4.000000_4.phy,12,0.11,0.18,0.49
totals,-,804,1152,472
