instance,char_rem,minsep_ip,triang,bin_ip
phylogeny_ms_bin_exp1_n_100_0.phy,8,1.36,0.11,0.08
phylogeny_ms_bin_exp1_n_1000_0.phy,184,TO,TO,23.36
phylogeny_ms_bin_exp1_n_1000_10.phy,134,TO,798.87,27.02
phylogeny_ms_bin_exp1_n_1000_11.phy,223,TO,TO,29.34
phylogeny_ms_bin_exp1_n_1000_12.phy,179,TO,184.32,25.41
phylogeny_ms_bin_exp1_n_1000_13.phy,248,TO,TO,23.71
phylogeny_ms_bin_exp1_n_1000_14.phy,233,TO,2102.87,29.94
phylogeny_ms_bin_exp1_n_1000_15.phy,-1,TO,TO,MO
phylogeny_ms_bin_exp1_n_1000_16.phy,-1,TO,TO,MO
phylogeny_ms_bin_exp1_n_1000_17.phy,-1,TO,TO,MO
phylogeny_ms_bin_exp1_n_1000_18.phy,147,TO,1220.71,MO
phylogeny_ms_bin_exp1_n_1000_19.phy,236,TO,TO,26.02
phylogeny_ms_bin_exp1_n_1000_1.phy,-1,TO,TO,MO
phylogeny_ms_bin_exp1_n_1000_2.phy,184,TO,823.54,MO
phylogeny_ms_bin_exp1_n_1000_3.phy,303,TO,TO,42.83
phylogeny_ms_bin_exp1_n_1000_4.phy,-1,TO,TO,MO
phylogeny_ms_bin_exp1_n_1000_5.phy,275,TO,TO,31.86
phylogeny_ms_bin_exp1_n_1000_6.phy,105,TO,1208.67,21.62
phylogeny_ms_bin_exp1_n_1000_7.phy,285,TO,TO,30.45
phylogeny_ms_bin_exp1_n_1000_8.phy,165,TO,TO,27.65
phylogeny_ms_bin_exp1_n_1000_9.phy,-1,TO,TO,MO
phylogeny_ms_bin_exp1_n_100_10.phy,18,7.07,0.14,0.41000000000000003
phylogeny_ms_bin_exp1_n_100_11.phy,19,0.3,0.08,0.08
phylogeny_ms_bin_exp1_n_100_12.phy,19,6.65,0.13,0.12000000000000001
phylogeny_ms_bin_exp1_n_100_13.phy,14,0.18,0.09,0.13
phylogeny_ms_bin_exp1_n_100_14.phy,9,0.29,0.08,0.39
phylogeny_ms_bin_exp1_n_100_15.phy,1,0.12,0.09,0.12
phylogeny_ms_bin_exp1_n_100_16.phy,19,373.32,0.33,0.41
phylogeny_ms_bin_exp1_n_100_17.phy,16,3.25,0.11,0.4
phylogeny_ms_bin_exp1_n_100_18.phy,9,0.27,0.09,0.14
phylogeny_ms_bin_exp1_n_100_19.phy,32,TO,0.61,0.46
phylogeny_ms_bin_exp1_n_100_1.phy,13,1.17,0.12,0.42
phylogeny_ms_bin_exp1_n_100_2.phy,17,12.27,0.15,0.14
phylogeny_ms_bin_exp1_n_100_3.phy,11,0.68,0.07,0.12
phylogeny_ms_bin_exp1_n_100_4.phy,20,100.39,0.29,0.54
phylogeny_ms_bin_exp1_n_100_5.phy,21,4.84,0.16,0.51
phylogeny_ms_bin_exp1_n_100_6.phy,4,0.2,0.07,0.11
phylogeny_ms_bin_exp1_n_100_7.phy,9,0.18,0.1,0.17
phylogeny_ms_bin_exp1_n_100_8.phy,17,1.05,0.09,0.18
phylogeny_ms_bin_exp1_n_100_9.phy,17,2.27,0.11,0.12
phylogeny_ms_bin_exp1_n_1100_0.phy,223,TO,2222.8,MO
phylogeny_ms_bin_exp1_n_1100_10.phy,-1,TO,TO,MO
phylogeny_ms_bin_exp1_n_1100_11.phy,139,TO,TO,33.7
phylogeny_ms_bin_exp1_n_1100_12.phy,227,TO,TO,33.6
phylogeny_ms_bin_exp1_n_1100_13.phy,-1,TO,TO,MO
phylogeny_ms_bin_exp1_n_1100_14.phy,184,TO,TO,31.0
phylogeny_ms_bin_exp1_n_1100_15.phy,186,TO,TO,31.87
phylogeny_ms_bin_exp1_n_1100_16.phy,251,TO,TO,32.49
phylogeny_ms_bin_exp1_n_1100_17.phy,-1,TO,TO,MO
phylogeny_ms_bin_exp1_n_1100_18.phy,186,TO,1791.59,MO
phylogeny_ms_bin_exp1_n_1100_19.phy,279,TO,TO,43.29
phylogeny_ms_bin_exp1_n_1100_1.phy,289,TO,TO,40.13
phylogeny_ms_bin_exp1_n_1100_2.phy,267,TO,TO,33.79
phylogeny_ms_bin_exp1_n_1100_3.phy,-1,TO,TO,MO
phylogeny_ms_bin_exp1_n_1100_4.phy,208,TO,TO,32.87
phylogeny_ms_bin_exp1_n_1100_5.phy,-1,TO,TO,MO
phylogeny_ms_bin_exp1_n_1100_6.phy,96,TO,941.23,28.43
phylogeny_ms_bin_exp1_n_1100_7.phy,-1,TO,TO,MO
phylogeny_ms_bin_exp1_n_1100_8.phy,163,TO,TO,45.56
phylogeny_ms_bin_exp1_n_1100_9.phy,279,TO,TO,40.82
phylogeny_ms_bin_exp1_n_1200_0.phy,-1,TO,TO,MO
phylogeny_ms_bin_exp1_n_1200_10.phy,250,TO,TO,44.94
phylogeny_ms_bin_exp1_n_1200_11.phy,196,TO,1070.9,40.33
phylogeny_ms_bin_exp1_n_1200_12.phy,258,TO,TO,53.25
phylogeny_ms_bin_exp1_n_1200_13.phy,317,TO,TO,57.19
phylogeny_ms_bin_exp1_n_1200_14.phy,125,TO,2763.03,51.1
phylogeny_ms_bin_exp1_n_1200_15.phy,-1,TO,TO,MO
phylogeny_ms_bin_exp1_n_1200_16.phy,-1,TO,TO,MO
phylogeny_ms_bin_exp1_n_1200_17.phy,407,TO,TO,43.45
phylogeny_ms_bin_exp1_n_1200_18.phy,-1,TO,TO,MO
phylogeny_ms_bin_exp1_n_1200_19.phy,185,TO,TO,36.01
phylogeny_ms_bin_exp1_n_1200_1.phy,241,TO,TO,42.84
phylogeny_ms_bin_exp1_n_1200_2.phy,-1,TO,TO,MO
phylogeny_ms_bin_exp1_n_1200_3.phy,207,TO,TO,43.49
phylogeny_ms_bin_exp1_n_1200_4.phy,283,TO,3502.81,MO
phylogeny_ms_bin_exp1_n_1200_5.phy,256,TO,TO,43.43
phylogeny_ms_bin_exp1_n_1200_6.phy,-1,TO,TO,MO
phylogeny_ms_bin_exp1_n_1200_7.phy,264,TO,TO,48.08
phylogeny_ms_bin_exp1_n_1200_8.phy,124,TO,369.85,MO
phylogeny_ms_bin_exp1_n_1200_9.phy,217,TO,TO,51.62
phylogeny_ms_bin_exp1_n_1300_0.phy,288,TO,TO,62.61
phylogeny_ms_bin_exp1_n_1300_10.phy,-1,TO,TO,MO
phylogeny_ms_bin_exp1_n_1300_11.phy,373,TO,TO,60.62
phylogeny_ms_bin_exp1_n_1300_12.phy,312,TO,TO,62.5
phylogeny_ms_bin_exp1_n_1300_13.phy,254,TO,TO,53.09
phylogeny_ms_bin_exp1_n_1300_14.phy,315,TO,TO,75.01
phylogeny_ms_bin_exp1_n_1300_15.phy,253,TO,TO,56.92
phylogeny_ms_bin_exp1_n_1300_16.phy,239,1732.82,170.06,MO
phylogeny_ms_bin_exp1_n_1300_17.phy,-1,TO,TO,MO
phylogeny_ms_bin_exp1_n_1300_18.phy,76,3143.3,181.79,47.29
phylogeny_ms_bin_exp1_n_1300_19.phy,180,TO,TO,47.4
phylogeny_ms_bin_exp1_n_1300_1.phy,178,TO,1964.7199999999998,MO
phylogeny_ms_bin_exp1_n_1300_2.phy,226,TO,TO,54.67
phylogeny_ms_bin_exp1_n_1300_3.phy,287,TO,2346.5,64.56
phylogeny_ms_bin_exp1_n_1300_4.phy,-1,TO,TO,MO
phylogeny_ms_bin_exp1_n_1300_5.phy,179,TO,822.72,54.11
phylogeny_ms_bin_exp1_n_1300_6.phy,-1,TO,TO,MO
phylogeny_ms_bin_exp1_n_1300_7.phy,124,TO,326.36,58.6
phylogeny_ms_bin_exp1_n_1300_8.phy,337,TO,TO,60.31
phylogeny_ms_bin_exp1_n_1300_9.phy,-1,TO,TO,MO
phylogeny_ms_bin_exp1_n_1400_0.phy,-1,TO,TO,MO
phylogeny_ms_bin_exp1_n_1400_10.phy,289,TO,TO,105.49
phylogeny_ms_bin_exp1_n_1400_11.phy,272,TO,TO,69.48
phylogeny_ms_bin_exp1_n_1400_12.phy,279,TO,TO,79.06
phylogeny_ms_bin_exp1_n_1400_13.phy,270,TO,TO,62.58
phylogeny_ms_bin_exp1_n_1400_14.phy,417,TO,TO,81.68
phylogeny_ms_bin_exp1_n_1400_15.phy,-1,TO,TO,MO
phylogeny_ms_bin_exp1_n_1400_16.phy,339,TO,TO,97.54
phylogeny_ms_bin_exp1_n_1400_17.phy,400,TO,TO,93.77
phylogeny_ms_bin_exp1_n_1400_18.phy,193,TO,TO,67.12
phylogeny_ms_bin_exp1_n_1400_19.phy,-1,TO,TO,MO
phylogeny_ms_bin_exp1_n_1400_1.phy,280,TO,TO,74.17
phylogeny_ms_bin_exp1_n_1400_2.phy,-1,TO,TO,MO
phylogeny_ms_bin_exp1_n_1400_3.phy,337,TO,TO,63.69
phylogeny_ms_bin_exp1_n_1400_4.phy,316,TO,TO,77.81
phylogeny_ms_bin_exp1_n_1400_5.phy,279,TO,TO,67.13
phylogeny_ms_bin_exp1_n_1400_6.phy,-1,TO,TO,MO
phylogeny_ms_bin_exp1_n_1400_7.phy,-1,TO,TO,MO
phylogeny_ms_bin_exp1_n_1400_8.phy,182,TO,TO,59.81
phylogeny_ms_bin_exp1_n_1400_9.phy,219,TO,TO,77.36
phylogeny_ms_bin_exp1_n_1500_0.phy,294,TO,TO,81.48
phylogeny_ms_bin_exp1_n_1500_10.phy,449,TO,TO,107.31
phylogeny_ms_bin_exp1_n_1500_11.phy,-1,TO,TO,MO
phylogeny_ms_bin_exp1_n_1500_12.phy,228,TO,TO,88.98
phylogeny_ms_bin_exp1_n_1500_13.phy,420,TO,TO,83.79
phylogeny_ms_bin_exp1_n_1500_14.phy,248,TO,TO,78.23
phylogeny_ms_bin_exp1_n_1500_15.phy,235,TO,631.15,MO
phylogeny_ms_bin_exp1_n_1500_16.phy,298,TO,TO,87.78
phylogeny_ms_bin_exp1_n_1500_17.phy,-1,TO,TO,MO
phylogeny_ms_bin_exp1_n_1500_18.phy,-1,TO,TO,MO
phylogeny_ms_bin_exp1_n_1500_19.phy,-1,TO,TO,MO
phylogeny_ms_bin_exp1_n_1500_1.phy,-1,TO,TO,MO
phylogeny_ms_bin_exp1_n_1500_2.phy,243,TO,TO,78.01
phylogeny_ms_bin_exp1_n_1500_3.phy,428,TO,TO,85.68
phylogeny_ms_bin_exp1_n_1500_4.phy,342,TO,TO,86.41
phylogeny_ms_bin_exp1_n_1500_5.phy,-1,TO,TO,MO
phylogeny_ms_bin_exp1_n_1500_6.phy,-1,TO,TO,MO
phylogeny_ms_bin_exp1_n_1500_7.phy,-1,TO,TO,MO
phylogeny_ms_bin_exp1_n_1500_8.phy,295,TO,TO,99.87
phylogeny_ms_bin_exp1_n_1500_9.phy,340,TO,TO,99.89
phylogeny_ms_bin_exp1_n_1600_0.phy,-1,TO,TO,MO
phylogeny_ms_bin_exp1_n_1600_10.phy,328,TO,TO,111.74
phylogeny_ms_bin_exp1_n_1600_11.phy,485,TO,TO,110.07
phylogeny_ms_bin_exp1_n_1600_12.phy,216,TO,TO,82.89
phylogeny_ms_bin_exp1_n_1600_13.phy,293,TO,2352.37,115.86
phylogeny_ms_bin_exp1_n_1600_14.phy,355,TO,TO,108.27
phylogeny_ms_bin_exp1_n_1600_15.phy,234,TO,TO,125.07
phylogeny_ms_bin_exp1_n_1600_16.phy,411,TO,TO,94.6
phylogeny_ms_bin_exp1_n_1600_17.phy,-1,TO,TO,MO
phylogeny_ms_bin_exp1_n_1600_18.phy,-1,TO,TO,MO
phylogeny_ms_bin_exp1_n_1600_19.phy,-1,TO,TO,MO
phylogeny_ms_bin_exp1_n_1600_1.phy,254,TO,TO,103.93
phylogeny_ms_bin_exp1_n_1600_2.phy,217,TO,TO,113.29
phylogeny_ms_bin_exp1_n_1600_3.phy,203,TO,TO,91.66000000000001
phylogeny_ms_bin_exp1_n_1600_4.phy,437,TO,TO,111.45
phylogeny_ms_bin_exp1_n_1600_5.phy,-1,TO,TO,MO
phylogeny_ms_bin_exp1_n_1600_6.phy,-1,TO,TO,MO
phylogeny_ms_bin_exp1_n_1600_7.phy,-1,TO,TO,MO
phylogeny_ms_bin_exp1_n_1600_8.phy,378,TO,TO,108.75
phylogeny_ms_bin_exp1_n_1600_9.phy,258,TO,TO,109.76
phylogeny_ms_bin_exp1_n_1700_0.phy,-1,TO,TO,MO
phylogeny_ms_bin_exp1_n_1700_10.phy,389,TO,TO,123.3
phylogeny_ms_bin_exp1_n_1700_11.phy,118,TO,650.22,125.43
phylogeny_ms_bin_exp1_n_1700_12.phy,-1,TO,TO,MO
phylogeny_ms_bin_exp1_n_1700_13.phy,345,TO,TO,117.31
phylogeny_ms_bin_exp1_n_1700_14.phy,253,TO,TO,121.89
phylogeny_ms_bin_exp1_n_1700_15.phy,373,TO,TO,120.68
phylogeny_ms_bin_exp1_n_1700_16.phy,360,TO,TO,123.8
phylogeny_ms_bin_exp1_n_1700_17.phy,264,TO,TO,109.72
phylogeny_ms_bin_exp1_n_1700_18.phy,244,TO,TO,120.45
phylogeny_ms_bin_exp1_n_1700_19.phy,381,TO,TO,125.83
phylogeny_ms_bin_exp1_n_1700_1.phy,327,TO,TO,131.96
phylogeny_ms_bin_exp1_n_1700_2.phy,390,TO,TO,129.7
phylogeny_ms_bin_exp1_n_1700_3.phy,383,TO,TO,123.04
phylogeny_ms_bin_exp1_n_1700_4.phy,377,TO,TO,126.21
phylogeny_ms_bin_exp1_n_1700_5.phy,439,TO,TO,121.08
phylogeny_ms_bin_exp1_n_1700_6.phy,152,TO,3324.7000000000003,103.7
phylogeny_ms_bin_exp1_n_1700_7.phy,246,TO,TO,132.35
phylogeny_ms_bin_exp1_n_1700_8.phy,288,TO,TO,110.72
phylogeny_ms_bin_exp1_n_1700_9.phy,345,TO,TO,108.39
phylogeny_ms_bin_exp1_n_1800_0.phy,311,TO,TO,135.33
phylogeny_ms_bin_exp1_n_1800_10.phy,584,TO,TO,184.3
phylogeny_ms_bin_exp1_n_1800_11.phy,-1,TO,TO,MO
phylogeny_ms_bin_exp1_n_1800_12.phy,551,TO,TO,149.59
phylogeny_ms_bin_exp1_n_1800_13.phy,272,TO,TO,130.04
phylogeny_ms_bin_exp1_n_1800_14.phy,324,TO,TO,138.99
phylogeny_ms_bin_exp1_n_1800_15.phy,646,TO,TO,149.39
phylogeny_ms_bin_exp1_n_1800_16.phy,400,TO,TO,141.37
phylogeny_ms_bin_exp1_n_1800_17.phy,-1,TO,TO,MO
phylogeny_ms_bin_exp1_n_1800_18.phy,-1,TO,TO,MO
phylogeny_ms_bin_exp1_n_1800_19.phy,329,TO,TO,157.06
phylogeny_ms_bin_exp1_n_1800_1.phy,294,TO,TO,136.49
phylogeny_ms_bin_exp1_n_1800_2.phy,436,TO,TO,147.16
phylogeny_ms_bin_exp1_n_1800_3.phy,-1,TO,TO,MO
phylogeny_ms_bin_exp1_n_1800_4.phy,377,TO,TO,148.75
phylogeny_ms_bin_exp1_n_1800_5.phy,281,TO,TO,137.9
phylogeny_ms_bin_exp1_n_1800_6.phy,249,TO,TO,129.18
phylogeny_ms_bin_exp1_n_1800_7.phy,448,TO,TO,147.42
phylogeny_ms_bin_exp1_n_1800_8.phy,-1,TO,TO,MO
phylogeny_ms_bin_exp1_n_1800_9.phy,373,TO,TO,130.93
phylogeny_ms_bin_exp1_n_1900_0.phy,586,TO,TO,185.82
phylogeny_ms_bin_exp1_n_1900_10.phy,-1,TO,TO,MO
phylogeny_ms_bin_exp1_n_1900_11.phy,496,TO,TO,186.03
phylogeny_ms_bin_exp1_n_1900_12.phy,237,TO,TO,183.6
phylogeny_ms_bin_exp1_n_1900_13.phy,-1,TO,TO,MO
phylogeny_ms_bin_exp1_n_1900_14.phy,-1,TO,TO,MO
phylogeny_ms_bin_exp1_n_1900_15.phy,-1,TO,TO,MO
phylogeny_ms_bin_exp1_n_1900_16.phy,-1,TO,TO,MO
phylogeny_ms_bin_exp1_n_1900_17.phy,-1,TO,TO,MO
phylogeny_ms_bin_exp1_n_1900_18.phy,472,TO,TO,172.65
phylogeny_ms_bin_exp1_n_1900_19.phy,360,TO,TO,185.86
phylogeny_ms_bin_exp1_n_1900_1.phy,468,TO,TO,183.11
phylogeny_ms_bin_exp1_n_1900_2.phy,407,TO,TO,165.55
phylogeny_ms_bin_exp1_n_1900_3.phy,-1,TO,TO,MO
phylogeny_ms_bin_exp1_n_1900_4.phy,390,TO,TO,171.02
phylogeny_ms_bin_exp1_n_1900_5.phy,472,TO,TO,178.55
phylogeny_ms_bin_exp1_n_1900_6.phy,474,TO,TO,175.01
phylogeny_ms_bin_exp1_n_1900_7.phy,261,TO,TO,191.38
phylogeny_ms_bin_exp1_n_1900_8.phy,270,TO,TO,186.75
phylogeny_ms_bin_exp1_n_1900_9.phy,375,TO,TO,155.58
phylogeny_ms_bin_exp1_n_2000_0.phy,417,TO,TO,186.81
phylogeny_ms_bin_exp1_n_2000_10.phy,151,TO,1192.66,191.96
phylogeny_ms_bin_exp1_n_2000_11.phy,-1,TO,TO,MO
phylogeny_ms_bin_exp1_n_2000_12.phy,-1,TO,TO,MO
phylogeny_ms_bin_exp1_n_2000_13.phy,460,TO,TO,197.06
phylogeny_ms_bin_exp1_n_2000_14.phy,457,TO,TO,234.8
phylogeny_ms_bin_exp1_n_2000_15.phy,187,TO,TO,282.98
phylogeny_ms_bin_exp1_n_2000_16.phy,375,TO,TO,215.57
phylogeny_ms_bin_exp1_n_2000_17.phy,-1,TO,TO,MO
phylogeny_ms_bin_exp1_n_2000_18.phy,434,TO,TO,196.76
phylogeny_ms_bin_exp1_n_2000_19.phy,595,TO,TO,218.14000000000001
phylogeny_ms_bin_exp1_n_2000_1.phy,-1,TO,TO,MO
phylogeny_ms_bin_exp1_n_2000_2.phy,-1,TO,TO,MO
phylogeny_ms_bin_exp1_n_2000_3.phy,-1,TO,TO,MO
phylogeny_ms_bin_exp1_n_2000_4.phy,368,TO,TO,206.83
phylogeny_ms_bin_exp1_n_2000_5.phy,446,TO,TO,192.09
phylogeny_ms_bin_exp1_n_2000_6.phy,338,TO,TO,208.59
phylogeny_ms_bin_exp1_n_2000_7.phy,480,TO,TO,211.66
phylogeny_ms_bin_exp1_n_2000_8.phy,413,TO,TO,202.04
phylogeny_ms_bin_exp1_n_2000_9.phy,605,TO,TO,216.12
phylogeny_ms_bin_exp1_n_200_0.phy,38,1742.52,0.92,2.93
phylogeny_ms_bin_exp1_n_200_10.phy,17,1.2,0.43,0.46
phylogeny_ms_bin_exp1_n_200_11.phy,32,716.88,0.88,0.43
phylogeny_ms_bin_exp1_n_200_12.phy,22,18.75,0.41000000000000003,2.24
phylogeny_ms_bin_exp1_n_200_13.phy,19,4.37,0.49,0.91
phylogeny_ms_bin_exp1_n_200_14.phy,12,0.63,0.32,0.35
phylogeny_ms_bin_exp1_n_200_15.phy,23,1.87,0.41,0.45
phylogeny_ms_bin_exp1_n_200_16.phy,30,178.67,1.05,0.52
phylogeny_ms_bin_exp1_n_200_17.phy,22,10.4,0.49,0.42
phylogeny_ms_bin_exp1_n_200_18.phy,18,5.31,0.26,0.4
phylogeny_ms_bin_exp1_n_200_19.phy,48,TO,40.74,3.11
phylogeny_ms_bin_exp1_n_200_1.phy,17,10.81,0.53,3.24
phylogeny_ms_bin_exp1_n_200_2.phy,25,2330.09,0.97,2.31
phylogeny_ms_bin_exp1_n_200_3.phy,45,3516.78,1.99,3.94
phylogeny_ms_bin_exp1_n_200_4.phy,28,6.72,0.29,2.45
phylogeny_ms_bin_exp1_n_200_5.phy,56,TO,1.75,0.37
phylogeny_ms_bin_exp1_n_200_6.phy,45,TO,3.49,0.43
phylogeny_ms_bin_exp1_n_200_7.phy,38,TO,1.53,0.39
phylogeny_ms_bin_exp1_n_200_8.phy,44,TO,3.55,2.79
phylogeny_ms_bin_exp1_n_200_9.phy,42,TO,1.5,0.36
phylogeny_ms_bin_exp1_n_300_0.phy,88,245.11,2.04,1.21
phylogeny_ms_bin_exp1_n_300_10.phy,46,TO,10.35,9.49
phylogeny_ms_bin_exp1_n_300_11.phy,44,3104.7799999999997,2.92,14.04
phylogeny_ms_bin_exp1_n_300_12.phy,42,TO,2.95,0.82
phylogeny_ms_bin_exp1_n_300_13.phy,59,MO,18.54,0.96
phylogeny_ms_bin_exp1_n_300_14.phy,83,TO,85.24,11.83
phylogeny_ms_bin_exp1_n_300_15.phy,32,282.85,2.03,10.94
phylogeny_ms_bin_exp1_n_300_16.phy,80,TO,9.05,15.37
phylogeny_ms_bin_exp1_n_300_17.phy,66,TO,8.93,1.08
phylogeny_ms_bin_exp1_n_300_18.phy,42,TO,3.95,9.85
phylogeny_ms_bin_exp1_n_300_19.phy,74,TO,78.5,1.01
phylogeny_ms_bin_exp1_n_300_1.phy,49,727.43,2.25,1.04
phylogeny_ms_bin_exp1_n_300_2.phy,53,216.42,2.0,0.9
phylogeny_ms_bin_exp1_n_300_3.phy,58,MO,30.32,10.08
phylogeny_ms_bin_exp1_n_300_4.phy,40,39.94,1.23,0.79
phylogeny_ms_bin_exp1_n_300_5.phy,81,TO,50.51,0.96
phylogeny_ms_bin_exp1_n_300_6.phy,82,TO,47.82,13.16
phylogeny_ms_bin_exp1_n_300_7.phy,34,76.39,1.15,0.79
phylogeny_ms_bin_exp1_n_300_8.phy,46,3.96,1.41,1.11
phylogeny_ms_bin_exp1_n_300_9.phy,55,TO,10.87,0.78
phylogeny_ms_bin_exp1_n_400_0.phy,71,TO,63.2,1.89
phylogeny_ms_bin_exp1_n_400_10.phy,119,TO,20.77,2.65
phylogeny_ms_bin_exp1_n_400_11.phy,72,TO,22.3,2.02
phylogeny_ms_bin_exp1_n_400_12.phy,52,TO,21.2,27.34
phylogeny_ms_bin_exp1_n_400_13.phy,94,TO,287.98,2.0700000000000003
phylogeny_ms_bin_exp1_n_400_14.phy,65,MO,26.43,1.58
phylogeny_ms_bin_exp1_n_400_15.phy,99,TO,17.67,2.63
phylogeny_ms_bin_exp1_n_400_16.phy,57,TO,16.89,32.2
phylogeny_ms_bin_exp1_n_400_17.phy,18,4.33,2.42,1.67
phylogeny_ms_bin_exp1_n_400_18.phy,77,MO,52.42,2.25
phylogeny_ms_bin_exp1_n_400_19.phy,89,TO,206.94,2.18
phylogeny_ms_bin_exp1_n_400_1.phy,46,242.95,3.27,1.56
phylogeny_ms_bin_exp1_n_400_2.phy,79,MO,31.93,30.0
phylogeny_ms_bin_exp1_n_400_3.phy,132,TO,3243.93,2.69
phylogeny_ms_bin_exp1_n_400_4.phy,98,TO,58.7,35.87
phylogeny_ms_bin_exp1_n_400_5.phy,72,MO,30.0,27.03
phylogeny_ms_bin_exp1_n_400_6.phy,113,MO,38.93,33.02
phylogeny_ms_bin_exp1_n_400_7.phy,72,TO,31.62,2.17
phylogeny_ms_bin_exp1_n_400_8.phy,42,44.99,2.69,2.1
phylogeny_ms_bin_exp1_n_400_9.phy,59,TO,19.29,30.92
phylogeny_ms_bin_exp1_n_500_0.phy,103,TO,21.67,4.11
phylogeny_ms_bin_exp1_n_500_10.phy,94,TO,3320.95,3.19
phylogeny_ms_bin_exp1_n_500_11.phy,107,TO,204.94,4.21
phylogeny_ms_bin_exp1_n_500_12.phy,43,200.2,4.85,3.81
phylogeny_ms_bin_exp1_n_500_13.phy,131,TO,335.16,79.01
phylogeny_ms_bin_exp1_n_500_14.phy,63,TO,233.81,50.33
phylogeny_ms_bin_exp1_n_500_15.phy,199,TO,529.0,7.11
phylogeny_ms_bin_exp1_n_500_16.phy,56,TO,66.1,TO
phylogeny_ms_bin_exp1_n_500_17.phy,87,TO,87.11,3.37
phylogeny_ms_bin_exp1_n_500_18.phy,82,TO,115.17,3.81
phylogeny_ms_bin_exp1_n_500_19.phy,50,28.14,4.73,3.65
phylogeny_ms_bin_exp1_n_500_1.phy,152,TO,565.64,103.6
phylogeny_ms_bin_exp1_n_500_2.phy,85,TO,96.46,4.08
phylogeny_ms_bin_exp1_n_500_3.phy,124,TO,514.87,77.51
phylogeny_ms_bin_exp1_n_500_4.phy,49,TO,10.76,3.51
phylogeny_ms_bin_exp1_n_500_5.phy,107,TO,121.28,3.81
phylogeny_ms_bin_exp1_n_500_6.phy,103,TO,108.15,112.65
phylogeny_ms_bin_exp1_n_500_7.phy,73,MO,39.46,40.08
phylogeny_ms_bin_exp1_n_500_8.phy,56,TO,229.81,3.66
phylogeny_ms_bin_exp1_n_500_9.phy,100,1345.56,9.57,3.81
phylogeny_ms_bin_exp1_n_600_0.phy,199,TO,TO,187.95
phylogeny_ms_bin_exp1_n_600_10.phy,107,MO,77.16,145.12
phylogeny_ms_bin_exp1_n_600_11.phy,75,TO,19.6,107.02
phylogeny_ms_bin_exp1_n_600_12.phy,123,TO,92.11,129.1
phylogeny_ms_bin_exp1_n_600_13.phy,90,TO,45.41,111.66
phylogeny_ms_bin_exp1_n_600_14.phy,128,TO,TO,6.48
phylogeny_ms_bin_exp1_n_600_15.phy,115,TO,540.1600000000001,147.28
phylogeny_ms_bin_exp1_n_600_16.phy,40,484.18,10.2,82.52
phylogeny_ms_bin_exp1_n_600_17.phy,156,TO,106.47,127.55
phylogeny_ms_bin_exp1_n_600_18.phy,96,TO,56.26,120.46
phylogeny_ms_bin_exp1_n_600_19.phy,110,TO,104.19,5.61
phylogeny_ms_bin_exp1_n_600_1.phy,59,TO,38.88,98.29
phylogeny_ms_bin_exp1_n_600_2.phy,151,TO,TO,141.34
phylogeny_ms_bin_exp1_n_600_3.phy,132,TO,162.35,6.33
phylogeny_ms_bin_exp1_n_600_4.phy,115,TO,189.05,6.04
phylogeny_ms_bin_exp1_n_600_5.phy,136,TO,452.19,7.3
phylogeny_ms_bin_exp1_n_600_6.phy,130,TO,612.72,7.48
phylogeny_ms_bin_exp1_n_600_7.phy,109,TO,568.73,105.22
phylogeny_ms_bin_exp1_n_600_8.phy,117,TO,169.17,152.21
phylogeny_ms_bin_exp1_n_600_9.phy,153,TO,920.55,128.95
phylogeny_ms_bin_exp1_n_700_0.phy,134,TO,41.12,13.54
phylogeny_ms_bin_exp1_n_700_10.phy,113,TO,TO,185.55
phylogeny_ms_bin_exp1_n_700_11.phy,154,TO,TO,182.73
phylogeny_ms_bin_exp1_n_700_12.phy,178,TO,530.85,214.04
phylogeny_ms_bin_exp1_n_700_13.phy,97,TO,90.92,171.13
phylogeny_ms_bin_exp1_n_700_14.phy,190,TO,1057.94,13.78
phylogeny_ms_bin_exp1_n_700_15.phy,166,TO,988.19,8.92
phylogeny_ms_bin_exp1_n_700_16.phy,136,TO,1951.7099999999998,9.1
phylogeny_ms_bin_exp1_n_700_17.phy,98,TO,1061.33,8.79
phylogeny_ms_bin_exp1_n_700_18.phy,116,TO,483.82,9.21
phylogeny_ms_bin_exp1_n_700_19.phy,185,TO,TO,211.5
phylogeny_ms_bin_exp1_n_700_1.phy,114,TO,56.94,9.49
phylogeny_ms_bin_exp1_n_700_2.phy,71,TO,53.9,176.35
phylogeny_ms_bin_exp1_n_700_3.phy,89,TO,79.69,MO
phylogeny_ms_bin_exp1_n_700_4.phy,84,TO,29.95,9.41
phylogeny_ms_bin_exp1_n_700_5.phy,120,TO,223.94,9.13
phylogeny_ms_bin_exp1_n_700_6.phy,191,TO,TO,11.8
phylogeny_ms_bin_exp1_n_700_7.phy,182,TO,837.13,10.22
phylogeny_ms_bin_exp1_n_700_8.phy,54,166.31,22.18,9.46
phylogeny_ms_bin_exp1_n_700_9.phy,193,TO,1781.95,194.45999999999998
phylogeny_ms_bin_exp1_n_800_0.phy,139,TO,3224.19,300.14
phylogeny_ms_bin_exp1_n_800_10.phy,105,TO,TO,260.77
phylogeny_ms_bin_exp1_n_800_11.phy,140,TO,324.51,278.62
phylogeny_ms_bin_exp1_n_800_12.phy,109,TO,33.01,248.27
phylogeny_ms_bin_exp1_n_800_13.phy,146,TO,99.39,15.58
phylogeny_ms_bin_exp1_n_800_14.phy,214,TO,TO,13.72
phylogeny_ms_bin_exp1_n_800_15.phy,-1,TO,TO,TO
phylogeny_ms_bin_exp1_n_800_16.phy,98,TO,124.58,10.950000000000001
phylogeny_ms_bin_exp1_n_800_17.phy,97,TO,158.04,262.53
phylogeny_ms_bin_exp1_n_800_18.phy,96,TO,79.6,263.23
phylogeny_ms_bin_exp1_n_800_19.phy,132,TO,650.86,13.56
phylogeny_ms_bin_exp1_n_800_1.phy,110,TO,134.96,MO
phylogeny_ms_bin_exp1_n_800_2.phy,192,TO,2522.21,14.58
phylogeny_ms_bin_exp1_n_800_3.phy,94,497.26,43.68,15.7
phylogeny_ms_bin_exp1_n_800_4.phy,134,TO,TO,14.39
phylogeny_ms_bin_exp1_n_800_5.phy,121,TO,3488.95,340.96
phylogeny_ms_bin_exp1_n_800_6.phy,152,TO,TO,273.53
phylogeny_ms_bin_exp1_n_800_7.phy,106,TO,56.71,15.39
phylogeny_ms_bin_exp1_n_800_8.phy,122,TO,226.16,12.440000000000001
phylogeny_ms_bin_exp1_n_800_9.phy,89,TO,819.79,MO
phylogeny_ms_bin_exp1_n_900_0.phy,-1,TO,TO,MO
phylogeny_ms_bin_exp1_n_900_10.phy,192,TO,TO,18.02
phylogeny_ms_bin_exp1_n_900_11.phy,151,TO,375.9,MO
phylogeny_ms_bin_exp1_n_900_12.phy,-1,TO,TO,MO
phylogeny_ms_bin_exp1_n_900_13.phy,101,TO,299.9,MO
phylogeny_ms_bin_exp1_n_900_14.phy,273,TO,TO,22.46
phylogeny_ms_bin_exp1_n_900_15.phy,-1,TO,TO,MO
phylogeny_ms_bin_exp1_n_900_16.phy,-1,TO,TO,MO
phylogeny_ms_bin_exp1_n_900_17.phy,176,TO,572.07,MO
phylogeny_ms_bin_exp1_n_900_18.phy,115,TO,230.96,19.06
phylogeny_ms_bin_exp1_n_900_19.phy,222,TO,TO,19.25
phylogeny_ms_bin_exp1_n_900_1.phy,115,TO,170.5,18.19
phylogeny_ms_bin_exp1_n_900_2.phy,223,TO,TO,19.56
phylogeny_ms_bin_exp1_n_900_3.phy,186,TO,TO,18.27
phylogeny_ms_bin_exp1_n_900_4.phy,230,TO,1405.04,20.8
phylogeny_ms_bin_exp1_n_900_5.phy,245,TO,TO,18.89
phylogeny_ms_bin_exp1_n_900_6.phy,127,TO,495.28,19.54
phylogeny_ms_bin_exp1_n_900_7.phy,-1,TO,TO,MO
phylogeny_ms_bin_exp1_n_900_8.phy,90,TO,95.15,MO
phylogeny_ms_bin_exp1_n_900_9.phy,175,TO,789.71,22.53
phylogeny_ms_bin_exp1_p_0.000000_0.phy,218,3326.18,108.52,75.11
phylogeny_ms_bin_exp1_p_0.000000_10.phy,207,TO,156.47,71.67
phylogeny_ms_bin_exp1_p_0.000000_11.phy,296,TO,162.29,97.61
phylogeny_ms_bin_exp1_p_0.000000_12.phy,281,TO,179.23,85.94
phylogeny_ms_bin_exp1_p_0.000000_13.phy,245,TO,159.87,76.47
phylogeny_ms_bin_exp1_p_0.000000_14.phy,197,TO,298.14,81.62
phylogeny_ms_bin_exp1_p_0.000000_15.phy,214,TO,165.81,70.37
phylogeny_ms_bin_exp1_p_0.000000_16.phy,208,TO,139.77,68.65
phylogeny_ms_bin_exp1_p_0.000000_17.phy,316,TO,282.14,102.61
phylogeny_ms_bin_exp1_p_0.000000_18.phy,124,526.85,93.07,67.83
phylogeny_ms_bin_exp1_p_0.000000_19.phy,181,TO,150.07,77.15
phylogeny_ms_bin_exp1_p_0.000000_1.phy,329,TO,689.12,76.83
phylogeny_ms_bin_exp1_p_0.000000_2.phy,227,TO,137.43,71.06
phylogeny_ms_bin_exp1_p_0.000000_3.phy,170,311.03,107.65,75.14
phylogeny_ms_bin_exp1_p_0.000000_4.phy,227,TO,235.63,83.77
phylogeny_ms_bin_exp1_p_0.000000_5.phy,303,TO,135.74,111.78
phylogeny_ms_bin_exp1_p_0.000000_6.phy,193,TO,132.58,74.6
phylogeny_ms_bin_exp1_p_0.000000_7.phy,260,TO,161.5,83.61
phylogeny_ms_bin_exp1_p_0.000000_8.phy,168,555.25,106.99,71.93
phylogeny_ms_bin_exp1_p_0.000000_9.phy,286,TO,150.36,95.89
phylogeny_ms_bin_exp1_p_0.100000_0.phy,118,TO,211.34,58.46
phylogeny_ms_bin_exp1_p_0.100000_10.phy,207,301.85,82.83,63.07
phylogeny_ms_bin_exp1_p_0.100000_11.phy,174,TO,412.22,57.15
phylogeny_ms_bin_exp1_p_0.100000_12.phy,184,TO,215.9,64.86
phylogeny_ms_bin_exp1_p_0.100000_13.phy,208,280.84,98.38,67.29
phylogeny_ms_bin_exp1_p_0.100000_14.phy,212,TO,340.79,73.24
phylogeny_ms_bin_exp1_p_0.100000_15.phy,176,TO,647.18,61.0
phylogeny_ms_bin_exp1_p_0.100000_16.phy,242,TO,144.5,76.38
phylogeny_ms_bin_exp1_p_0.100000_17.phy,281,TO,184.85,79.22
phylogeny_ms_bin_exp1_p_0.100000_18.phy,181,606.99,104.84,65.32
phylogeny_ms_bin_exp1_p_0.100000_19.phy,200,409.3,97.3,70.78
phylogeny_ms_bin_exp1_p_0.100000_1.phy,203,TO,195.11,60.33
phylogeny_ms_bin_exp1_p_0.100000_2.phy,240,TO,118.37,70.33
phylogeny_ms_bin_exp1_p_0.100000_3.phy,147,TO,TO,58.28
phylogeny_ms_bin_exp1_p_0.100000_4.phy,198,449.04,88.54,53.76
phylogeny_ms_bin_exp1_p_0.100000_5.phy,200,TO,143.08,66.81
phylogeny_ms_bin_exp1_p_0.100000_6.phy,189,TO,112.44000000000001,62.23
phylogeny_ms_bin_exp1_p_0.100000_7.phy,194,TO,133.97,73.29
phylogeny_ms_bin_exp1_p_0.100000_8.phy,195,TO,318.79,54.18
phylogeny_ms_bin_exp1_p_0.100000_9.phy,140,TO,96.56,52.63
phylogeny_ms_bin_exp1_p_0.200000_0.phy,185,TO,397.02,48.21
phylogeny_ms_bin_exp1_p_0.200000_10.phy,210,TO,164.41,53.93
phylogeny_ms_bin_exp1_p_0.200000_11.phy,143,230.56,80.18,47.64
phylogeny_ms_bin_exp1_p_0.200000_12.phy,121,TO,89.68,45.85
phylogeny_ms_bin_exp1_p_0.200000_13.phy,203,3345.22,78.82,55.0
phylogeny_ms_bin_exp1_p_0.200000_14.phy,173,TO,901.64,53.0
phylogeny_ms_bin_exp1_p_0.200000_15.phy,275,TO,TO,68.0
phylogeny_ms_bin_exp1_p_0.200000_16.phy,167,1516.59,88.89,48.88
phylogeny_ms_bin_exp1_p_0.200000_17.phy,136,TO,92.22,50.47
phylogeny_ms_bin_exp1_p_0.200000_18.phy,157,TO,316.7,49.77
phylogeny_ms_bin_exp1_p_0.200000_19.phy,180,TO,TO,50.7
phylogeny_ms_bin_exp1_p_0.200000_1.phy,203,TO,262.6,47.27
phylogeny_ms_bin_exp1_p_0.200000_2.phy,209,TO,589.46,53.05
phylogeny_ms_bin_exp1_p_0.200000_3.phy,174,1486.37,131.67,57.43
phylogeny_ms_bin_exp1_p_0.200000_4.phy,238,2515.13,98.69,58.26
phylogeny_ms_bin_exp1_p_0.200000_5.phy,172,TO,130.41,47.42
phylogeny_ms_bin_exp1_p_0.200000_6.phy,185,TO,201.93,MO
phylogeny_ms_bin_exp1_p_0.200000_7.phy,214,TO,173.46,50.08
phylogeny_ms_bin_exp1_p_0.200000_8.phy,306,TO,TO,56.81
phylogeny_ms_bin_exp1_p_0.200000_9.phy,202,TO,219.9,51.73
phylogeny_ms_bin_exp1_p_0.300000_0.phy,365,TO,TO,43.82
phylogeny_ms_bin_exp1_p_0.300000_10.phy,141,178.04,94.59,46.39
phylogeny_ms_bin_exp1_p_0.300000_11.phy,184,TO,404.68,MO
phylogeny_ms_bin_exp1_p_0.300000_12.phy,203,TO,382.81,42.51
phylogeny_ms_bin_exp1_p_0.300000_13.phy,266,TO,1401.08,RTE
phylogeny_ms_bin_exp1_p_0.300000_14.phy,210,TO,TO,38.98
phylogeny_ms_bin_exp1_p_0.300000_15.phy,265,TO,TO,45.85
phylogeny_ms_bin_exp1_p_0.300000_16.phy,364,TO,469.98,46.11
phylogeny_ms_bin_exp1_p_0.300000_17.phy,236,TO,740.98,MO
phylogeny_ms_bin_exp1_p_0.300000_18.phy,266,TO,395.98,52.16
phylogeny_ms_bin_exp1_p_0.300000_19.phy,266,TO,TO,42.2
phylogeny_ms_bin_exp1_p_0.300000_1.phy,120,TO,151.45,39.13
phylogeny_ms_bin_exp1_p_0.300000_2.phy,273,TO,TO,44.29
phylogeny_ms_bin_exp1_p_0.300000_3.phy,188,TO,700.5600000000001,46.66
phylogeny_ms_bin_exp1_p_0.300000_4.phy,175,TO,1091.83,43.72
phylogeny_ms_bin_exp1_p_0.300000_5.phy,298,TO,678.76,77.56
phylogeny_ms_bin_exp1_p_0.300000_6.phy,177,TO,574.34,42.87
phylogeny_ms_bin_exp1_p_0.300000_7.phy,200,TO,579.72,46.93
phylogeny_ms_bin_exp1_p_0.300000_8.phy,135,TO,90.26,35.83
phylogeny_ms_bin_exp1_p_0.300000_9.phy,248,TO,156.41,46.1
phylogeny_ms_bin_exp1_p_0.400000_0.phy,274,TO,TO,45.46
phylogeny_ms_bin_exp1_p_0.400000_10.phy,127,1044.15,74.41,29.78
phylogeny_ms_bin_exp1_p_0.400000_11.phy,224,TO,1310.22,31.7
phylogeny_ms_bin_exp1_p_0.400000_12.phy,260,TO,TO,37.0
phylogeny_ms_bin_exp1_p_0.400000_13.phy,121,TO,402.19,26.34
phylogeny_ms_bin_exp1_p_0.400000_14.phy,177,TO,234.04,33.89
phylogeny_ms_bin_exp1_p_0.400000_15.phy,223,TO,TO,33.42
phylogeny_ms_bin_exp1_p_0.400000_16.phy,280,TO,TO,38.03
phylogeny_ms_bin_exp1_p_0.400000_17.phy,257,TO,2219.32,40.45
phylogeny_ms_bin_exp1_p_0.400000_18.phy,165,TO,2238.23,30.17
phylogeny_ms_bin_exp1_p_0.400000_19.phy,177,TO,885.47,33.44
phylogeny_ms_bin_exp1_p_0.400000_1.phy,176,TO,1002.6,30.08
phylogeny_ms_bin_exp1_p_0.400000_2.phy,293,TO,746.56,42.14
phylogeny_ms_bin_exp1_p_0.400000_3.phy,143,TO,1721.28,29.99
phylogeny_ms_bin_exp1_p_0.400000_4.phy,100,881.87,76.14,33.25
phylogeny_ms_bin_exp1_p_0.400000_5.phy,181,TO,1603.12,33.81
phylogeny_ms_bin_exp1_p_0.400000_6.phy,169,TO,3524.45,MO
phylogeny_ms_bin_exp1_p_0.400000_7.phy,256,TO,TO,38.86
phylogeny_ms_bin_exp1_p_0.400000_8.phy,218,TO,1364.83,33.45
phylogeny_ms_bin_exp1_p_0.400000_9.phy,135,TO,976.87,26.26
phylogeny_ms_bin_exp1_p_0.500000_0.phy,256,TO,TO,27.1
phylogeny_ms_bin_exp1_p_0.500000_10.phy,288,TO,TO,32.01
phylogeny_ms_bin_exp1_p_0.500000_11.phy,139,TO,177.15,34.59
phylogeny_ms_bin_exp1_p_0.500000_12.phy,258,TO,TO,33.86
phylogeny_ms_bin_exp1_p_0.500000_13.phy,285,TO,TO,27.11
phylogeny_ms_bin_exp1_p_0.500000_14.phy,168,TO,TO,34.61
phylogeny_ms_bin_exp1_p_0.500000_15.phy,153,TO,216.59,28.28
phylogeny_ms_bin_exp1_p_0.500000_16.phy,144,TO,444.95000000000005,45.57
phylogeny_ms_bin_exp1_p_0.500000_17.phy,-1,TO,TO,MO
phylogeny_ms_bin_exp1_p_0.500000_18.phy,180,TO,350.49,MO
phylogeny_ms_bin_exp1_p_0.500000_19.phy,-1,TO,TO,MO
phylogeny_ms_bin_exp1_p_0.500000_1.phy,208,TO,TO,24.44
phylogeny_ms_bin_exp1_p_0.500000_2.phy,-1,TO,TO,MO
phylogeny_ms_bin_exp1_p_0.500000_3.phy,195,TO,311.53,25.33
phylogeny_ms_bin_exp1_p_0.500000_4.phy,193,TO,TO,29.37
phylogeny_ms_bin_exp1_p_0.500000_5.phy,138,TO,843.61,24.83
phylogeny_ms_bin_exp1_p_0.500000_6.phy,250,TO,TO,27.69
phylogeny_ms_bin_exp1_p_0.500000_7.phy,179,TO,TO,25.63
phylogeny_ms_bin_exp1_p_0.500000_8.phy,183,TO,TO,28.1
phylogeny_ms_bin_exp1_p_0.500000_9.phy,164,TO,2084.65,27.87
phylogeny_ms_bin_exp1_p_0.600000_0.phy,175,TO,TO,24.83
phylogeny_ms_bin_exp1_p_0.600000_10.phy,-1,TO,TO,MO
phylogeny_ms_bin_exp1_p_0.600000_11.phy,-1,TO,TO,MO
phylogeny_ms_bin_exp1_p_0.600000_12.phy,110,TO,TO,18.17
phylogeny_ms_bin_exp1_p_0.600000_13.phy,240,TO,2824.65,MO
phylogeny_ms_bin_exp1_p_0.600000_14.phy,-1,TO,TO,MO
phylogeny_ms_bin_exp1_p_0.600000_15.phy,219,TO,TO,29.32
phylogeny_ms_bin_exp1_p_0.600000_16.phy,-1,TO,TO,MO
phylogeny_ms_bin_exp1_p_0.600000_17.phy,329,TO,TO,43.64
phylogeny_ms_bin_exp1_p_0.600000_18.phy,-1,TO,TO,MO
phylogeny_ms_bin_exp1_p_0.600000_19.phy,115,TO,TO,18.18
phylogeny_ms_bin_exp1_p_0.600000_1.phy,-1,TO,TO,MO
phylogeny_ms_bin_exp1_p_0.600000_2.phy,-1,TO,TO,MO
phylogeny_ms_bin_exp1_p_0.600000_3.phy,-1,TO,TO,MO
phylogeny_ms_bin_exp1_p_0.600000_4.phy,-1,TO,TO,MO
phylogeny_ms_bin_exp1_p_0.600000_5.phy,-1,TO,TO,MO
phylogeny_ms_bin_exp1_p_0.600000_6.phy,-1,TO,TO,MO
phylogeny_ms_bin_exp1_p_0.600000_7.phy,149,TO,TO,32.08
phylogeny_ms_bin_exp1_p_0.600000_8.phy,-1,TO,TO,MO
phylogeny_ms_bin_exp1_p_0.600000_9.phy,-1,TO,TO,MO
phylogeny_ms_bin_exp1_p_0.700000_0.phy,259,TO,TO,22.52
phylogeny_ms_bin_exp1_p_0.700000_10.phy,-1,TO,TO,MO
phylogeny_ms_bin_exp1_p_0.700000_11.phy,-1,TO,TO,MO
phylogeny_ms_bin_exp1_p_0.700000_12.phy,-1,TO,TO,MO
phylogeny_ms_bin_exp1_p_0.700000_13.phy,-1,TO,TO,MO
phylogeny_ms_bin_exp1_p_0.700000_14.phy,188,TO,TO,17.83
phylogeny_ms_bin_exp1_p_0.700000_15.phy,-1,TO,TO,MO
phylogeny_ms_bin_exp1_p_0.700000_16.phy,-1,TO,TO,MO
phylogeny_ms_bin_exp1_p_0.700000_17.phy,246,TO,TO,25.59
phylogeny_ms_bin_exp1_p_0.700000_18.phy,221,TO,TO,21.93
phylogeny_ms_bin_exp1_p_0.700000_19.phy,-1,TO,TO,MO
phylogeny_ms_bin_exp1_p_0.700000_1.phy,-1,TO,TO,MO
phylogeny_ms_bin_exp1_p_0.700000_2.phy,-1,TO,TO,MO
phylogeny_ms_bin_exp1_p_0.700000_3.phy,-1,TO,TO,MO
phylogeny_ms_bin_exp1_p_0.700000_4.phy,-1,TO,TO,MO
phylogeny_ms_bin_exp1_p_0.700000_5.phy,-1,TO,TO,RTE
phylogeny_ms_bin_exp1_p_0.700000_6.phy,-1,TO,TO,MO
phylogeny_ms_bin_exp1_p_0.700000_7.phy,-1,TO,TO,MO
phylogeny_ms_bin_exp1_p_0.700000_8.phy,-1,TO,TO,MO
phylogeny_ms_bin_exp1_p_0.700000_9.phy,-1,TO,TO,MO
phylogeny_ms_bin_exp1_p_0.800000_0.phy,-1,TO,TO,MO
phylogeny_ms_bin_exp1_p_0.800000_10.phy,-1,TO,TO,MO
phylogeny_ms_bin_exp1_p_0.800000_11.phy,-1,TO,TO,MO
phylogeny_ms_bin_exp1_p_0.800000_12.phy,-1,TO,TO,MO
phylogeny_ms_bin_exp1_p_0.800000_13.phy,-1,TO,TO,MO
phylogeny_ms_bin_exp1_p_0.800000_14.phy,-1,TO,TO,MO
phylogeny_ms_bin_exp1_p_0.800000_15.phy,-1,TO,TO,MO
phylogeny_ms_bin_exp1_p_0.800000_16.phy,-1,TO,TO,MO
phylogeny_ms_bin_exp1_p_0.800000_17.phy,-1,TO,TO,MO
phylogeny_ms_bin_exp1_p_0.800000_18.phy,-1,TO,TO,MO
phylogeny_ms_bin_exp1_p_0.800000_19.phy,-1,TO,TO,RTE
phylogeny_ms_bin_exp1_p_0.800000_1.phy,-1,TO,TO,MO
phylogeny_ms_bin_exp1_p_0.800000_2.phy,-1,TO,TO,MO
phylogeny_ms_bin_exp1_p_0.800000_3.phy,-1,TO,TO,TO
phylogeny_ms_bin_exp1_p_0.800000_4.phy,-1,TO,TO,MO
phylogeny_ms_bin_exp1_p_0.800000_5.phy,-1,TO,TO,MO
phylogeny_ms_bin_exp1_p_0.800000_6.phy,-1,TO,TO,TO
phylogeny_ms_bin_exp1_p_0.800000_7.phy,-1,TO,TO,RTE
phylogeny_ms_bin_exp1_p_0.800000_8.phy,-1,TO,TO,MO
phylogeny_ms_bin_exp1_p_0.800000_9.phy,-1,TO,TO,MO
phylogeny_ms_bin_exp1_p_0.900000_0.phy,-1,MO,MO,TO
phylogeny_ms_bin_exp1_p_0.900000_10.phy,-1,TO,TO,TO
phylogeny_ms_bin_exp1_p_0.900000_11.phy,-1,TO,TO,TO
phylogeny_ms_bin_exp1_p_0.900000_12.phy,-1,MO,MO,TO
phylogeny_ms_bin_exp1_p_0.900000_13.phy,-1,TO,TO,TO
phylogeny_ms_bin_exp1_p_0.900000_14.phy,-1,MO,MO,TO
phylogeny_ms_bin_exp1_p_0.900000_15.phy,-1,TO,TO,TO
phylogeny_ms_bin_exp1_p_0.900000_16.phy,-1,TO,TO,TO
phylogeny_ms_bin_exp1_p_0.900000_17.phy,-1,TO,TO,TO
phylogeny_ms_bin_exp1_p_0.900000_18.phy,-1,TO,MO,TO
phylogeny_ms_bin_exp1_p_0.900000_19.phy,-1,TO,TO,TO
phylogeny_ms_bin_exp1_p_0.900000_1.phy,-1,TO,TO,TO
phylogeny_ms_bin_exp1_p_0.900000_2.phy,-1,MO,MO,TO
phylogeny_ms_bin_exp1_p_0.900000_3.phy,-1,TO,TO,TO
phylogeny_ms_bin_exp1_p_0.900000_4.phy,-1,TO,TO,MO
phylogeny_ms_bin_exp1_p_0.900000_5.phy,-1,TO,MO,TO
phylogeny_ms_bin_exp1_p_0.900000_6.phy,-1,TO,TO,TO
phylogeny_ms_bin_exp1_p_0.900000_7.phy,-1,TO,MO,TO
phylogeny_ms_bin_exp1_p_0.900000_8.phy,-1,MO,MO,TO
phylogeny_ms_bin_exp1_p_0.900000_9.phy,-1,TO,TO,TO
phylogeny_ms_bin_exp1_r_0_0.phy,0,84.44,54.64,25.46
phylogeny_ms_bin_exp1_r_0_10.phy,0,86.53,42.0,22.71
phylogeny_ms_bin_exp1_r_0_11.phy,0,89.82,60.86,29.94
phylogeny_ms_bin_exp1_r_0_12.phy,0,82.84,43.86,28.31
phylogeny_ms_bin_exp1_r_0_13.phy,0,69.49,47.25,22.17
phylogeny_ms_bin_exp1_r_0_14.phy,0,82.71,48.83,20.74
phylogeny_ms_bin_exp1_r_0_15.phy,0,81.71,59.04,29.22
phylogeny_ms_bin_exp1_r_0_16.phy,0,86.9,57.1,28.57
phylogeny_ms_bin_exp1_r_0_17.phy,0,84.08,58.71,27.28
phylogeny_ms_bin_exp1_r_0_18.phy,0,85.57,42.66,29.91
phylogeny_ms_bin_exp1_r_0_19.phy,0,75.45,49.46,23.68
phylogeny_ms_bin_exp1_r_0_1.phy,0,89.01,47.29,31.04
phylogeny_ms_bin_exp1_r_0_2.phy,0,82.59,44.21,26.97
phylogeny_ms_bin_exp1_r_0_3.phy,0,84.94,42.05,26.83
phylogeny_ms_bin_exp1_r_0_4.phy,0,86.46,63.29,31.96
phylogeny_ms_bin_exp1_r_0_5.phy,0,87.92,51.27,24.83
phylogeny_ms_bin_exp1_r_0_6.phy,0,82.54,40.53,26.51
phylogeny_ms_bin_exp1_r_0_7.phy,0,81.51,46.6,28.7
phylogeny_ms_bin_exp1_r_0_8.phy,0,83.81,38.87,26.09
phylogeny_ms_bin_exp1_r_0_9.phy,0,81.02,62.68,26.55
phylogeny_ms_bin_exp1_r_1_0.phy,69,102.37,82.26,25.34
phylogeny_ms_bin_exp1_r_1_10.phy,52,322.64,56.69,25.63
phylogeny_ms_bin_exp1_r_1_11.phy,9,204.27,87.71,30.95
phylogeny_ms_bin_exp1_r_1_12.phy,48,87.51,63.9,30.17
phylogeny_ms_bin_exp1_r_1_13.phy,14,78.0,49.83,25.77
phylogeny_ms_bin_exp1_r_1_14.phy,75,216.11,74.01,27.43
phylogeny_ms_bin_exp1_r_1_15.phy,19,74.85,43.54,25.66
phylogeny_ms_bin_exp1_r_1_16.phy,72,129.53,76.67,29.87
phylogeny_ms_bin_exp1_r_1_17.phy,63,202.64,71.55,32.4
phylogeny_ms_bin_exp1_r_1_18.phy,78,TO,101.88,30.02
phylogeny_ms_bin_exp1_r_1_19.phy,49,83.24,54.84,MO
phylogeny_ms_bin_exp1_r_1_1.phy,71,141.2,78.66,26.24
phylogeny_ms_bin_exp1_r_1_2.phy,36,82.59,59.33,29.01
phylogeny_ms_bin_exp1_r_1_3.phy,107,TO,296.74,22.25
phylogeny_ms_bin_exp1_r_1_4.phy,74,TO,167.0,28.46
phylogeny_ms_bin_exp1_r_1_5.phy,66,114.72,67.83,28.79
phylogeny_ms_bin_exp1_r_1_6.phy,51,87.02,55.33,23.82
phylogeny_ms_bin_exp1_r_1_7.phy,122,TO,650.89,24.45
phylogeny_ms_bin_exp1_r_1_8.phy,67,344.23,62.91,26.4
phylogeny_ms_bin_exp1_r_1_9.phy,68,499.88,57.6,MO
phylogeny_ms_bin_exp1_r_2_0.phy,108,TO,172.29000000000002,32.65
phylogeny_ms_bin_exp1_r_2_10.phy,143,TO,575.74,24.69
phylogeny_ms_bin_exp1_r_2_11.phy,86,TO,82.78,MO
phylogeny_ms_bin_exp1_r_2_12.phy,93,TO,167.83,25.42
phylogeny_ms_bin_exp1_r_2_13.phy,152,TO,395.63,30.66
phylogeny_ms_bin_exp1_r_2_14.phy,196,TO,101.52,MO
phylogeny_ms_bin_exp1_r_2_15.phy,80,TO,666.79,28.81
phylogeny_ms_bin_exp1_r_2_16.phy,156,TO,381.3,29.65
phylogeny_ms_bin_exp1_r_2_17.phy,169,TO,241.13,MO
phylogeny_ms_bin_exp1_r_2_18.phy,91,TO,128.27,25.33
phylogeny_ms_bin_exp1_r_2_19.phy,140,TO,91.53,25.92
phylogeny_ms_bin_exp1_r_2_1.phy,107,112.69,65.15,31.72
phylogeny_ms_bin_exp1_r_2_2.phy,156,TO,326.53,MO
phylogeny_ms_bin_exp1_r_2_3.phy,96,92.05,46.56,25.98
phylogeny_ms_bin_exp1_r_2_4.phy,107,TO,133.98,27.08
phylogeny_ms_bin_exp1_r_2_5.phy,234,TO,589.1,36.53
phylogeny_ms_bin_exp1_r_2_6.phy,80,582.35,65.21,25.83
phylogeny_ms_bin_exp1_r_2_7.phy,101,251.85,58.2,MO
phylogeny_ms_bin_exp1_r_2_8.phy,59,2384.73,98.67,MO
phylogeny_ms_bin_exp1_r_2_9.phy,126,TO,76.84,25.55
phylogeny_ms_bin_exp1_r_3_0.phy,232,TO,308.03,42.77
phylogeny_ms_bin_exp1_r_3_10.phy,129,TO,1150.62,25.68
phylogeny_ms_bin_exp1_r_3_11.phy,118,TO,570.91,19.06
phylogeny_ms_bin_exp1_r_3_12.phy,212,TO,101.79,30.67
phylogeny_ms_bin_exp1_r_3_13.phy,119,TO,406.7,MO
phylogeny_ms_bin_exp1_r_3_14.phy,98,452.31,52.65,22.54
phylogeny_ms_bin_exp1_r_3_15.phy,180,TO,460.67,25.72
phylogeny_ms_bin_exp1_r_3_16.phy,184,TO,342.86,23.87
phylogeny_ms_bin_exp1_r_3_17.phy,-1,TO,TO,MO
phylogeny_ms_bin_exp1_r_3_18.phy,140,TO,135.04,27.05
phylogeny_ms_bin_exp1_r_3_19.phy,198,TO,2132.0600000000004,27.23
phylogeny_ms_bin_exp1_r_3_1.phy,139,TO,938.88,25.36
phylogeny_ms_bin_exp1_r_3_2.phy,166,TO,846.66,32.35
phylogeny_ms_bin_exp1_r_3_3.phy,149,TO,1972.42,23.64
phylogeny_ms_bin_exp1_r_3_4.phy,258,TO,2537.36,30.83
phylogeny_ms_bin_exp1_r_3_5.phy,96,TO,145.48,30.08
phylogeny_ms_bin_exp1_r_3_6.phy,64,TO,71.21,MO
phylogeny_ms_bin_exp1_r_3_7.phy,161,TO,1074.58,24.93
phylogeny_ms_bin_exp1_r_3_8.phy,137,TO,74.08,MO
phylogeny_ms_bin_exp1_r_3_9.phy,108,TO,211.85,25.63
phylogeny_ms_bin_exp1_r_4_0.phy,164,TO,TO,27.31
phylogeny_ms_bin_exp1_r_4_10.phy,196,TO,90.67,29.62
phylogeny_ms_bin_exp1_r_4_11.phy,206,TO,3128.38,26.74
phylogeny_ms_bin_exp1_r_4_12.phy,199,TO,1232.28,27.01
phylogeny_ms_bin_exp1_r_4_13.phy,151,TO,1657.33,23.38
phylogeny_ms_bin_exp1_r_4_14.phy,-1,TO,TO,MO
phylogeny_ms_bin_exp1_r_4_15.phy,199,TO,919.85,31.22
phylogeny_ms_bin_exp1_r_4_16.phy,236,TO,2163.36,MO
phylogeny_ms_bin_exp1_r_4_17.phy,256,TO,1018.43,38.81
phylogeny_ms_bin_exp1_r_4_18.phy,170,TO,3367.09,25.89
phylogeny_ms_bin_exp1_r_4_19.phy,-1,TO,TO,MO
phylogeny_ms_bin_exp1_r_4_1.phy,103,TO,256.82,22.45
phylogeny_ms_bin_exp1_r_4_2.phy,164,TO,TO,25.89
phylogeny_ms_bin_exp1_r_4_3.phy,175,TO,TO,26.35
phylogeny_ms_bin_exp1_r_4_4.phy,226,TO,TO,28.5
phylogeny_ms_bin_exp1_r_4_5.phy,232,TO,TO,28.25
phylogeny_ms_bin_exp1_r_4_6.phy,-1,TO,TO,MO
phylogeny_ms_bin_exp1_r_4_7.phy,98,TO,137.25,22.4
phylogeny_ms_bin_exp1_r_4_8.phy,213,TO,675.35,31.04
phylogeny_ms_bin_exp1_r_4_9.phy,196,TO,2744.48,26.32
phylogeny_ms_bin_exp1_r_5_0.phy,151,TO,3196.73,MO
phylogeny_ms_bin_exp1_r_5_10.phy,197,TO,TO,26.68
phylogeny_ms_bin_exp1_r_5_11.phy,-1,TO,TO,MO
phylogeny_ms_bin_exp1_r_5_12.phy,-1,TO,TO,MO
phylogeny_ms_bin_exp1_r_5_13.phy,308,TO,TO,40.23
phylogeny_ms_bin_exp1_r_5_14.phy,193,TO,TO,26.24
phylogeny_ms_bin_exp1_r_5_15.phy,151,TO,TO,25.21
phylogeny_ms_bin_exp1_r_5_16.phy,187,TO,TO,20.15
phylogeny_ms_bin_exp1_r_5_17.phy,133,TO,412.03,24.82
phylogeny_ms_bin_exp1_r_5_18.phy,262,TO,TO,32.13
phylogeny_ms_bin_exp1_r_5_19.phy,208,TO,TO,29.33
phylogeny_ms_bin_exp1_r_5_1.phy,-1,TO,TO,MO
phylogeny_ms_bin_exp1_r_5_2.phy,188,TO,2744.76,25.25
phylogeny_ms_bin_exp1_r_5_3.phy,206,TO,1770.65,27.33
phylogeny_ms_bin_exp1_r_5_4.phy,73,TO,101.66,22.43
phylogeny_ms_bin_exp1_r_5_5.phy,-1,TO,TO,MO
phylogeny_ms_bin_exp1_r_5_6.phy,177,TO,980.95,23.62
phylogeny_ms_bin_exp1_r_5_7.phy,207,TO,TO,34.79
phylogeny_ms_bin_exp1_r_5_8.phy,133,TO,338.75,56.42
phylogeny_ms_bin_exp1_r_5_9.phy,-1,TO,TO,MO
phylogeny_ms_bin_exp1_r_6_0.phy,203,TO,3130.6,24.19
phylogeny_ms_bin_exp1_r_6_10.phy,261,TO,TO,33.25
phylogeny_ms_bin_exp1_r_6_11.phy,278,TO,TO,27.34
phylogeny_ms_bin_exp1_r_6_12.phy,124,TO,3330.15,MO
phylogeny_ms_bin_exp1_r_6_13.phy,217,TO,TO,25.39
phylogeny_ms_bin_exp1_r_6_14.phy,169,TO,TO,27.84
phylogeny_ms_bin_exp1_r_6_15.phy,-1,TO,TO,MO
phylogeny_ms_bin_exp1_r_6_16.phy,169,TO,TO,25.74
phylogeny_ms_bin_exp1_r_6_17.phy,224,TO,TO,26.39
phylogeny_ms_bin_exp1_r_6_18.phy,236,TO,TO,34.58
phylogeny_ms_bin_exp1_r_6_19.phy,197,TO,TO,25.01
phylogeny_ms_bin_exp1_r_6_1.phy,272,TO,TO,33.26
phylogeny_ms_bin_exp1_r_6_2.phy,-1,TO,TO,MO
phylogeny_ms_bin_exp1_r_6_3.phy,272,TO,TO,31.18
phylogeny_ms_bin_exp1_r_6_4.phy,277,TO,TO,32.21
phylogeny_ms_bin_exp1_r_6_5.phy,250,TO,TO,29.65
phylogeny_ms_bin_exp1_r_6_6.phy,-1,TO,TO,MO
phylogeny_ms_bin_exp1_r_6_7.phy,-1,TO,TO,MO
phylogeny_ms_bin_exp1_r_6_8.phy,-1,TO,TO,MO
phylogeny_ms_bin_exp1_r_6_9.phy,324,TO,TO,42.72
phylogeny_ms_bin_exp1_r_7_0.phy,253,TO,TO,31.21
phylogeny_ms_bin_exp1_r_7_10.phy,231,TO,TO,25.28
phylogeny_ms_bin_exp1_r_7_11.phy,-1,TO,TO,MO
phylogeny_ms_bin_exp1_r_7_12.phy,211,TO,TO,22.3
phylogeny_ms_bin_exp1_r_7_13.phy,284,TO,TO,30.93
phylogeny_ms_bin_exp1_r_7_14.phy,219,TO,TO,30.55
phylogeny_ms_bin_exp1_r_7_15.phy,288,TO,TO,30.98
phylogeny_ms_bin_exp1_r_7_16.phy,216,TO,TO,21.29
phylogeny_ms_bin_exp1_r_7_17.phy,225,TO,TO,26.17
phylogeny_ms_bin_exp1_r_7_18.phy,267,TO,TO,28.69
phylogeny_ms_bin_exp1_r_7_19.phy,251,TO,TO,25.54
phylogeny_ms_bin_exp1_r_7_1.phy,224,TO,TO,22.45
phylogeny_ms_bin_exp1_r_7_2.phy,-1,TO,TO,MO
phylogeny_ms_bin_exp1_r_7_3.phy,179,TO,2470.46,MO
phylogeny_ms_bin_exp1_r_7_4.phy,-1,TO,TO,MO
phylogeny_ms_bin_exp1_r_7_5.phy,313,TO,TO,53.95
phylogeny_ms_bin_exp1_r_7_6.phy,265,TO,TO,42.85
phylogeny_ms_bin_exp1_r_7_7.phy,298,TO,TO,59.77
phylogeny_ms_bin_exp1_r_7_8.phy,-1,TO,TO,RTE
phylogeny_ms_bin_exp1_r_7_9.phy,236,TO,TO,32.49
phylogeny_ms_bin_exp1_r_8_0.phy,-1,TO,TO,MO
phylogeny_ms_bin_exp1_r_8_10.phy,-1,TO,TO,MO
phylogeny_ms_bin_exp1_r_8_11.phy,200,TO,TO,25.78
phylogeny_ms_bin_exp1_r_8_12.phy,-1,TO,TO,MO
phylogeny_ms_bin_exp1_r_8_13.phy,-1,TO,TO,MO
phylogeny_ms_bin_exp1_r_8_14.phy,-1,TO,TO,MO
phylogeny_ms_bin_exp1_r_8_15.phy,-1,TO,TO,MO
phylogeny_ms_bin_exp1_r_8_16.phy,-1,TO,TO,MO
phylogeny_ms_bin_exp1_r_8_17.phy,-1,TO,TO,MO
phylogeny_ms_bin_exp1_r_8_18.phy,-1,TO,TO,MO
phylogeny_ms_bin_exp1_r_8_19.phy,-1,TO,TO,MO
phylogeny_ms_bin_exp1_r_8_1.phy,-1,TO,TO,MO
phylogeny_ms_bin_exp1_r_8_2.phy,-1,TO,TO,MO
phylogeny_ms_bin_exp1_r_8_3.phy,-1,TO,TO,MO
phylogeny_ms_bin_exp1_r_8_4.phy,215,TO,TO,26.43
phylogeny_ms_bin_exp1_r_8_5.phy,-1,TO,TO,MO
phylogeny_ms_bin_exp1_r_8_6.phy,-1,TO,TO,MO
phylogeny_ms_bin_exp1_r_8_7.phy,246,TO,TO,32.76
phylogeny_ms_bin_exp1_r_8_8.phy,-1,TO,TO,MO
phylogeny_ms_bin_exp1_r_8_9.phy,213,TO,TO,24.61
phylogeny_ms_bin_exp1_r_9_0.phy,333,TO,TO,33.76
phylogeny_ms_bin_exp1_r_9_10.phy,-1,TO,TO,MO
phylogeny_ms_bin_exp1_r_9_11.phy,271,TO,TO,27.2
phylogeny_ms_bin_exp1_r_9_12.phy,-1,TO,TO,MO
phylogeny_ms_bin_exp1_r_9_13.phy,304,TO,TO,32.95
phylogeny_ms_bin_exp1_r_9_14.phy,-1,TO,TO,MO
phylogeny_ms_bin_exp1_r_9_15.phy,195,TO,TO,30.04
phylogeny_ms_bin_exp1_r_9_16.phy,-1,TO,TO,MO
phylogeny_ms_bin_exp1_r_9_17.phy,-1,TO,TO,MO
phylogeny_ms_bin_exp1_r_9_18.phy,296,TO,TO,58.22
phylogeny_ms_bin_exp1_r_9_19.phy,341,TO,TO,42.42
phylogeny_ms_bin_exp1_r_9_1.phy,-1,TO,TO,MO
phylogeny_ms_bin_exp1_r_9_2.phy,382,TO,TO,29.21
phylogeny_ms_bin_exp1_r_9_3.phy,-1,TO,TO,MO
phylogeny_ms_bin_exp1_r_9_4.phy,-1,TO,TO,MO
phylogeny_ms_bin_exp1_r_9_5.phy,303,TO,TO,41.82
phylogeny_ms_bin_exp1_r_9_6.phy,325,TO,TO,33.98
phylogeny_ms_bin_exp1_r_9_7.phy,305,TO,TO,30.77
phylogeny_ms_bin_exp1_r_9_8.phy,-1,TO,TO,MO
phylogeny_ms_bin_exp1_r_9_9.phy,313,TO,TO,45.34
totals,-,111,376,576
