instance,has_pp,n,kn,time,phase,minseps,pmcs
phylogeny_ms_perf_exp1_n_40_0.phy,1,332,75,0.08,4,22,18
phylogeny_ms_perf_exp1_k_10_0.phy,1,3077,1206,19.41,4,113,16
phylogeny_ms_perf_exp1_k_10_10.phy,0,2973,1289,24.26,4,245,14
phylogeny_ms_perf_exp1_k_10_11.phy,0,3095,1146,19.28,4,203,15
phylogeny_ms_perf_exp1_k_10_12.phy,0,2783,0,6.55,1,0,0
phylogeny_ms_perf_exp1_k_10_13.phy,0,2941,1342,22.49,4,111,18
phylogeny_ms_perf_exp1_k_10_14.phy,0,2953,0,6.7,1,0,0
phylogeny_ms_perf_exp1_k_10_15.phy,1,2999,1023,15.81,4,77,19
phylogeny_ms_perf_exp1_k_10_16.phy,0,3065,1412,28.5,4,203,23
phylogeny_ms_perf_exp1_k_10_17.phy,0,3049,0,6.69,1,0,0
phylogeny_ms_perf_exp1_k_10_18.phy,0,2937,844,14.26,4,110,15
phylogeny_ms_perf_exp1_k_10_19.phy,0,2720,0,6.73,1,0,0
phylogeny_ms_perf_exp1_k_10_1.phy,0,3113,1436,51.23,4,1559,14
phylogeny_ms_perf_exp1_k_10_2.phy,0,2388,0,6.6,1,0,0
phylogeny_ms_perf_exp1_k_10_3.phy,0,3186,0,6.68,1,0,0
phylogeny_ms_perf_exp1_k_10_4.phy,0,2923,1063,17.01,4,57,17
phylogeny_ms_perf_exp1_k_10_5.phy,0,3012,0,7.14,1,0,0
phylogeny_ms_perf_exp1_k_10_6.phy,0,3012,1433,23.88,4,84,23
phylogeny_ms_perf_exp1_k_10_7.phy,0,3023,1569,50.27,4,637,12
phylogeny_ms_perf_exp1_k_10_8.phy,0,2836,1263,20.99,4,97,21
phylogeny_ms_perf_exp1_k_10_9.phy,1,3080,1314,26.97,4,186,24
phylogeny_ms_perf_exp1_k_12_0.phy,0,3703,1794,110.85,4,1316,18
phylogeny_ms_perf_exp1_k_12_10.phy,0,3462,0,6.86,1,0,0
phylogeny_ms_perf_exp1_k_12_11.phy,1,3438,1349,32.51,4,597,22
phylogeny_ms_perf_exp1_k_12_12.phy,0,2779,0,6.66,1,0,0
phylogeny_ms_perf_exp1_k_12_13.phy,0,3258,0,6.64,1,0,0
phylogeny_ms_perf_exp1_k_12_14.phy,0,3529,0,6.99,1,0,0
phylogeny_ms_perf_exp1_k_12_15.phy,1,2721,521,11.75,4,26,15
phylogeny_ms_perf_exp1_k_12_16.phy,1,3595,1932,84.0,4,616,36
phylogeny_ms_perf_exp1_k_12_17.phy,0,3635,1749,99.6,4,1103,26
phylogeny_ms_perf_exp1_k_12_18.phy,0,3690,0,6.96,1,0,0
phylogeny_ms_perf_exp1_k_12_19.phy,0,2915,976,15.36,4,68,12
phylogeny_ms_perf_exp1_k_12_1.phy,0,3415,0,6.67,1,0,0
phylogeny_ms_perf_exp1_k_12_2.phy,0,3648,0,6.99,1,0,0
phylogeny_ms_perf_exp1_k_12_3.phy,1,3454,1835,52.81,4,285,24
phylogeny_ms_perf_exp1_k_12_4.phy,0,3083,1385,27.37,4,365,13
phylogeny_ms_perf_exp1_k_12_5.phy,0,3231,1275,22.94,4,283,10
phylogeny_ms_perf_exp1_k_12_6.phy,0,3738,0,6.76,1,0,0
phylogeny_ms_perf_exp1_k_12_7.phy,1,3205,1315,21.27,4,89,19
phylogeny_ms_perf_exp1_k_12_8.phy,0,3112,625,12.31,4,29,5
phylogeny_ms_perf_exp1_k_12_9.phy,1,3351,1749,40.28,4,141,21
phylogeny_ms_perf_exp1_k_14_0.phy,0,3878,1828,89.68,4,1039,27
phylogeny_ms_perf_exp1_k_14_10.phy,0,3913,1764,83.93,4,1010,23
phylogeny_ms_perf_exp1_k_14_11.phy,0,4151,2155,687.17,4,6541,22
phylogeny_ms_perf_exp1_k_14_12.phy,0,4128,0,6.8,1,0,0
phylogeny_ms_perf_exp1_k_14_13.phy,1,3154,755,13.48,4,68,14
phylogeny_ms_perf_exp1_k_14_14.phy,0,3707,0,6.81,1,0,0
phylogeny_ms_perf_exp1_k_14_15.phy,0,3678,0,6.82,1,0,0
phylogeny_ms_perf_exp1_k_14_16.phy,1,3675,2094,86.59,4,359,34
phylogeny_ms_perf_exp1_k_14_17.phy,1,4105,1877,72.26,4,479,38
phylogeny_ms_perf_exp1_k_14_18.phy,1,4193,2078,182.91,4,1318,35
phylogeny_ms_perf_exp1_k_14_19.phy,0,4205,0,6.8,1,0,0
phylogeny_ms_perf_exp1_k_14_1.phy,1,4017,1876,69.0,4,360,37
phylogeny_ms_perf_exp1_k_14_2.phy,0,3017,1072,15.6,4,41,1
phylogeny_ms_perf_exp1_k_14_3.phy,0,3750,0,6.9,1,0,0
phylogeny_ms_perf_exp1_k_14_4.phy,1,4192,2470,1226.07,4,8518,36
phylogeny_ms_perf_exp1_k_14_5.phy,1,4028,2232,118.6,4,566,31
phylogeny_ms_perf_exp1_k_14_6.phy,0,3893,0,6.76,1,0,0
phylogeny_ms_perf_exp1_k_14_7.phy,0,3980,2295,238.68,4,1723,27
phylogeny_ms_perf_exp1_k_14_8.phy,0,4003,2432,370.25,4,1995,42
phylogeny_ms_perf_exp1_k_14_9.phy,0,3511,0,6.71,1,0,0
phylogeny_ms_perf_exp1_k_16_0.phy,1,4379,2269,104.84,4,325,48
phylogeny_ms_perf_exp1_k_16_10.phy,0,4695,0,6.8,1,0,0
phylogeny_ms_perf_exp1_k_16_11.phy,0,4147,1942,79.62,4,414,32
phylogeny_ms_perf_exp1_k_16_12.phy,0,4415,2552,295.68,4,1515,35
phylogeny_ms_perf_exp1_k_16_13.phy,0,4560,0,6.87,1,0,0
phylogeny_ms_perf_exp1_k_16_14.phy,1,4577,1984,116.74,4,1045,49
phylogeny_ms_perf_exp1_k_16_15.phy,0,4247,2415,354.71000000000004,4,1728,35
phylogeny_ms_perf_exp1_k_16_16.phy,1,3703,1145,21.13,4,187,26
phylogeny_ms_perf_exp1_k_16_17.phy,0,3748,0,6.96,1,0,0
phylogeny_ms_perf_exp1_k_16_18.phy,1,4081,2186,87.67,4,274,30
phylogeny_ms_perf_exp1_k_16_19.phy,1,4239,2132,251.17,4,2032,30
phylogeny_ms_perf_exp1_k_16_1.phy,1,4397,1739,72.12,4,678,34
phylogeny_ms_perf_exp1_k_16_2.phy,1,4307,1773,75.47,4,723,33
phylogeny_ms_perf_exp1_k_16_3.phy,1,4431,2344,480.71,4,3542,36
phylogeny_ms_perf_exp1_k_16_4.phy,1,4673,2602,659.68,4,3384,42
phylogeny_ms_perf_exp1_k_16_5.phy,0,4715,0,6.85,1,0,0
phylogeny_ms_perf_exp1_k_16_6.phy,0,4368,1831,68.87,4,539,24
phylogeny_ms_perf_exp1_k_16_7.phy,0,4557,0,7.2,1,0,0
phylogeny_ms_perf_exp1_k_16_8.phy,0,3746,0,6.74,1,0,0
phylogeny_ms_perf_exp1_k_16_9.phy,0,4305,0,7.05,1,0,0
phylogeny_ms_perf_exp1_k_18_0.phy,1,4417,1211,20.64,4,134,18
phylogeny_ms_perf_exp1_k_18_10.phy,1,4138,1747,49.05,4,298,28
phylogeny_ms_perf_exp1_k_18_11.phy,0,5042,0,6.95,1,0,0
phylogeny_ms_perf_exp1_k_18_12.phy,1,5232,2435,642.88,4,4259,45
phylogeny_ms_perf_exp1_k_18_13.phy,0,4835,2898,1549.47,4,4951,45
phylogeny_ms_perf_exp1_k_18_14.phy,1,3405,1182,18.09,4,59,17
phylogeny_ms_perf_exp1_k_18_15.phy,1,3356,1064,17.79,4,69,31
phylogeny_ms_perf_exp1_k_18_16.phy,1,4691,2441,1017.37,4,7053,42
phylogeny_ms_perf_exp1_k_18_17.phy,0,4616,956,21.79,4,369,42
phylogeny_ms_perf_exp1_k_18_18.phy,0,4240,0,6.84,1,0,0
phylogeny_ms_perf_exp1_k_18_19.phy,0,4572,2407,172.58,4,730,32
phylogeny_ms_perf_exp1_k_18_1.phy,0,4772,0,7.0,1,0,0
phylogeny_ms_perf_exp1_k_18_2.phy,1,4855,2213,104.77,4,378,48
phylogeny_ms_perf_exp1_k_18_3.phy,1,4177,1259,23.44,4,114,29
phylogeny_ms_perf_exp1_k_18_4.phy,1,4011,1361,30.56,4,419,21
phylogeny_ms_perf_exp1_k_18_5.phy,0,4515,0,6.79,1,0,0
phylogeny_ms_perf_exp1_k_18_6.phy,0,4901,0,7.15,1,0,0
phylogeny_ms_perf_exp1_k_18_7.phy,0,4498,0,7.15,1,0,0
phylogeny_ms_perf_exp1_k_18_8.phy,1,3745,938,18.46,4,87,25
phylogeny_ms_perf_exp1_k_18_9.phy,0,4083,0,7.14,1,0,0
phylogeny_ms_perf_exp1_k_20_0.phy,0,5267,2365,1328.56,4,11287,39
phylogeny_ms_perf_exp1_k_20_10.phy,1,5624,2487,438.08,4,3008,57
phylogeny_ms_perf_exp1_k_20_11.phy,0,4806,1618,65.95,4,1163,24
phylogeny_ms_perf_exp1_k_20_12.phy,1,4797,2458,229.79,4,901,40
phylogeny_ms_perf_exp1_k_20_13.phy,0,5085,0,6.94,1,0,0
phylogeny_ms_perf_exp1_k_20_14.phy,-1,5403,2767,TO,3,32377,0
phylogeny_ms_perf_exp1_k_20_15.phy,0,5217,0,7.01,1,0,0
phylogeny_ms_perf_exp1_k_20_16.phy,1,4832,2628,160.32,4,483,47
phylogeny_ms_perf_exp1_k_20_17.phy,0,5046,2395,349.91,4,2178,43
phylogeny_ms_perf_exp1_k_20_18.phy,1,5170,2284,288.04,4,1998,42
phylogeny_ms_perf_exp1_k_20_19.phy,0,4770,0,7.37,1,0,0
phylogeny_ms_perf_exp1_k_20_1.phy,1,4888,1492,37.84,4,472,25
phylogeny_ms_perf_exp1_k_20_2.phy,0,4147,0,6.93,1,0,0
phylogeny_ms_perf_exp1_k_20_3.phy,0,4400,0,6.77,1,0,0
phylogeny_ms_perf_exp1_k_20_4.phy,0,4452,1557,60.9,4,1029,38
phylogeny_ms_perf_exp1_k_20_5.phy,0,4944,857,16.68,4,105,16
phylogeny_ms_perf_exp1_k_20_6.phy,1,5175,2554,218.18,4,1015,50
phylogeny_ms_perf_exp1_k_20_7.phy,1,4824,2474,558.86,4,2677,114
phylogeny_ms_perf_exp1_k_20_8.phy,0,4754,1748,70.1,4,575,30
phylogeny_ms_perf_exp1_k_20_9.phy,1,4757,1610,100.34,4,1766,37
phylogeny_ms_perf_exp1_k_2_0.phy,0,690,362,5.78,4,5,0
phylogeny_ms_perf_exp1_k_2_10.phy,0,658,337,5.3,4,2,0
phylogeny_ms_perf_exp1_k_2_11.phy,0,716,369,6.01,4,2,0
phylogeny_ms_perf_exp1_k_2_12.phy,0,674,381,5.65,4,12,0
phylogeny_ms_perf_exp1_k_2_13.phy,1,698,0,4.73,1,0,0
phylogeny_ms_perf_exp1_k_2_14.phy,0,694,360,5.62,4,4,0
phylogeny_ms_perf_exp1_k_2_15.phy,0,664,385,5.47,4,5,0
phylogeny_ms_perf_exp1_k_2_16.phy,1,654,0,4.35,1,0,0
phylogeny_ms_perf_exp1_k_2_17.phy,0,684,452,5.82,4,11,0
phylogeny_ms_perf_exp1_k_2_18.phy,0,688,428,5.78,4,9,0
phylogeny_ms_perf_exp1_k_2_19.phy,0,712,408,6.28,4,17,0
phylogeny_ms_perf_exp1_k_2_1.phy,1,662,0,4.2,1,0,0
phylogeny_ms_perf_exp1_k_22_0.phy,0,4818,2276,659.82,4,5906,39
phylogeny_ms_perf_exp1_k_22_10.phy,-1,5757,2801,TO,2,59894,4
phylogeny_ms_perf_exp1_k_22_11.phy,1,4448,1141,24.49,4,220,39
phylogeny_ms_perf_exp1_k_22_12.phy,0,4896,1967,111.48,4,1328,23
phylogeny_ms_perf_exp1_k_22_13.phy,1,5253,3040,858.58,4,3216,63
phylogeny_ms_perf_exp1_k_22_14.phy,0,4790,1935,137.57,4,1692,27
phylogeny_ms_perf_exp1_k_22_15.phy,1,4879,1645,56.9,4,644,41
phylogeny_ms_perf_exp1_k_22_16.phy,1,5392,2187,134.18,4,675,56
phylogeny_ms_perf_exp1_k_22_17.phy,0,5895,2969,2890.25,4,12340,38
phylogeny_ms_perf_exp1_k_22_18.phy,0,5517,3546,2236.25,4,4749,42
phylogeny_ms_perf_exp1_k_22_19.phy,0,5184,0,6.92,1,0,0
phylogeny_ms_perf_exp1_k_22_1.phy,0,5108,2207,384.36,4,3273,37
phylogeny_ms_perf_exp1_k_22_2.phy,1,5481,2661,303.03,4,1166,52
phylogeny_ms_perf_exp1_k_22_3.phy,0,4884,1879,69.08,4,577,36
phylogeny_ms_perf_exp1_k_22_4.phy,1,5535,2975,759.04,4,2228,47
phylogeny_ms_perf_exp1_k_22_5.phy,0,5053,2264,269.57,4,2114,44
phylogeny_ms_perf_exp1_k_22_6.phy,0,5481,0,7.61,1,0,0
phylogeny_ms_perf_exp1_k_22_7.phy,0,5750,0,7.5,1,0,0
phylogeny_ms_perf_exp1_k_22_8.phy,-1,5932,3296,TO,2,33514,0
phylogeny_ms_perf_exp1_k_22_9.phy,0,5556,0,7.05,1,0,0
phylogeny_ms_perf_exp1_k_2_2.phy,1,662,0,4.36,1,0,0
phylogeny_ms_perf_exp1_k_2_3.phy,0,656,349,5.44,4,4,0
phylogeny_ms_perf_exp1_k_24_0.phy,-1,6296,3511,TO,2,159994,2
phylogeny_ms_perf_exp1_k_24_10.phy,-1,6388,3631,TO,2,243574,2
phylogeny_ms_perf_exp1_k_24_11.phy,0,6454,0,7.32,1,0,0
phylogeny_ms_perf_exp1_k_24_12.phy,1,5941,2552,111.78,4,236,52
phylogeny_ms_perf_exp1_k_24_13.phy,-1,5620,2887,TO,3,21664,0
phylogeny_ms_perf_exp1_k_24_14.phy,-1,5983,3073,TO,2,48876,0
phylogeny_ms_perf_exp1_k_24_15.phy,-1,5881,2609,TO,3,26747,0
phylogeny_ms_perf_exp1_k_24_16.phy,-1,6616,3589,TO,2,165775,0
phylogeny_ms_perf_exp1_k_24_17.phy,1,6459,3388,751.49,4,1054,88
phylogeny_ms_perf_exp1_k_24_18.phy,0,4979,2790,273.52,4,711,26
phylogeny_ms_perf_exp1_k_24_19.phy,0,5504,0,6.87,1,0,0
phylogeny_ms_perf_exp1_k_24_1.phy,-1,6387,4064,TO,2,110300,0
phylogeny_ms_perf_exp1_k_24_2.phy,1,5630,1830,84.44,4,643,50
phylogeny_ms_perf_exp1_k_24_3.phy,1,5764,2486,544.75,4,3186,60
phylogeny_ms_perf_exp1_k_24_4.phy,1,5151,1814,52.93,4,334,26
phylogeny_ms_perf_exp1_k_24_5.phy,-1,6587,3338,TO,2,59152,3
phylogeny_ms_perf_exp1_k_24_6.phy,0,5105,410,12.45,4,3,0
phylogeny_ms_perf_exp1_k_24_7.phy,0,5272,2236,189.14,4,1160,50
phylogeny_ms_perf_exp1_k_24_8.phy,0,5489,0,6.97,1,0,0
phylogeny_ms_perf_exp1_k_24_9.phy,1,5715,2365,699.04,4,6027,54
phylogeny_ms_perf_exp1_k_2_4.phy,1,658,0,4.41,1,0,0
phylogeny_ms_perf_exp1_k_2_5.phy,1,652,0,4.31,1,0,0
phylogeny_ms_perf_exp1_k_26_0.phy,0,5653,0,7.21,1,0,0
phylogeny_ms_perf_exp1_k_26_10.phy,1,5215,1237,26.4,4,211,38
phylogeny_ms_perf_exp1_k_26_11.phy,-1,6109,3402,TO,3,28060,0
phylogeny_ms_perf_exp1_k_26_12.phy,1,6300,3678,936.46,4,1814,62
phylogeny_ms_perf_exp1_k_26_13.phy,1,5551,1642,65.23,4,455,59
phylogeny_ms_perf_exp1_k_26_14.phy,0,6031,2573,201.9,4,530,42
phylogeny_ms_perf_exp1_k_26_15.phy,0,6405,0,7.59,1,0,0
phylogeny_ms_perf_exp1_k_26_16.phy,1,5888,2230,248.77,4,1682,56
phylogeny_ms_perf_exp1_k_26_17.phy,1,6319,2150,878.22,4,9982,57
phylogeny_ms_perf_exp1_k_26_18.phy,1,5709,1504,48.56,4,525,57
phylogeny_ms_perf_exp1_k_26_19.phy,1,4288,851,16.75,4,91,26
phylogeny_ms_perf_exp1_k_26_1.phy,1,6113,2122,888.27,4,12991,55
phylogeny_ms_perf_exp1_k_26_2.phy,0,4848,733,14.35,4,56,11
phylogeny_ms_perf_exp1_k_26_3.phy,0,6291,0,7.31,1,0,0
phylogeny_ms_perf_exp1_k_26_4.phy,0,4860,2293,383.63,4,2475,35
phylogeny_ms_perf_exp1_k_26_5.phy,1,6214,2251,264.97,4,1898,57
phylogeny_ms_perf_exp1_k_26_6.phy,1,4735,1410,39.61,4,381,41
phylogeny_ms_perf_exp1_k_26_7.phy,0,4878,1930,66.43,4,378,39
phylogeny_ms_perf_exp1_k_26_8.phy,0,6075,0,7.0,1,0,0
phylogeny_ms_perf_exp1_k_26_9.phy,-1,6835,3565,TO,3,15283,2
phylogeny_ms_perf_exp1_k_2_6.phy,1,670,0,4.17,1,0,0
phylogeny_ms_perf_exp1_k_2_7.phy,1,574,0,3.13,1,0,0
phylogeny_ms_perf_exp1_k_28_0.phy,0,6276,1799,138.72,4,1601,60
phylogeny_ms_perf_exp1_k_28_10.phy,1,6179,1848,154.2,4,1758,64
phylogeny_ms_perf_exp1_k_28_11.phy,1,5952,2341,587.15,4,4123,55
phylogeny_ms_perf_exp1_k_28_12.phy,1,5065,1868,124.19,4,1469,41
phylogeny_ms_perf_exp1_k_28_13.phy,-1,6833,3769,TO,2,51262,0
phylogeny_ms_perf_exp1_k_28_14.phy,1,6062,1957,215.87,4,2340,43
phylogeny_ms_perf_exp1_k_28_15.phy,1,6730,1422,41.55,4,495,64
phylogeny_ms_perf_exp1_k_28_16.phy,0,5512,2094,156.5,4,1215,36
phylogeny_ms_perf_exp1_k_28_17.phy,0,5899,410,13.75,4,4,0
phylogeny_ms_perf_exp1_k_28_18.phy,-1,7003,3875,TO,2,48881,2
phylogeny_ms_perf_exp1_k_28_19.phy,1,6362,3385,2981.2200000000003,4,8940,60
phylogeny_ms_perf_exp1_k_28_1.phy,-1,6542,3573,TO,2,33573,4
phylogeny_ms_perf_exp1_k_28_2.phy,0,7020,3613,2862.7,4,5994,58
phylogeny_ms_perf_exp1_k_28_3.phy,0,6598,2556,598.94,4,3811,60
phylogeny_ms_perf_exp1_k_28_4.phy,1,5108,1802,61.14,4,279,52
phylogeny_ms_perf_exp1_k_28_5.phy,0,7658,0,7.29,1,0,0
phylogeny_ms_perf_exp1_k_28_6.phy,0,5390,0,7.23,1,0,0
phylogeny_ms_perf_exp1_k_28_7.phy,-1,6715,3646,TO,2,136296,2
phylogeny_ms_perf_exp1_k_28_8.phy,1,5008,1001,21.81,4,147,35
phylogeny_ms_perf_exp1_k_28_9.phy,-1,6823,3848,TO,3,6362,4
phylogeny_ms_perf_exp1_k_2_8.phy,0,716,587,7.05,4,11,0
phylogeny_ms_perf_exp1_k_2_9.phy,1,670,0,4.32,1,0,0
phylogeny_ms_perf_exp1_k_30_0.phy,0,4796,0,7.0,1,0,0
phylogeny_ms_perf_exp1_k_30_10.phy,1,6823,3455,422.22,4,553,83
phylogeny_ms_perf_exp1_k_30_11.phy,1,6580,3072,2063.43,4,7708,73
phylogeny_ms_perf_exp1_k_30_12.phy,1,5295,1929,108.86,4,971,40
phylogeny_ms_perf_exp1_k_30_13.phy,-1,7416,4632,TO,2,165648,6
phylogeny_ms_perf_exp1_k_30_14.phy,-1,7280,3226,TO,2,125579,11
phylogeny_ms_perf_exp1_k_30_15.phy,1,6210,1782,68.79,4,472,58
phylogeny_ms_perf_exp1_k_30_16.phy,1,6013,2218,1626.86,4,18779,55
phylogeny_ms_perf_exp1_k_30_17.phy,-1,6595,3671,TO,2,131188,4
phylogeny_ms_perf_exp1_k_30_18.phy,-1,7332,4059,TO,2,108247,4
phylogeny_ms_perf_exp1_k_30_19.phy,1,6604,2226,290.1,4,1898,66
phylogeny_ms_perf_exp1_k_30_1.phy,0,6507,2825,3386.51,4,17646,46
phylogeny_ms_perf_exp1_k_30_2.phy,-1,6662,2899,TO,3,21009,7
phylogeny_ms_perf_exp1_k_30_3.phy,-1,7870,4430,TO,2,249073,8
phylogeny_ms_perf_exp1_k_30_4.phy,0,6700,1657,128.49,4,2220,63
phylogeny_ms_perf_exp1_k_30_5.phy,0,6256,0,7.06,1,0,0
phylogeny_ms_perf_exp1_k_30_6.phy,-1,7163,3754,TO,2,165354,0
phylogeny_ms_perf_exp1_k_30_7.phy,0,6831,0,7.25,1,0,0
phylogeny_ms_perf_exp1_k_30_8.phy,1,6555,2791,328.98,4,764,59
phylogeny_ms_perf_exp1_k_30_9.phy,0,6073,0,6.86,1,0,0
phylogeny_ms_perf_exp1_k_32_0.phy,-1,6997,3012,TO,2,106822,5
phylogeny_ms_perf_exp1_k_32_10.phy,1,5160,1643,46.18,4,266,49
phylogeny_ms_perf_exp1_k_32_11.phy,1,7609,3170,837.47,4,2872,86
phylogeny_ms_perf_exp1_k_32_12.phy,1,7395,2543,548.23,4,3015,75
phylogeny_ms_perf_exp1_k_32_13.phy,-1,6202,3197,TO,2,82966,5
phylogeny_ms_perf_exp1_k_32_14.phy,1,6427,3226,397.6,4,651,58
phylogeny_ms_perf_exp1_k_32_15.phy,0,8007,0,7.3,1,0,0
phylogeny_ms_perf_exp1_k_32_16.phy,-1,7014,2872,TO,3,27579,17
phylogeny_ms_perf_exp1_k_32_17.phy,0,6226,2300,1423.48,4,12832,58
phylogeny_ms_perf_exp1_k_32_18.phy,-1,7334,4138,TO,2,16272,0
phylogeny_ms_perf_exp1_k_32_19.phy,1,7111,2523,432.67,4,2018,68
phylogeny_ms_perf_exp1_k_32_1.phy,0,7302,4595,3353.08,4,3046,73
phylogeny_ms_perf_exp1_k_32_2.phy,-1,8133,4651,TO,2,155965,2
phylogeny_ms_perf_exp1_k_32_3.phy,1,7750,2360,964.61,4,7077,73
phylogeny_ms_perf_exp1_k_32_4.phy,0,6384,0,7.12,1,0,0
phylogeny_ms_perf_exp1_k_32_5.phy,1,6239,1559,38.96,4,334,50
phylogeny_ms_perf_exp1_k_32_6.phy,1,4985,1494,49.39,4,667,38
phylogeny_ms_perf_exp1_k_32_7.phy,-1,7862,4454,TO,2,242688,2
phylogeny_ms_perf_exp1_k_32_8.phy,0,6242,0,6.92,1,0,0
phylogeny_ms_perf_exp1_k_32_9.phy,-1,7743,3634,TO,2,50692,17
phylogeny_ms_perf_exp1_k_34_0.phy,-1,7471,3893,TO,2,32582,11
phylogeny_ms_perf_exp1_k_34_10.phy,1,7646,2121,175.42,4,1395,74
phylogeny_ms_perf_exp1_k_34_11.phy,0,6699,0,7.33,1,0,0
phylogeny_ms_perf_exp1_k_34_12.phy,0,7792,1192,33.75,4,337,57
phylogeny_ms_perf_exp1_k_34_13.phy,1,6156,986,25.39,4,168,46
phylogeny_ms_perf_exp1_k_34_14.phy,-1,8017,4078,TO,2,177617,0
phylogeny_ms_perf_exp1_k_34_15.phy,1,7724,2231,512.74,4,4023,104
phylogeny_ms_perf_exp1_k_34_16.phy,-1,9068,5411,TO,2,318532,2
phylogeny_ms_perf_exp1_k_34_17.phy,1,6390,1378,46.45,4,675,48
phylogeny_ms_perf_exp1_k_34_18.phy,0,7910,0,7.54,1,0,0
phylogeny_ms_perf_exp1_k_34_19.phy,1,7354,3176,2471.76,4,7447,58
phylogeny_ms_perf_exp1_k_34_1.phy,1,5447,1769,61.76,4,483,40
phylogeny_ms_perf_exp1_k_34_2.phy,0,6762,0,7.22,1,0,0
phylogeny_ms_perf_exp1_k_34_3.phy,-1,8423,4768,TO,2,319440,11
phylogeny_ms_perf_exp1_k_34_4.phy,-1,6925,2724,TO,3,39771,13
phylogeny_ms_perf_exp1_k_34_5.phy,-1,8329,3834,TO,2,75581,13
phylogeny_ms_perf_exp1_k_34_6.phy,1,6682,1273,33.18,4,279,78
phylogeny_ms_perf_exp1_k_34_7.phy,1,6531,2124,248.17,4,1980,85
phylogeny_ms_perf_exp1_k_34_8.phy,1,6395,1753,118.16,4,1369,39
phylogeny_ms_perf_exp1_k_34_9.phy,1,7563,2733,1274.25,4,5508,64
phylogeny_ms_perf_exp1_k_36_0.phy,0,7709,3774,1675.98,4,2661,82
phylogeny_ms_perf_exp1_k_36_10.phy,-1,8301,4560,TO,2,144543,8
phylogeny_ms_perf_exp1_k_36_11.phy,1,7702,2691,2925.92,4,17087,75
phylogeny_ms_perf_exp1_k_36_12.phy,-1,8537,4541,TO,3,7813,11
phylogeny_ms_perf_exp1_k_36_13.phy,-1,8891,5538,TO,2,356333,0
phylogeny_ms_perf_exp1_k_36_14.phy,-1,8472,3638,TO,2,347940,16
phylogeny_ms_perf_exp1_k_36_15.phy,1,6877,1635,52.52,4,588,48
phylogeny_ms_perf_exp1_k_36_16.phy,0,6519,2936,275.47,4,827,57
phylogeny_ms_perf_exp1_k_36_17.phy,-1,8265,4764,TO,2,20065,7
phylogeny_ms_perf_exp1_k_36_18.phy,-1,7516,3268,TO,3,21204,20
phylogeny_ms_perf_exp1_k_36_19.phy,1,7988,3816,2639.25,4,5488,93
phylogeny_ms_perf_exp1_k_36_1.phy,1,8817,3216,2446.45,4,8664,100
phylogeny_ms_perf_exp1_k_36_2.phy,0,8264,0,7.57,1,0,0
phylogeny_ms_perf_exp1_k_36_3.phy,0,7978,0,7.57,1,0,0
phylogeny_ms_perf_exp1_k_36_4.phy,-1,8540,4573,TO,2,272010,6
phylogeny_ms_perf_exp1_k_36_5.phy,-1,7979,4030,TO,2,356381,5
phylogeny_ms_perf_exp1_k_36_6.phy,-1,7728,4582,TO,2,51294,0
phylogeny_ms_perf_exp1_k_36_7.phy,1,6109,3054,491.57,4,991,61
phylogeny_ms_perf_exp1_k_36_8.phy,1,6477,2351,758.23,4,5605,62
phylogeny_ms_perf_exp1_k_36_9.phy,1,7733,2492,370.63,4,1474,76
phylogeny_ms_perf_exp1_k_38_0.phy,0,6492,2230,443.99,4,3786,42
phylogeny_ms_perf_exp1_k_38_10.phy,-1,7799,3038,TO,2,128872,23
phylogeny_ms_perf_exp1_k_38_11.phy,-1,8567,4650,TO,2,135645,0
phylogeny_ms_perf_exp1_k_38_12.phy,0,5994,1577,55.99,4,452,47
phylogeny_ms_perf_exp1_k_38_13.phy,-1,8264,4458,TO,2,80179,7
phylogeny_ms_perf_exp1_k_38_14.phy,-1,8118,3631,TO,2,103354,22
phylogeny_ms_perf_exp1_k_38_15.phy,0,7119,1870,83.83,4,660,34
phylogeny_ms_perf_exp1_k_38_16.phy,-1,8293,4798,TO,2,77062,2
phylogeny_ms_perf_exp1_k_38_17.phy,-1,8205,4604,TO,2,164587,4
phylogeny_ms_perf_exp1_k_38_18.phy,-1,9381,5287,TO,2,543143,0
phylogeny_ms_perf_exp1_k_38_19.phy,-1,8443,4449,TO,2,146749,4
phylogeny_ms_perf_exp1_k_38_1.phy,0,7724,1366,25.43,4,72,14
phylogeny_ms_perf_exp1_k_38_2.phy,-1,7310,3483,TO,2,44103,9
phylogeny_ms_perf_exp1_k_38_3.phy,1,6802,3138,2959.36,4,10463,68
phylogeny_ms_perf_exp1_k_38_4.phy,0,9523,0,7.45,1,0,0
phylogeny_ms_perf_exp1_k_38_5.phy,1,8068,3219,2745.74,4,9787,96
phylogeny_ms_perf_exp1_k_38_6.phy,1,7769,2923,3072.87,4,11287,71
phylogeny_ms_perf_exp1_k_38_7.phy,1,7686,1794,178.23,4,2031,72
phylogeny_ms_perf_exp1_k_38_8.phy,1,7831,2703,294.19,4,926,88
phylogeny_ms_perf_exp1_k_38_9.phy,0,7766,2094,155.95,4,1275,56
phylogeny_ms_perf_exp1_k_40_0.phy,1,7736,1921,146.64,4,1551,71
phylogeny_ms_perf_exp1_k_40_10.phy,-1,7894,3184,TO,3,22747,20
phylogeny_ms_perf_exp1_k_40_11.phy,1,6005,1617,72.54,4,987,46
phylogeny_ms_perf_exp1_k_40_12.phy,-1,9818,6084,TO,2,190386,7
phylogeny_ms_perf_exp1_k_40_13.phy,0,7964,3051,563.1,4,1755,68
phylogeny_ms_perf_exp1_k_40_14.phy,0,7618,2095,179.72,4,1391,58
phylogeny_ms_perf_exp1_k_40_15.phy,-1,10065,6073,TO,2,582730,7
phylogeny_ms_perf_exp1_k_40_16.phy,0,6766,1738,55.73,4,465,25
phylogeny_ms_perf_exp1_k_40_17.phy,-1,9477,5385,TO,2,50466,6
phylogeny_ms_perf_exp1_k_40_18.phy,0,7006,1277,26.26,4,221,25
phylogeny_ms_perf_exp1_k_40_19.phy,-1,9391,6241,TO,2,136960,2
phylogeny_ms_perf_exp1_k_40_1.phy,0,6901,2797,2958.32,4,17988,70
phylogeny_ms_perf_exp1_k_40_2.phy,0,7295,1543,62.96,4,864,54
phylogeny_ms_perf_exp1_k_40_3.phy,1,6917,1722,58.04,4,439,63
phylogeny_ms_perf_exp1_k_40_4.phy,1,7550,2794,1097.15,4,4915,82
phylogeny_ms_perf_exp1_k_40_5.phy,-1,7580,3176,TO,2,48426,13
phylogeny_ms_perf_exp1_k_40_6.phy,-1,8912,4386,TO,3,14569,5
phylogeny_ms_perf_exp1_k_40_7.phy,-1,9092,4183,TO,2,96739,23
phylogeny_ms_perf_exp1_k_40_8.phy,0,7028,1537,76.25,4,1401,53
phylogeny_ms_perf_exp1_k_40_9.phy,1,7851,1943,158.6,4,1553,92
phylogeny_ms_perf_exp1_k_4_0.phy,0,1401,0,6.39,1,0,0
phylogeny_ms_perf_exp1_k_4_10.phy,1,1282,0,6.37,1,0,0
phylogeny_ms_perf_exp1_k_4_11.phy,1,1399,693,10.75,4,21,8
phylogeny_ms_perf_exp1_k_4_12.phy,1,1344,0,6.36,1,0,0
phylogeny_ms_perf_exp1_k_4_13.phy,0,1351,0,6.25,1,0,0
phylogeny_ms_perf_exp1_k_4_14.phy,0,1357,0,6.27,1,0,0
phylogeny_ms_perf_exp1_k_4_15.phy,1,1376,552,9.46,4,9,4
phylogeny_ms_perf_exp1_k_4_16.phy,1,1290,0,6.39,1,0,0
phylogeny_ms_perf_exp1_k_4_17.phy,1,1297,0,6.28,1,0,0
phylogeny_ms_perf_exp1_k_4_18.phy,1,1297,407,8.88,4,3,2
phylogeny_ms_perf_exp1_k_4_19.phy,0,1401,0,6.16,1,0,0
phylogeny_ms_perf_exp1_k_4_1.phy,0,1380,0,6.87,1,0,0
phylogeny_ms_perf_exp1_k_4_2.phy,1,1368,0,6.52,1,0,0
phylogeny_ms_perf_exp1_k_4_3.phy,1,1370,0,8.66,1,0,0
phylogeny_ms_perf_exp1_k_4_4.phy,1,1365,590,9.25,4,5,3
phylogeny_ms_perf_exp1_k_4_5.phy,1,1389,0,6.46,1,0,0
phylogeny_ms_perf_exp1_k_4_6.phy,0,1390,487,9.79,4,18,7
phylogeny_ms_perf_exp1_k_4_7.phy,0,1318,0,6.3,1,0,0
phylogeny_ms_perf_exp1_k_4_8.phy,0,1359,0,6.28,1,0,0
phylogeny_ms_perf_exp1_k_4_9.phy,0,1351,0,6.45,1,0,0
phylogeny_ms_perf_exp1_k_6_0.phy,0,1710,1020,13.3,4,19,5
phylogeny_ms_perf_exp1_k_6_10.phy,0,1656,0,6.41,1,0,0
phylogeny_ms_perf_exp1_k_6_11.phy,0,1860,637,11.62,4,54,6
phylogeny_ms_perf_exp1_k_6_12.phy,1,1683,0,6.47,1,0,0
phylogeny_ms_perf_exp1_k_6_13.phy,1,1918,937,13.8,4,56,10
phylogeny_ms_perf_exp1_k_6_14.phy,0,1918,0,6.4,1,0,0
phylogeny_ms_perf_exp1_k_6_15.phy,0,1989,0,6.63,1,0,0
phylogeny_ms_perf_exp1_k_6_16.phy,0,1874,955,13.55,4,43,8
phylogeny_ms_perf_exp1_k_6_17.phy,0,1683,0,6.22,1,0,0
phylogeny_ms_perf_exp1_k_6_18.phy,1,1839,0,9.83,1,0,0
phylogeny_ms_perf_exp1_k_6_19.phy,1,1891,0,9.13,1,0,0
phylogeny_ms_perf_exp1_k_6_1.phy,0,1940,0,6.53,1,0,0
phylogeny_ms_perf_exp1_k_6_2.phy,0,1673,970,13.07,4,25,6
phylogeny_ms_perf_exp1_k_6_3.phy,0,1936,0,6.41,1,0,0
phylogeny_ms_perf_exp1_k_6_4.phy,1,1902,1036,14.59,4,52,12
phylogeny_ms_perf_exp1_k_6_5.phy,0,1974,578,10.4,4,31,6
phylogeny_ms_perf_exp1_k_6_6.phy,0,1879,0,6.61,1,0,0
phylogeny_ms_perf_exp1_k_6_7.phy,1,1806,853,11.99,4,26,8
phylogeny_ms_perf_exp1_k_6_8.phy,0,1698,0,6.55,1,0,0
phylogeny_ms_perf_exp1_k_6_9.phy,1,1965,945,13.28,4,48,9
phylogeny_ms_perf_exp1_k_8_0.phy,0,2454,0,6.27,1,0,0
phylogeny_ms_perf_exp1_k_8_10.phy,0,2607,1113,17.71,4,121,15
phylogeny_ms_perf_exp1_k_8_11.phy,1,2449,1012,15.6,4,51,10
phylogeny_ms_perf_exp1_k_8_12.phy,1,2523,1133,17.51,4,82,16
phylogeny_ms_perf_exp1_k_8_13.phy,0,2067,0,6.63,1,0,0
phylogeny_ms_perf_exp1_k_8_14.phy,1,2295,1174,16.01,4,41,14
phylogeny_ms_perf_exp1_k_8_15.phy,1,2467,1171,16.68,4,48,15
phylogeny_ms_perf_exp1_k_8_16.phy,1,2348,1068,14.39,4,28,11
phylogeny_ms_perf_exp1_k_8_17.phy,0,2448,1077,17.37,4,129,14
phylogeny_ms_perf_exp1_k_8_18.phy,0,2551,0,6.48,1,0,0
phylogeny_ms_perf_exp1_k_8_19.phy,0,2325,0,6.23,1,0,0
phylogeny_ms_perf_exp1_k_8_1.phy,0,2150,0,6.65,1,0,0
phylogeny_ms_perf_exp1_k_8_2.phy,0,2211,0,6.51,1,0,0
phylogeny_ms_perf_exp1_k_8_3.phy,0,2482,926,15.47,4,131,9
phylogeny_ms_perf_exp1_k_8_4.phy,1,2238,1243,18.16,4,76,15
phylogeny_ms_perf_exp1_k_8_5.phy,0,2214,0,6.35,1,0,0
phylogeny_ms_perf_exp1_k_8_6.phy,1,2514,1322,22.35,4,157,14
phylogeny_ms_perf_exp1_k_8_7.phy,1,2245,1297,18.6,4,49,14
phylogeny_ms_perf_exp1_k_8_8.phy,0,2364,0,6.43,1,0,0
phylogeny_ms_perf_exp1_k_8_9.phy,0,2495,1164,18.83,4,201,6
phylogeny_ms_perf_exp1_n_120_0.phy,0,1271,435,2.8,4,3004,17
phylogeny_ms_perf_exp1_n_120_10.phy,1,959,228,0.43,4,37,9
phylogeny_ms_perf_exp1_n_120_11.phy,1,1153,316,0.59,4,94,17
phylogeny_ms_perf_exp1_n_120_12.phy,1,931,244,0.42,4,77,8
phylogeny_ms_perf_exp1_n_120_13.phy,0,1033,376,0.5700000000000001,4,62,7
phylogeny_ms_perf_exp1_n_120_14.phy,1,1204,348,0.63,4,83,22
phylogeny_ms_perf_exp1_n_120_15.phy,1,1144,300,0.63,4,80,33
phylogeny_ms_perf_exp1_n_120_16.phy,1,1403,434,0.98,4,262,27
phylogeny_ms_perf_exp1_n_120_17.phy,0,1061,355,0.59,4,79,10
phylogeny_ms_perf_exp1_n_120_18.phy,1,1292,680,2.81,4,356,36
phylogeny_ms_perf_exp1_n_120_19.phy,1,1246,271,0.55,4,47,22
phylogeny_ms_perf_exp1_n_120_1.phy,0,1083,556,2.02,4,541,17
phylogeny_ms_perf_exp1_n_120_2.phy,1,1238,210,0.44,4,21,10
phylogeny_ms_perf_exp1_n_120_3.phy,1,1165,352,0.63,4,61,24
phylogeny_ms_perf_exp1_n_120_4.phy,0,1055,434,0.83,4,88,19
phylogeny_ms_perf_exp1_n_120_5.phy,0,1165,122,0.41,4,2,0
phylogeny_ms_perf_exp1_n_120_6.phy,1,1411,676,5.5,4,1127,62
phylogeny_ms_perf_exp1_n_120_7.phy,0,1104,0,0.27,1,0,0
phylogeny_ms_perf_exp1_n_120_8.phy,0,1217,266,0.51,4,81,8
phylogeny_ms_perf_exp1_n_120_9.phy,1,1086,209,0.44,4,79,26
phylogeny_ms_perf_exp1_n_160_0.phy,0,2107,975,54.57,4,4619,31
phylogeny_ms_perf_exp1_n_160_10.phy,1,1538,445,1.35,4,89,29
phylogeny_ms_perf_exp1_n_160_11.phy,1,1602,401,1.38,4,143,31
phylogeny_ms_perf_exp1_n_160_12.phy,1,1515,389,1.12,4,61,20
phylogeny_ms_perf_exp1_n_160_13.phy,1,1866,1043,30.21,4,2463,43
phylogeny_ms_perf_exp1_n_160_14.phy,0,1736,954,23.32,4,2006,23
phylogeny_ms_perf_exp1_n_160_15.phy,1,1992,1169,51.08,4,2258,63
phylogeny_ms_perf_exp1_n_160_16.phy,0,1829,811,40.56,4,6904,29
phylogeny_ms_perf_exp1_n_160_17.phy,1,1743,778,11.99,4,1781,44
phylogeny_ms_perf_exp1_n_160_18.phy,1,1831,593,2.04,4,175,17
phylogeny_ms_perf_exp1_n_160_19.phy,0,1979,1029,12.9,4,716,27
phylogeny_ms_perf_exp1_n_160_1.phy,0,1316,0,0.48,1,0,0
phylogeny_ms_perf_exp1_n_160_2.phy,1,1752,478,1.6,4,128,25
phylogeny_ms_perf_exp1_n_160_3.phy,0,1618,720,4.69,4,624,14
phylogeny_ms_perf_exp1_n_160_4.phy,1,1977,718,19.57,4,3815,35
phylogeny_ms_perf_exp1_n_160_5.phy,1,1509,604,2.38,4,299,21
phylogeny_ms_perf_exp1_n_160_6.phy,1,1474,505,1.55,4,110,31
phylogeny_ms_perf_exp1_n_160_7.phy,0,1946,1220,42.8,4,1942,42
phylogeny_ms_perf_exp1_n_160_8.phy,1,1816,1147,81.27,4,5943,38
phylogeny_ms_perf_exp1_n_160_9.phy,1,1697,417,1.11,4,39,15
phylogeny_ms_perf_exp1_n_200_0.phy,0,2331,0,0.91,1,0,0
phylogeny_ms_perf_exp1_n_200_10.phy,1,2368,1099,64.39,4,4029,57
phylogeny_ms_perf_exp1_n_200_11.phy,0,2125,0,0.85,1,0,0
phylogeny_ms_perf_exp1_n_200_12.phy,0,2293,789,7.46,4,819,29
phylogeny_ms_perf_exp1_n_200_13.phy,0,2645,1279,302.16,4,14697,42
phylogeny_ms_perf_exp1_n_200_14.phy,1,2351,1184,44.68,4,2322,44
phylogeny_ms_perf_exp1_n_200_15.phy,1,2316,705,3.94,4,232,34
phylogeny_ms_perf_exp1_n_200_16.phy,1,2368,584,3.11,4,145,33
phylogeny_ms_perf_exp1_n_200_17.phy,1,2361,1242,37.92,4,1447,46
phylogeny_ms_perf_exp1_n_200_18.phy,1,2578,1266,146.31,4,6659,42
phylogeny_ms_perf_exp1_n_200_19.phy,0,2120,1366,54.05,4,1910,31
phylogeny_ms_perf_exp1_n_200_1.phy,1,2617,1363,27.26,4,553,55
phylogeny_ms_perf_exp1_n_200_2.phy,0,1997,649,2.89,4,130,19
phylogeny_ms_perf_exp1_n_200_3.phy,0,2388,1202,72.8,4,3953,41
phylogeny_ms_perf_exp1_n_200_4.phy,1,2168,979,8.24,4,374,34
phylogeny_ms_perf_exp1_n_200_5.phy,0,2409,1102,60.59,4,3857,24
phylogeny_ms_perf_exp1_n_200_6.phy,1,2402,697,3.6,4,157,39
phylogeny_ms_perf_exp1_n_200_7.phy,0,2132,202,1.54,4,2,0
phylogeny_ms_perf_exp1_n_200_8.phy,0,2033,421,1.82,4,168,10
phylogeny_ms_perf_exp1_n_200_9.phy,1,2008,606,2.58,4,70,17
phylogeny_ms_perf_exp1_n_240_0.phy,0,3042,1472,490.85,4,21167,24
phylogeny_ms_perf_exp1_n_240_10.phy,0,2825,0,1.76,1,0,0
phylogeny_ms_perf_exp1_n_240_11.phy,0,2971,1611,102.14,4,2057,47
phylogeny_ms_perf_exp1_n_240_12.phy,1,2740,614,4.24,4,105,26
phylogeny_ms_perf_exp1_n_240_13.phy,0,2951,0,1.76,1,0,0
phylogeny_ms_perf_exp1_n_240_14.phy,1,3075,1584,482.39,4,12107,47
phylogeny_ms_perf_exp1_n_240_15.phy,0,2652,1113,17.91,4,797,17
phylogeny_ms_perf_exp1_n_240_16.phy,0,2795,1337,32.22,4,943,23
phylogeny_ms_perf_exp1_n_240_17.phy,1,2951,1535,312.16,4,6727,40
phylogeny_ms_perf_exp1_n_240_18.phy,0,2888,1893,610.99,4,9779,32
phylogeny_ms_perf_exp1_n_240_19.phy,0,2843,693,4.97,4,120,31
phylogeny_ms_perf_exp1_n_240_1.phy,1,3264,1585,805.98,4,17786,43
phylogeny_ms_perf_exp1_n_240_2.phy,0,2293,631,3.74,4,93,10
phylogeny_ms_perf_exp1_n_240_3.phy,1,2627,254,2.64,4,4,3
phylogeny_ms_perf_exp1_n_240_4.phy,1,2628,739,4.8,4,69,27
phylogeny_ms_perf_exp1_n_240_5.phy,1,2426,615,4.85,4,125,36
phylogeny_ms_perf_exp1_n_240_6.phy,0,2811,0,1.47,1,0,0
phylogeny_ms_perf_exp1_n_240_7.phy,1,2867,1677,708.29,4,14513,47
phylogeny_ms_perf_exp1_n_240_8.phy,1,2415,849,5.84,4,121,35
phylogeny_ms_perf_exp1_n_240_9.phy,0,3115,0,1.45,1,0,0
phylogeny_ms_perf_exp1_n_280_0.phy,1,3546,1495,182.61,4,5491,46
phylogeny_ms_perf_exp1_n_280_10.phy,1,3339,1575,31.16,4,196,43
phylogeny_ms_perf_exp1_n_280_11.phy,1,3743,2153,298.16,4,3046,46
phylogeny_ms_perf_exp1_n_280_12.phy,0,3045,0,2.32,1,0,0
phylogeny_ms_perf_exp1_n_280_13.phy,0,3342,1787,210.49,4,3355,23
phylogeny_ms_perf_exp1_n_280_14.phy,1,3040,1011,10.53,4,205,28
phylogeny_ms_perf_exp1_n_280_15.phy,0,3221,0,2.34,1,0,0
phylogeny_ms_perf_exp1_n_280_16.phy,1,3808,1981,315.46,4,3546,50
phylogeny_ms_perf_exp1_n_280_17.phy,0,3453,0,2.39,1,0,0
phylogeny_ms_perf_exp1_n_280_18.phy,1,2567,594,5.75,4,75,17
phylogeny_ms_perf_exp1_n_280_19.phy,0,2661,0,2.37,1,0,0
phylogeny_ms_perf_exp1_n_280_1.phy,0,3359,0,2.4,1,0,0
phylogeny_ms_perf_exp1_n_280_2.phy,1,3078,1186,14.96,4,194,32
phylogeny_ms_perf_exp1_n_280_3.phy,1,2909,722,6.79,4,139,27
phylogeny_ms_perf_exp1_n_280_4.phy,1,3182,1010,13.64,4,518,26
phylogeny_ms_perf_exp1_n_280_5.phy,0,3804,1760,643.39,4,12309,38
phylogeny_ms_perf_exp1_n_280_6.phy,1,3367,1842,147.14,4,1570,44
phylogeny_ms_perf_exp1_n_280_7.phy,0,2999,0,2.29,1,0,0
phylogeny_ms_perf_exp1_n_280_8.phy,0,3078,1853,1634.08,4,33853,27
phylogeny_ms_perf_exp1_n_280_9.phy,1,3365,1479,42.49,4,715,35
phylogeny_ms_perf_exp1_n_320_0.phy,1,3796,2257,243.33,4,1725,59
phylogeny_ms_perf_exp1_n_320_10.phy,0,3502,1224,19.11,4,341,27
phylogeny_ms_perf_exp1_n_320_11.phy,1,4072,2273,458.52,4,3559,50
phylogeny_ms_perf_exp1_n_320_12.phy,1,3261,1114,15.89,4,395,19
phylogeny_ms_perf_exp1_n_320_13.phy,1,4069,1825,65.09,4,561,48
phylogeny_ms_perf_exp1_n_320_14.phy,0,4012,0,3.56,1,0,0
phylogeny_ms_perf_exp1_n_320_15.phy,1,3637,1393,51.81,4,1489,45
phylogeny_ms_perf_exp1_n_320_16.phy,-1,4072,2428,TO,3,39896,2
phylogeny_ms_perf_exp1_n_320_17.phy,1,4360,1906,392.49,4,6306,50
phylogeny_ms_perf_exp1_n_320_18.phy,-1,4269,2534,TO,3,27070,0
phylogeny_ms_perf_exp1_n_320_19.phy,1,4142,2367,821.35,4,6005,57
phylogeny_ms_perf_exp1_n_320_1.phy,0,3233,1038,13.21,4,226,21
phylogeny_ms_perf_exp1_n_320_2.phy,1,3855,1264,20.06,4,201,40
phylogeny_ms_perf_exp1_n_320_3.phy,1,3515,1599,28.54,4,173,35
phylogeny_ms_perf_exp1_n_320_4.phy,1,3753,1357,26.96,4,431,30
phylogeny_ms_perf_exp1_n_320_5.phy,1,3604,1290,18.13,4,184,39
phylogeny_ms_perf_exp1_n_320_6.phy,0,3921,1738,124.41,4,2151,44
phylogeny_ms_perf_exp1_n_320_7.phy,1,3801,2246,360.36,4,2994,46
phylogeny_ms_perf_exp1_n_320_8.phy,1,3723,1323,49.95,4,1995,28
phylogeny_ms_perf_exp1_n_320_9.phy,1,4038,1804,51.83,4,276,45
phylogeny_ms_perf_exp1_n_360_0.phy,0,4535,2296,656.69,4,6078,32
phylogeny_ms_perf_exp1_n_360_10.phy,0,4216,0,5.07,1,0,0
phylogeny_ms_perf_exp1_n_360_11.phy,1,4877,2076,379.19,4,4052,39
phylogeny_ms_perf_exp1_n_360_12.phy,1,4522,2377,130.21,4,469,44
phylogeny_ms_perf_exp1_n_360_13.phy,1,5086,2514,2371.94,4,14517,47
phylogeny_ms_perf_exp1_n_360_14.phy,0,5249,0,5.33,1,0,0
phylogeny_ms_perf_exp1_n_360_15.phy,0,4361,2139,122.05,4,972,38
phylogeny_ms_perf_exp1_n_360_16.phy,0,4510,1792,78.51,4,661,34
phylogeny_ms_perf_exp1_n_360_17.phy,1,4437,2187,358.0,4,2972,43
phylogeny_ms_perf_exp1_n_360_18.phy,1,4491,1670,51.17,4,580,35
phylogeny_ms_perf_exp1_n_360_19.phy,1,4293,1232,21.05,4,118,57
phylogeny_ms_perf_exp1_n_360_1.phy,0,3855,1403,19.84,4,91,20
phylogeny_ms_perf_exp1_n_360_2.phy,-1,5091,2650,TO,3,30169,2
phylogeny_ms_perf_exp1_n_360_3.phy,1,3843,958,13.02,4,74,21
phylogeny_ms_perf_exp1_n_360_4.phy,0,4821,2331,1022.25,4,8991,35
phylogeny_ms_perf_exp1_n_360_5.phy,1,4321,862,16.16,4,119,37
phylogeny_ms_perf_exp1_n_360_6.phy,1,4750,2473,673.47,4,4090,58
phylogeny_ms_perf_exp1_n_360_7.phy,0,4269,1824,143.36,4,2178,38
phylogeny_ms_perf_exp1_n_360_8.phy,0,4463,1881,62.14,4,547,48
phylogeny_ms_perf_exp1_n_360_9.phy,0,4571,2249,902.11,4,8050,42
phylogeny_ms_perf_exp1_n_400_0.phy,0,3232,0,6.69,1,0,0
phylogeny_ms_perf_exp1_n_400_10.phy,1,4906,1273,34.21,4,360,55
phylogeny_ms_perf_exp1_n_400_11.phy,-1,5589,2955,TO,3,24437,4
phylogeny_ms_perf_exp1_n_400_12.phy,1,5213,2513,553.61,4,3317,46
phylogeny_ms_perf_exp1_n_400_13.phy,1,4605,2009,71.61,4,334,39
phylogeny_ms_perf_exp1_n_400_14.phy,1,4174,1234,24.3,4,164,36
phylogeny_ms_perf_exp1_n_400_15.phy,-1,5567,3201,TO,2,46570,0
phylogeny_ms_perf_exp1_n_400_16.phy,0,4442,0,7.43,1,0,0
phylogeny_ms_perf_exp1_n_400_17.phy,0,5502,0,7.47,1,0,0
phylogeny_ms_perf_exp1_n_400_18.phy,0,4952,2643,2248.74,4,12974,29
phylogeny_ms_perf_exp1_n_400_19.phy,-1,5309,2819,TO,3,24287,0
phylogeny_ms_perf_exp1_n_400_1.phy,1,3920,1322,22.76,4,85,28
phylogeny_ms_perf_exp1_n_400_2.phy,0,4899,2512,868.41,4,5917,32
phylogeny_ms_perf_exp1_n_400_3.phy,0,4840,0,7.25,1,0,0
phylogeny_ms_perf_exp1_n_400_4.phy,0,5335,3041,3207.34,4,13191,43
phylogeny_ms_perf_exp1_n_400_5.phy,0,5093,0,6.85,1,0,0
phylogeny_ms_perf_exp1_n_400_6.phy,1,4272,477,11.85,4,19,6
phylogeny_ms_perf_exp1_n_400_7.phy,0,4784,1700,50.04,4,332,29
phylogeny_ms_perf_exp1_n_400_8.phy,1,4412,2146,110.88,4,599,34
phylogeny_ms_perf_exp1_n_400_9.phy,1,5206,1891,76.54,4,472,35
phylogeny_ms_perf_exp1_n_40_10.phy,1,322,119,0.09,4,78,40
phylogeny_ms_perf_exp1_n_40_11.phy,1,319,36,0.06,4,7,7
phylogeny_ms_perf_exp1_n_40_12.phy,1,219,0,0.04,1,0,0
phylogeny_ms_perf_exp1_n_40_13.phy,1,300,55,0.05,4,20,12
phylogeny_ms_perf_exp1_n_40_14.phy,0,324,69,0.05,4,23,5
phylogeny_ms_perf_exp1_n_40_15.phy,1,236,66,0.06,4,25,8
phylogeny_ms_perf_exp1_n_40_16.phy,1,217,0,0.04,1,0,0
phylogeny_ms_perf_exp1_n_40_17.phy,0,263,45,0.05,4,4,1
phylogeny_ms_perf_exp1_n_40_18.phy,0,251,48,0.03,4,16,2
phylogeny_ms_perf_exp1_n_40_19.phy,0,233,85,0.08,4,50,9
phylogeny_ms_perf_exp1_n_40_1.phy,1,204,106,0.07,4,58,28
phylogeny_ms_perf_exp1_n_40_2.phy,1,311,105,0.07,4,33,10
phylogeny_ms_perf_exp1_n_40_3.phy,1,298,119,0.08,4,71,50
phylogeny_ms_perf_exp1_n_40_4.phy,1,250,40,0.05,4,2,2
phylogeny_ms_perf_exp1_n_40_5.phy,1,244,88,0.07,4,65,29
phylogeny_ms_perf_exp1_n_40_6.phy,0,322,140,0.08,4,82,24
phylogeny_ms_perf_exp1_n_40_7.phy,1,223,80,0.1,4,25,11
phylogeny_ms_perf_exp1_n_40_8.phy,1,304,42,0.04,4,2,2
phylogeny_ms_perf_exp1_n_40_9.phy,1,280,99,0.09,4,56,20
phylogeny_ms_perf_exp1_n_440_0.phy,0,5034,0,9.62,1,0,0
phylogeny_ms_perf_exp1_n_440_10.phy,1,4469,1084,24.47,4,122,23
phylogeny_ms_perf_exp1_n_440_11.phy,0,4111,0,9.44,1,0,0
phylogeny_ms_perf_exp1_n_440_12.phy,0,5215,1965,396.46,4,5130,32
phylogeny_ms_perf_exp1_n_440_13.phy,-1,6364,3633,TO,2,172624,2
phylogeny_ms_perf_exp1_n_440_14.phy,0,5311,2827,2218.58,4,12653,28
phylogeny_ms_perf_exp1_n_440_15.phy,0,5209,1205,23.99,4,50,14
phylogeny_ms_perf_exp1_n_440_16.phy,0,5769,0,9.67,1,0,0
phylogeny_ms_perf_exp1_n_440_17.phy,1,4788,1614,62.88,4,623,34
phylogeny_ms_perf_exp1_n_440_18.phy,1,4546,1301,27.35,4,87,23
phylogeny_ms_perf_exp1_n_440_19.phy,1,5442,1949,79.04,4,508,38
phylogeny_ms_perf_exp1_n_440_1.phy,0,6321,450,18.59,4,8,4
phylogeny_ms_perf_exp1_n_440_2.phy,0,5292,2228,272.91,4,2413,42
phylogeny_ms_perf_exp1_n_440_3.phy,0,5022,1447,37.74,4,233,31
phylogeny_ms_perf_exp1_n_440_4.phy,1,5121,1894,73.56,4,493,28
phylogeny_ms_perf_exp1_n_440_5.phy,0,4932,0,9.58,1,0,0
phylogeny_ms_perf_exp1_n_440_6.phy,0,5198,2559,656.59,4,4421,25
phylogeny_ms_perf_exp1_n_440_7.phy,0,5432,2837,1177.15,4,5357,33
phylogeny_ms_perf_exp1_n_440_8.phy,1,4968,1092,30.84,4,145,32
phylogeny_ms_perf_exp1_n_440_9.phy,1,5832,2946,718.62,4,2897,50
phylogeny_ms_perf_exp1_n_480_0.phy,0,6385,0,12.28,1,0,0
phylogeny_ms_perf_exp1_n_480_10.phy,1,6348,3475,662.3,4,1054,61
phylogeny_ms_perf_exp1_n_480_11.phy,1,5286,1141,30.61,4,290,21
phylogeny_ms_perf_exp1_n_480_12.phy,0,6655,0,12.34,1,0,0
phylogeny_ms_perf_exp1_n_480_13.phy,1,5648,2885,711.99,4,3072,41
phylogeny_ms_perf_exp1_n_480_14.phy,1,5561,2425,208.97,4,922,47
phylogeny_ms_perf_exp1_n_480_15.phy,0,6904,0,12.25,1,0,0
phylogeny_ms_perf_exp1_n_480_16.phy,0,6247,2284,345.98,4,2501,44
phylogeny_ms_perf_exp1_n_480_17.phy,1,6124,3259,1961.53,4,6066,39
phylogeny_ms_perf_exp1_n_480_18.phy,1,6412,3019,310.4,4,592,61
phylogeny_ms_perf_exp1_n_480_19.phy,0,6893,2852,2538.57,4,12294,44
phylogeny_ms_perf_exp1_n_480_1.phy,1,5187,2128,88.38,4,286,46
phylogeny_ms_perf_exp1_n_480_2.phy,1,6864,3962,2037.54,4,3725,63
phylogeny_ms_perf_exp1_n_480_3.phy,0,4834,0,12.65,1,0,0
phylogeny_ms_perf_exp1_n_480_4.phy,1,6016,3156,1025.82,4,3104,48
phylogeny_ms_perf_exp1_n_480_5.phy,0,5462,0,12.51,1,0,0
phylogeny_ms_perf_exp1_n_480_6.phy,1,6185,2869,243.38,4,448,34
phylogeny_ms_perf_exp1_n_480_7.phy,0,6512,0,12.16,1,0,0
phylogeny_ms_perf_exp1_n_480_8.phy,1,5746,1342,55.93,4,600,44
phylogeny_ms_perf_exp1_n_480_9.phy,0,6505,3067,373.86,4,703,57
phylogeny_ms_perf_exp1_n_520_0.phy,-1,7321,4035,TO,3,8904,0
phylogeny_ms_perf_exp1_n_520_10.phy,0,6463,0,16.43,1,0,0
phylogeny_ms_perf_exp1_n_520_11.phy,0,5252,0,15.72,1,0,0
phylogeny_ms_perf_exp1_n_520_12.phy,1,6320,1642,65.95,4,479,44
phylogeny_ms_perf_exp1_n_520_13.phy,-1,7633,3877,TO,2,73133,4
phylogeny_ms_perf_exp1_n_520_14.phy,0,5565,0,15.61,1,0,0
phylogeny_ms_perf_exp1_n_520_15.phy,1,6150,2516,264.5,4,1169,43
phylogeny_ms_perf_exp1_n_520_16.phy,0,6198,0,15.96,1,0,0
phylogeny_ms_perf_exp1_n_520_17.phy,0,7246,0,16.31,1,0,0
phylogeny_ms_perf_exp1_n_520_18.phy,0,5243,1297,46.13,4,218,29
phylogeny_ms_perf_exp1_n_520_19.phy,0,5622,1800,88.29,4,854,18
phylogeny_ms_perf_exp1_n_520_1.phy,0,7156,0,16.74,1,0,0
phylogeny_ms_perf_exp1_n_520_2.phy,1,6347,3031,256.11,4,345,48
phylogeny_ms_perf_exp1_n_520_3.phy,0,7201,0,16.25,1,0,0
phylogeny_ms_perf_exp1_n_520_4.phy,1,5254,1617,52.89,4,156,27
phylogeny_ms_perf_exp1_n_520_5.phy,0,5831,0,16.59,1,0,0
phylogeny_ms_perf_exp1_n_520_6.phy,0,6516,2329,265.17,4,1755,37
phylogeny_ms_perf_exp1_n_520_7.phy,-1,7352,3819,TO,3,19225,5
phylogeny_ms_perf_exp1_n_520_8.phy,0,6877,0,16.39,1,0,0
phylogeny_ms_perf_exp1_n_520_9.phy,0,6349,1592,51.99,4,162,24
phylogeny_ms_perf_exp1_n_560_0.phy,1,6451,2610,230.6,4,569,48
phylogeny_ms_perf_exp1_n_560_10.phy,1,6601,2071,118.33,4,412,37
phylogeny_ms_perf_exp1_n_560_11.phy,-1,8048,4051,TO,2,47986,0
phylogeny_ms_perf_exp1_n_560_12.phy,0,6526,2254,134.95,4,366,33
phylogeny_ms_perf_exp1_n_560_13.phy,-1,7739,3958,TO,3,8155,11
phylogeny_ms_perf_exp1_n_560_14.phy,0,7601,0,19.81,1,0,0
phylogeny_ms_perf_exp1_n_560_15.phy,0,7164,0,20.1,1,0,0
phylogeny_ms_perf_exp1_n_560_16.phy,-1,8025,3626,TO,3,13709,3
phylogeny_ms_perf_exp1_n_560_17.phy,0,7074,0,19.77,1,0,0
phylogeny_ms_perf_exp1_n_560_18.phy,-1,7850,4160,TO,2,52265,2
phylogeny_ms_perf_exp1_n_560_19.phy,1,6701,2074,123.39,4,356,35
phylogeny_ms_perf_exp1_n_560_1.phy,0,7481,3625,1757.38,4,4718,51
phylogeny_ms_perf_exp1_n_560_2.phy,0,8099,0,20.31,1,0,0
phylogeny_ms_perf_exp1_n_560_3.phy,0,4564,0,18.81,1,0,0
phylogeny_ms_perf_exp1_n_560_4.phy,1,7226,3352,346.59000000000003,4,386,51
phylogeny_ms_perf_exp1_n_560_5.phy,0,6984,1339,46.89,4,79,15
phylogeny_ms_perf_exp1_n_560_6.phy,0,7683,0,20.13,1,0,0
phylogeny_ms_perf_exp1_n_560_7.phy,1,4983,1047,45.15,4,119,27
phylogeny_ms_perf_exp1_n_560_8.phy,1,7166,3677,557.54,4,452,44
phylogeny_ms_perf_exp1_n_560_9.phy,1,5991,2380,132.68,4,273,29
phylogeny_ms_perf_exp1_n_600_0.phy,-1,8714,4428,TO,2,46029,2
phylogeny_ms_perf_exp1_n_600_10.phy,0,8610,0,24.76,1,0,0
phylogeny_ms_perf_exp1_n_600_11.phy,0,7197,4021,1770.42,4,2536,38
phylogeny_ms_perf_exp1_n_600_12.phy,-1,8111,4214,TO,2,24982,0
phylogeny_ms_perf_exp1_n_600_13.phy,0,7887,3915,1149.62,4,1673,46
phylogeny_ms_perf_exp1_n_600_14.phy,-1,8144,4033,TO,3,6361,2
phylogeny_ms_perf_exp1_n_600_15.phy,0,7922,0,24.21,1,0,0
phylogeny_ms_perf_exp1_n_600_16.phy,1,7396,2161,141.39,4,427,39
phylogeny_ms_perf_exp1_n_600_17.phy,0,8095,0,24.85,1,0,0
phylogeny_ms_perf_exp1_n_600_18.phy,0,6821,0,23.79,1,0,0
phylogeny_ms_perf_exp1_n_600_19.phy,0,6742,0,24.34,1,0,0
phylogeny_ms_perf_exp1_n_600_1.phy,1,6695,1757,70.56,4,86,26
phylogeny_ms_perf_exp1_n_600_2.phy,-1,8250,4764,TO,2,30661,4
phylogeny_ms_perf_exp1_n_600_3.phy,0,8048,3438,774.37,4,1598,39
phylogeny_ms_perf_exp1_n_600_4.phy,0,7709,0,24.25,1,0,0
phylogeny_ms_perf_exp1_n_600_5.phy,-1,7475,3858,TO,2,43482,3
phylogeny_ms_perf_exp1_n_600_6.phy,0,8420,0,24.35,1,0,0
phylogeny_ms_perf_exp1_n_600_7.phy,0,8118,0,24.31,1,0,0
phylogeny_ms_perf_exp1_n_600_8.phy,0,7125,0,24.18,1,0,0
phylogeny_ms_perf_exp1_n_600_9.phy,1,6707,2394,140.15,4,269,38
phylogeny_ms_perf_exp1_n_640_0.phy,0,8887,0,29.55,1,0,0
phylogeny_ms_perf_exp1_n_640_10.phy,-1,8944,4831,TO,2,51609,3
phylogeny_ms_perf_exp1_n_640_11.phy,-1,9081,4222,TO,2,21650,6
phylogeny_ms_perf_exp1_n_640_12.phy,1,6589,1945,87.17,4,85,23
phylogeny_ms_perf_exp1_n_640_13.phy,0,9139,0,29.36,1,0,0
phylogeny_ms_perf_exp1_n_640_14.phy,0,9489,0,29.95,1,0,0
phylogeny_ms_perf_exp1_n_640_15.phy,1,8146,3527,932.16,4,1740,46
phylogeny_ms_perf_exp1_n_640_16.phy,1,6296,2054,99.72,4,153,27
phylogeny_ms_perf_exp1_n_640_17.phy,1,8666,3738,3173.88,4,7997,52
phylogeny_ms_perf_exp1_n_640_18.phy,0,9397,0,29.48,1,0,0
phylogeny_ms_perf_exp1_n_640_19.phy,0,7857,3086,1132.62,4,4495,27
phylogeny_ms_perf_exp1_n_640_1.phy,1,7430,2699,188.03,4,176,37
phylogeny_ms_perf_exp1_n_640_2.phy,1,7664,2141,188.25,4,486,43
phylogeny_ms_perf_exp1_n_640_3.phy,-1,8516,3145,TO,3,15824,0
phylogeny_ms_perf_exp1_n_640_4.phy,1,7844,2501,211.54,4,392,39
phylogeny_ms_perf_exp1_n_640_5.phy,0,8992,0,30.64,1,0,0
phylogeny_ms_perf_exp1_n_640_6.phy,1,9012,3615,802.82,4,1289,40
phylogeny_ms_perf_exp1_n_640_7.phy,0,7603,0,29.71,1,0,0
phylogeny_ms_perf_exp1_n_640_8.phy,0,7595,0,28.72,1,0,0
phylogeny_ms_perf_exp1_n_640_9.phy,-1,8284,4602,TO,3,3240,0
phylogeny_ms_perf_exp1_n_680_0.phy,-1,8666,4373,TO,2,25613,0
phylogeny_ms_perf_exp1_n_680_10.phy,-1,9213,4908,TO,2,18357,2
phylogeny_ms_perf_exp1_n_680_11.phy,0,9645,0,36.65,1,0,0
phylogeny_ms_perf_exp1_n_680_12.phy,-1,8087,4152,TO,2,21158,2
phylogeny_ms_perf_exp1_n_680_13.phy,0,6622,0,35.33,1,0,0
phylogeny_ms_perf_exp1_n_680_14.phy,0,6992,0,35.22,1,0,0
phylogeny_ms_perf_exp1_n_680_15.phy,1,7657,2999,327.86,4,474,40
phylogeny_ms_perf_exp1_n_680_16.phy,-1,9685,5128,TO,2,44567,0
phylogeny_ms_perf_exp1_n_680_17.phy,0,7391,3316,577.71,4,906,35
phylogeny_ms_perf_exp1_n_680_18.phy,-1,9198,4774,TO,3,7475,0
phylogeny_ms_perf_exp1_n_680_19.phy,-1,9889,4725,TO,3,12504,3
phylogeny_ms_perf_exp1_n_680_1.phy,0,9834,0,41.86,1,0,0
phylogeny_ms_perf_exp1_n_680_2.phy,0,8765,0,41.22,1,0,0
phylogeny_ms_perf_exp1_n_680_3.phy,1,8927,3846,829.97,4,694,44
phylogeny_ms_perf_exp1_n_680_4.phy,-1,9367,5162,TO,2,22634,0
phylogeny_ms_perf_exp1_n_680_5.phy,0,9483,0,38.59,1,0,0
phylogeny_ms_perf_exp1_n_680_6.phy,-1,9506,5401,TO,2,40256,0
phylogeny_ms_perf_exp1_n_680_7.phy,0,7662,0,36.18,1,0,0
phylogeny_ms_perf_exp1_n_680_8.phy,0,9206,0,37.36,1,0,0
phylogeny_ms_perf_exp1_n_680_9.phy,-1,9862,4839,TO,3,8303,2
phylogeny_ms_perf_exp1_n_720_0.phy,-1,10166,5774,TO,2,469,4
phylogeny_ms_perf_exp1_n_720_10.phy,0,10059,0,47.78,1,0,0
phylogeny_ms_perf_exp1_n_720_11.phy,-1,9898,4911,TO,2,11470,6
phylogeny_ms_perf_exp1_n_720_12.phy,-1,10182,4962,TO,2,40066,0
phylogeny_ms_perf_exp1_n_720_13.phy,0,10790,0,43.72,1,0,0
phylogeny_ms_perf_exp1_n_720_14.phy,0,9885,0,43.08,1,0,0
phylogeny_ms_perf_exp1_n_720_15.phy,0,9446,0,45.27,1,0,0
phylogeny_ms_perf_exp1_n_720_16.phy,1,8426,2614,464.78,4,1802,43
phylogeny_ms_perf_exp1_n_720_17.phy,0,9294,0,43.96,1,0,0
phylogeny_ms_perf_exp1_n_720_18.phy,1,8587,3311,408.06,4,353,39
phylogeny_ms_perf_exp1_n_720_19.phy,1,7773,2728,214.5,4,201,34
phylogeny_ms_perf_exp1_n_720_1.phy,0,9588,0,44.86,1,0,0
phylogeny_ms_perf_exp1_n_720_2.phy,0,9120,0,43.2,1,0,0
phylogeny_ms_perf_exp1_n_720_3.phy,0,8801,0,43.55,1,0,0
phylogeny_ms_perf_exp1_n_720_4.phy,-1,10139,5767,TO,2,534,0
phylogeny_ms_perf_exp1_n_720_5.phy,0,10101,0,43.25,1,0,0
phylogeny_ms_perf_exp1_n_720_6.phy,0,10069,0,44.65,1,0,0
phylogeny_ms_perf_exp1_n_720_7.phy,0,9998,0,45.11,1,0,0
phylogeny_ms_perf_exp1_n_720_8.phy,-1,9984,4391,TO,3,7571,5
phylogeny_ms_perf_exp1_n_720_9.phy,1,7886,2158,158.32,4,127,31
phylogeny_ms_perf_exp1_n_760_0.phy,0,8924,0,51.64,1,0,0
phylogeny_ms_perf_exp1_n_760_10.phy,1,9256,2572,216.03,4,198,48
phylogeny_ms_perf_exp1_n_760_11.phy,0,10743,0,50.57,1,0,0
phylogeny_ms_perf_exp1_n_760_12.phy,1,10079,4477,1061.92,4,497,50
phylogeny_ms_perf_exp1_n_760_13.phy,0,9779,0,51.08,1,0,0
phylogeny_ms_perf_exp1_n_760_14.phy,0,10720,0,53.51,1,0,0
phylogeny_ms_perf_exp1_n_760_15.phy,-1,9523,4974,TO,2,16779,6
phylogeny_ms_perf_exp1_n_760_16.phy,0,10827,0,53.26,1,0,0
phylogeny_ms_perf_exp1_n_760_17.phy,1,9478,4507,1400.32,4,754,55
phylogeny_ms_perf_exp1_n_760_18.phy,0,9068,0,51.29,1,0,0
phylogeny_ms_perf_exp1_n_760_19.phy,0,10053,0,53.98,1,0,0
phylogeny_ms_perf_exp1_n_760_1.phy,-1,10672,5023,TO,2,18933,4
phylogeny_ms_perf_exp1_n_760_2.phy,1,9679,3945,3065.66,4,5429,60
phylogeny_ms_perf_exp1_n_760_3.phy,-1,10278,5315,TO,2,391,10
phylogeny_ms_perf_exp1_n_760_4.phy,0,10211,0,53.36,1,0,0
phylogeny_ms_perf_exp1_n_760_5.phy,-1,9735,5285,TO,3,7786,2
phylogeny_ms_perf_exp1_n_760_6.phy,-1,10533,5888,TO,2,584,0
phylogeny_ms_perf_exp1_n_760_7.phy,0,11306,0,50.53,1,0,0
phylogeny_ms_perf_exp1_n_760_8.phy,-1,8748,4949,TO,2,12740,2
phylogeny_ms_perf_exp1_n_760_9.phy,-1,11230,5709,TO,2,456,0
phylogeny_ms_perf_exp1_n_800_0.phy,-1,12052,5982,TO,2,636,2
phylogeny_ms_perf_exp1_n_800_10.phy,-1,11058,6221,TO,2,654,6
phylogeny_ms_perf_exp1_n_800_11.phy,-1,11118,6105,TO,2,609,2
phylogeny_ms_perf_exp1_n_800_12.phy,1,10544,5737,2520.15,4,521,53
phylogeny_ms_perf_exp1_n_800_13.phy,1,8581,4156,846.66,4,559,42
phylogeny_ms_perf_exp1_n_800_14.phy,-1,11228,6117,TO,2,394,8
phylogeny_ms_perf_exp1_n_800_15.phy,0,11587,0,58.87,1,0,0
phylogeny_ms_perf_exp1_n_800_16.phy,1,9979,3745,1745.34,4,2870,45
phylogeny_ms_perf_exp1_n_800_17.phy,-1,11156,5622,TO,3,7305,8
phylogeny_ms_perf_exp1_n_800_18.phy,-1,10991,5886,TO,2,408,4
phylogeny_ms_perf_exp1_n_800_19.phy,-1,11435,6486,TO,2,696,2
phylogeny_ms_perf_exp1_n_800_1.phy,0,12310,0,59.71,1,0,0
phylogeny_ms_perf_exp1_n_800_2.phy,0,9935,2728,303.6,4,365,36
phylogeny_ms_perf_exp1_n_800_3.phy,0,8152,3244,552.44,4,924,24
phylogeny_ms_perf_exp1_n_800_4.phy,0,10378,0,58.55,1,0,0
phylogeny_ms_perf_exp1_n_800_5.phy,-1,9903,4452,TO,3,5479,3
phylogeny_ms_perf_exp1_n_800_6.phy,1,10288,5175,1606.16,4,933,43
phylogeny_ms_perf_exp1_n_800_7.phy,-1,11615,5174,TO,2,497,10
phylogeny_ms_perf_exp1_n_800_8.phy,0,11244,0,58.25,1,0,0
phylogeny_ms_perf_exp1_n_800_9.phy,-1,11039,6569,TO,2,565,7
phylogeny_ms_perf_exp1_n_80_0.phy,1,672,158,0.18,4,13,7
phylogeny_ms_perf_exp1_n_80_10.phy,0,688,358,0.75,4,691,16
phylogeny_ms_perf_exp1_n_80_11.phy,0,750,288,0.31,4,141,25
phylogeny_ms_perf_exp1_n_80_12.phy,0,854,317,0.71,4,816,17
phylogeny_ms_perf_exp1_n_80_13.phy,1,674,160,0.21,4,27,13
phylogeny_ms_perf_exp1_n_80_14.phy,1,826,346,0.45,4,196,25
phylogeny_ms_perf_exp1_n_80_15.phy,1,524,0,0.12,1,0,0
phylogeny_ms_perf_exp1_n_80_16.phy,1,850,215,0.26,4,76,23
phylogeny_ms_perf_exp1_n_80_17.phy,1,711,93,0.17,4,9,5
phylogeny_ms_perf_exp1_n_80_18.phy,1,767,151,0.19,4,22,7
phylogeny_ms_perf_exp1_n_80_19.phy,1,861,175,0.25,4,120,22
phylogeny_ms_perf_exp1_n_80_1.phy,1,815,220,0.24,4,94,32
phylogeny_ms_perf_exp1_n_80_2.phy,1,655,87,0.16,4,6,5
phylogeny_ms_perf_exp1_n_80_3.phy,1,558,138,0.19,4,18,11
phylogeny_ms_perf_exp1_n_80_4.phy,1,607,140,0.19,4,31,20
phylogeny_ms_perf_exp1_n_80_5.phy,1,788,309,0.33,4,111,23
phylogeny_ms_perf_exp1_n_80_6.phy,0,806,337,0.79,4,777,24
phylogeny_ms_perf_exp1_n_80_7.phy,1,778,203,0.23,4,64,19
phylogeny_ms_perf_exp1_n_80_8.phy,0,797,265,0.3,4,130,20
phylogeny_ms_perf_exp1_n_80_9.phy,1,600,192,0.22,4,46,18
phylogeny_ms_perf_exp1_r_0.000000_0.phy,1,5016,2215,161.07,4,1014,45
phylogeny_ms_perf_exp1_r_0.000000_10.phy,1,4728,1866,56.49,4,275,45
phylogeny_ms_perf_exp1_r_0.000000_11.phy,1,4298,1255,22.13,4,225,15
phylogeny_ms_perf_exp1_r_0.000000_12.phy,1,5665,2766,894.37,4,4458,64
phylogeny_ms_perf_exp1_r_0.000000_13.phy,1,4813,1255,27.38,4,209,48
phylogeny_ms_perf_exp1_r_0.000000_14.phy,1,4955,2502,746.38,4,4655,49
phylogeny_ms_perf_exp1_r_0.000000_15.phy,1,4278,1857,66.44,4,386,30
phylogeny_ms_perf_exp1_r_0.000000_16.phy,1,4121,1522,34.44,4,308,26
phylogeny_ms_perf_exp1_r_0.000000_17.phy,1,5050,2351,853.71,4,5837,36
phylogeny_ms_perf_exp1_r_0.000000_18.phy,1,5105,2602,308.58,4,1251,60
phylogeny_ms_perf_exp1_r_0.000000_19.phy,1,5264,2696,1018.32,4,4840,67
phylogeny_ms_perf_exp1_r_0.000000_1.phy,1,5427,1918,229.02,4,2339,41
phylogeny_ms_perf_exp1_r_0.000000_2.phy,1,3591,1018,15.67,4,95,16
phylogeny_ms_perf_exp1_r_0.000000_3.phy,1,4637,1620,42.62,4,271,38
phylogeny_ms_perf_exp1_r_0.000000_4.phy,1,4991,1435,39.09,4,419,38
phylogeny_ms_perf_exp1_r_0.000000_5.phy,1,4233,1847,52.51,4,245,38
phylogeny_ms_perf_exp1_r_0.000000_6.phy,1,5552,2597,2177.88,4,12709,49
phylogeny_ms_perf_exp1_r_0.000000_7.phy,1,4816,2168,103.13,4,340,36
phylogeny_ms_perf_exp1_r_0.000000_8.phy,1,4991,1976,98.02,4,911,53
phylogeny_ms_perf_exp1_r_0.000000_9.phy,1,3802,1183,20.01,4,141,21
phylogeny_ms_perf_exp1_r_0.050000_0.phy,0,5190,0,7.05,1,0,0
phylogeny_ms_perf_exp1_r_0.050000_10.phy,1,5024,2240,84.99,4,228,41
phylogeny_ms_perf_exp1_r_0.050000_11.phy,1,4870,1282,39.38,4,649,34
phylogeny_ms_perf_exp1_r_0.050000_12.phy,1,4383,1457,34.57,4,243,33
phylogeny_ms_perf_exp1_r_0.050000_13.phy,1,5327,3001,2251.82,4,9364,58
phylogeny_ms_perf_exp1_r_0.050000_14.phy,0,5072,2424,225.66,4,1237,45
phylogeny_ms_perf_exp1_r_0.050000_15.phy,1,4509,1601,42.14,4,358,31
phylogeny_ms_perf_exp1_r_0.050000_16.phy,0,5159,2880,283.61,4,704,46
phylogeny_ms_perf_exp1_r_0.050000_17.phy,1,5151,1709,60.7,4,555,48
phylogeny_ms_perf_exp1_r_0.050000_18.phy,1,4282,1978,85.05,4,583,49
phylogeny_ms_perf_exp1_r_0.050000_19.phy,1,4342,635,13.31,4,50,16
phylogeny_ms_perf_exp1_r_0.050000_1.phy,1,5459,2322,187.5,4,950,54
phylogeny_ms_perf_exp1_r_0.050000_2.phy,1,5112,2633,209.99,4,684,54
phylogeny_ms_perf_exp1_r_0.050000_3.phy,1,4402,1496,32.18,4,162,24
phylogeny_ms_perf_exp1_r_0.050000_4.phy,1,5604,2938,2374.1,4,10112,60
phylogeny_ms_perf_exp1_r_0.050000_5.phy,1,4707,1586,49.57,4,566,42
phylogeny_ms_perf_exp1_r_0.050000_6.phy,1,4602,1282,25.16,4,199,40
phylogeny_ms_perf_exp1_r_0.050000_7.phy,1,4417,994,17.45,4,62,24
phylogeny_ms_perf_exp1_r_0.050000_8.phy,1,5132,2069,123.5,4,841,56
phylogeny_ms_perf_exp1_r_0.050000_9.phy,1,4670,2108,195.31,4,1698,42
phylogeny_ms_perf_exp1_r_0.100000_0.phy,1,4696,2176,261.54,4,1892,38
phylogeny_ms_perf_exp1_r_0.100000_10.phy,1,4475,1354,38.58,4,338,41
phylogeny_ms_perf_exp1_r_0.100000_11.phy,-1,5507,3157,TO,2,77412,4
phylogeny_ms_perf_exp1_r_0.100000_12.phy,1,4992,2696,187.86,4,523,40
phylogeny_ms_perf_exp1_r_0.100000_13.phy,1,4891,1763,149.96,4,2358,45
phylogeny_ms_perf_exp1_r_0.100000_14.phy,1,4497,2166,227.46,4,1762,41
phylogeny_ms_perf_exp1_r_0.100000_15.phy,1,4503,1722,38.86,4,142,41
phylogeny_ms_perf_exp1_r_0.100000_16.phy,-1,5713,3068,TO,3,31293,5
phylogeny_ms_perf_exp1_r_0.100000_17.phy,1,5642,2569,553.46,4,2730,61
phylogeny_ms_perf_exp1_r_0.100000_18.phy,-1,5784,2967,TO,3,16629,2
phylogeny_ms_perf_exp1_r_0.100000_19.phy,1,5588,2874,1729.62,4,7851,70
phylogeny_ms_perf_exp1_r_0.100000_1.phy,1,4874,1662,54.64,4,502,42
phylogeny_ms_perf_exp1_r_0.100000_2.phy,1,5562,2656,1604.44,4,9462,48
phylogeny_ms_perf_exp1_r_0.100000_3.phy,1,5095,2477,214.21,4,903,61
phylogeny_ms_perf_exp1_r_0.100000_4.phy,0,3875,1307,24.44,4,237,18
phylogeny_ms_perf_exp1_r_0.100000_5.phy,1,4325,1617,47.19,4,451,30
phylogeny_ms_perf_exp1_r_0.100000_6.phy,1,4608,1774,80.3,4,666,42
phylogeny_ms_perf_exp1_r_0.100000_7.phy,0,4754,0,6.86,1,0,0
phylogeny_ms_perf_exp1_r_0.100000_8.phy,0,5125,2286,917.72,4,7271,33
phylogeny_ms_perf_exp1_r_0.100000_9.phy,1,4283,1202,21.72,4,179,16
phylogeny_ms_perf_exp1_r_0.150000_0.phy,1,3690,721,13.77,4,58,14
phylogeny_ms_perf_exp1_r_0.150000_10.phy,1,4411,1416,33.26,4,278,38
phylogeny_ms_perf_exp1_r_0.150000_11.phy,1,4314,1798,56.03,4,385,27
phylogeny_ms_perf_exp1_r_0.150000_12.phy,0,5629,0,7.02,1,0,0
phylogeny_ms_perf_exp1_r_0.150000_13.phy,-1,5458,3147,TO,3,17723,3
phylogeny_ms_perf_exp1_r_0.150000_14.phy,1,5352,3063,1795.58,4,6852,54
phylogeny_ms_perf_exp1_r_0.150000_15.phy,0,5430,0,7.01,1,0,0
phylogeny_ms_perf_exp1_r_0.150000_16.phy,-1,5570,3135,TO,3,31630,4
phylogeny_ms_perf_exp1_r_0.150000_17.phy,1,3558,847,13.9,4,62,13
phylogeny_ms_perf_exp1_r_0.150000_18.phy,0,5286,2866,2501.67,4,12397,34
phylogeny_ms_perf_exp1_r_0.150000_19.phy,1,4591,1048,18.69,4,114,29
phylogeny_ms_perf_exp1_r_0.150000_1.phy,1,5304,2258,193.97,4,1361,51
phylogeny_ms_perf_exp1_r_0.150000_2.phy,1,5093,2557,1034.35,4,6533,53
phylogeny_ms_perf_exp1_r_0.150000_3.phy,-1,5651,3440,TO,3,12718,9
phylogeny_ms_perf_exp1_r_0.150000_4.phy,1,5029,1543,31.01,4,120,38
phylogeny_ms_perf_exp1_r_0.150000_5.phy,1,5080,2358,187.82,4,1099,40
phylogeny_ms_perf_exp1_r_0.150000_6.phy,1,4049,1696,46.74,4,317,22
phylogeny_ms_perf_exp1_r_0.150000_7.phy,1,4080,895,17.49,4,110,28
phylogeny_ms_perf_exp1_r_0.150000_8.phy,1,4018,843,15.54,4,82,18
phylogeny_ms_perf_exp1_r_0.150000_9.phy,1,4715,1657,51.0,4,441,35
phylogeny_ms_perf_exp1_r_0.200000_0.phy,0,5062,2623,1117.37,4,6637,34
phylogeny_ms_perf_exp1_r_0.200000_10.phy,0,5736,0,7.43,1,0,0
phylogeny_ms_perf_exp1_r_0.200000_11.phy,1,4404,1530,61.94,4,972,26
phylogeny_ms_perf_exp1_r_0.200000_12.phy,1,5353,2842,2399.08,4,11356,64
phylogeny_ms_perf_exp1_r_0.200000_13.phy,1,4025,1368,25.96,4,166,26
phylogeny_ms_perf_exp1_r_0.200000_14.phy,1,5166,2558,186.11,4,503,47
phylogeny_ms_perf_exp1_r_0.200000_15.phy,1,5350,2467,353.69,4,1792,32
phylogeny_ms_perf_exp1_r_0.200000_16.phy,-1,5447,2795,TO,2,69401,0
phylogeny_ms_perf_exp1_r_0.200000_17.phy,0,5147,0,7.04,1,0,0
phylogeny_ms_perf_exp1_r_0.200000_18.phy,0,4307,0,6.71,1,0,0
phylogeny_ms_perf_exp1_r_0.200000_19.phy,0,5794,2878,2302.24,4,11856,49
phylogeny_ms_perf_exp1_r_0.200000_1.phy,1,4343,1722,71.05,4,901,30
phylogeny_ms_perf_exp1_r_0.200000_2.phy,1,4570,2001,68.68,4,358,36
phylogeny_ms_perf_exp1_r_0.200000_3.phy,-1,5602,2897,TO,3,15450,10
phylogeny_ms_perf_exp1_r_0.200000_4.phy,0,4488,0,6.71,1,0,0
phylogeny_ms_perf_exp1_r_0.200000_5.phy,0,5084,2537,920.39,4,5680,33
phylogeny_ms_perf_exp1_r_0.200000_6.phy,-1,5301,3037,TO,3,37818,2
phylogeny_ms_perf_exp1_r_0.200000_7.phy,0,4467,0,6.97,1,0,0
phylogeny_ms_perf_exp1_r_0.200000_8.phy,1,5587,3030,2979.04,4,11610,58
phylogeny_ms_perf_exp1_r_0.200000_9.phy,1,5185,1952,276.94,4,3288,61
phylogeny_ms_perf_exp1_r_0.250000_0.phy,1,4110,890,18.79,4,103,33
phylogeny_ms_perf_exp1_r_0.250000_10.phy,-1,5274,2619,TO,3,28310,2
phylogeny_ms_perf_exp1_r_0.250000_11.phy,1,3983,1060,17.52,4,114,16
phylogeny_ms_perf_exp1_r_0.250000_12.phy,0,5736,3086,2106.2400000000002,4,6973,55
phylogeny_ms_perf_exp1_r_0.250000_13.phy,0,5177,0,6.94,1,0,0
phylogeny_ms_perf_exp1_r_0.250000_14.phy,-1,5634,3099,TO,2,43189,2
phylogeny_ms_perf_exp1_r_0.250000_15.phy,0,5433,2807,1174.69,4,5963,48
phylogeny_ms_perf_exp1_r_0.250000_16.phy,1,5091,2112,280.82,4,2402,64
phylogeny_ms_perf_exp1_r_0.250000_17.phy,0,5349,0,7.22,1,0,0
phylogeny_ms_perf_exp1_r_0.250000_18.phy,0,4514,0,6.97,1,0,0
phylogeny_ms_perf_exp1_r_0.250000_19.phy,1,5320,2735,497.15,4,1717,53
phylogeny_ms_perf_exp1_r_0.250000_1.phy,1,4657,880,19.17,4,148,40
phylogeny_ms_perf_exp1_r_0.250000_2.phy,1,5331,2188,88.52,4,308,42
phylogeny_ms_perf_exp1_r_0.250000_3.phy,0,4840,2008,110.28,4,903,33
phylogeny_ms_perf_exp1_r_0.250000_4.phy,0,4309,0,7.16,1,0,0
phylogeny_ms_perf_exp1_r_0.250000_5.phy,0,4928,2082,357.65,4,3304,36
phylogeny_ms_perf_exp1_r_0.250000_6.phy,0,5401,0,6.77,1,0,0
phylogeny_ms_perf_exp1_r_0.250000_7.phy,1,5278,2413,454.21,4,3248,45
phylogeny_ms_perf_exp1_r_0.250000_8.phy,1,4552,1635,41.71,4,285,33
phylogeny_ms_perf_exp1_r_0.250000_9.phy,1,3359,997,16.12,4,113,16
phylogeny_ms_perf_exp1_r_0.300000_0.phy,0,5533,2666,691.14,4,2595,49
phylogeny_ms_perf_exp1_r_0.300000_10.phy,1,4298,1906,62.62,4,416,28
phylogeny_ms_perf_exp1_r_0.300000_11.phy,1,5363,3011,1137.69,4,4442,49
phylogeny_ms_perf_exp1_r_0.300000_12.phy,0,3961,0,6.89,1,0,0
phylogeny_ms_perf_exp1_r_0.300000_13.phy,0,4349,0,6.93,1,0,0
phylogeny_ms_perf_exp1_r_0.300000_14.phy,-1,5570,3309,TO,2,83972,2
phylogeny_ms_perf_exp1_r_0.300000_15.phy,0,4370,0,6.89,1,0,0
phylogeny_ms_perf_exp1_r_0.300000_16.phy,1,4129,2268,167.43,4,728,48
phylogeny_ms_perf_exp1_r_0.300000_17.phy,0,4906,1767,67.46,4,525,43
phylogeny_ms_perf_exp1_r_0.300000_18.phy,0,4914,2696,2782.26,4,15318,28
phylogeny_ms_perf_exp1_r_0.300000_19.phy,1,5524,2588,801.32,4,4373,53
phylogeny_ms_perf_exp1_r_0.300000_1.phy,0,5412,2642,817.15,4,4423,27
phylogeny_ms_perf_exp1_r_0.300000_2.phy,0,4637,0,6.78,1,0,0
phylogeny_ms_perf_exp1_r_0.300000_3.phy,0,5656,0,7.01,1,0,0
phylogeny_ms_perf_exp1_r_0.300000_4.phy,1,5032,2410,113.41,4,346,54
phylogeny_ms_perf_exp1_r_0.300000_5.phy,1,5502,2493,189.08,4,767,63
phylogeny_ms_perf_exp1_r_0.300000_6.phy,-1,5171,3000,TO,3,29490,0
phylogeny_ms_perf_exp1_r_0.300000_7.phy,0,4453,0,6.92,1,0,0
phylogeny_ms_perf_exp1_r_0.300000_8.phy,0,3893,0,6.64,1,0,0
phylogeny_ms_perf_exp1_r_0.300000_9.phy,1,4966,1968,195.95,4,2408,39
phylogeny_ms_perf_exp1_r_0.350000_0.phy,1,5702,2499,407.2,4,1918,46
phylogeny_ms_perf_exp1_r_0.350000_10.phy,0,3849,0,6.59,1,0,0
phylogeny_ms_perf_exp1_r_0.350000_11.phy,0,4254,0,6.69,1,0,0
phylogeny_ms_perf_exp1_r_0.350000_12.phy,0,4703,0,7.01,1,0,0
phylogeny_ms_perf_exp1_r_0.350000_13.phy,0,5342,0,6.87,1,0,0
phylogeny_ms_perf_exp1_r_0.350000_14.phy,1,4220,1459,27.49,4,117,21
phylogeny_ms_perf_exp1_r_0.350000_15.phy,0,4770,0,7.5,1,0,0
phylogeny_ms_perf_exp1_r_0.350000_16.phy,1,4726,1379,34.93,4,350,47
phylogeny_ms_perf_exp1_r_0.350000_17.phy,1,5372,2701,409.08,4,1490,55
phylogeny_ms_perf_exp1_r_0.350000_18.phy,1,3507,1306,25.04,4,166,28
phylogeny_ms_perf_exp1_r_0.350000_19.phy,0,5185,0,6.86,1,0,0
phylogeny_ms_perf_exp1_r_0.350000_1.phy,0,3758,0,6.63,1,0,0
phylogeny_ms_perf_exp1_r_0.350000_2.phy,-1,5555,2992,TO,2,59194,0
phylogeny_ms_perf_exp1_r_0.350000_3.phy,0,4550,0,6.9,1,0,0
phylogeny_ms_perf_exp1_r_0.350000_4.phy,0,5389,0,6.84,1,0,0
phylogeny_ms_perf_exp1_r_0.350000_5.phy,-1,5469,3048,TO,2,42063,2
phylogeny_ms_perf_exp1_r_0.350000_6.phy,0,5291,0,7.16,1,0,0
phylogeny_ms_perf_exp1_r_0.350000_7.phy,1,5103,2388,354.11,4,2117,41
phylogeny_ms_perf_exp1_r_0.350000_8.phy,0,4692,0,7.05,1,0,0
phylogeny_ms_perf_exp1_r_0.350000_9.phy,0,5208,0,7.42,1,0,0
phylogeny_ms_perf_exp1_r_0.400000_0.phy,0,4373,0,6.93,1,0,0
phylogeny_ms_perf_exp1_r_0.400000_10.phy,1,5620,2910,913.12,4,3865,65
phylogeny_ms_perf_exp1_r_0.400000_11.phy,0,5572,0,6.9,1,0,0
phylogeny_ms_perf_exp1_r_0.400000_12.phy,1,4714,1742,93.69,4,1067,24
phylogeny_ms_perf_exp1_r_0.400000_13.phy,0,4862,1763,64.51,4,510,34
phylogeny_ms_perf_exp1_r_0.400000_14.phy,0,5033,1539,62.06,4,1133,26
phylogeny_ms_perf_exp1_r_0.400000_15.phy,0,4672,0,6.78,1,0,0
phylogeny_ms_perf_exp1_r_0.400000_16.phy,0,3574,0,6.91,1,0,0
phylogeny_ms_perf_exp1_r_0.400000_17.phy,1,5056,1922,82.73,4,518,44
phylogeny_ms_perf_exp1_r_0.400000_18.phy,0,5071,0,6.76,1,0,0
phylogeny_ms_perf_exp1_r_0.400000_19.phy,0,5300,0,6.87,1,0,0
phylogeny_ms_perf_exp1_r_0.400000_1.phy,1,5656,2896,1494.87,4,5536,59
phylogeny_ms_perf_exp1_r_0.400000_2.phy,-1,5306,3229,TO,2,41751,3
phylogeny_ms_perf_exp1_r_0.400000_3.phy,0,4709,2115,341.55,4,3279,26
phylogeny_ms_perf_exp1_r_0.400000_4.phy,0,4745,0,6.9,1,0,0
phylogeny_ms_perf_exp1_r_0.400000_5.phy,0,4830,1905,132.65,4,1484,34
phylogeny_ms_perf_exp1_r_0.400000_6.phy,1,4864,1360,29.86,4,211,38
phylogeny_ms_perf_exp1_r_0.400000_7.phy,0,4629,1549,38.15,4,333,52
phylogeny_ms_perf_exp1_r_0.400000_8.phy,1,5118,2908,397.39,4,1454,40
phylogeny_ms_perf_exp1_r_0.400000_9.phy,1,5292,2939,1533.42,4,6817,47
phylogeny_ms_perf_exp1_r_0.450000_0.phy,1,4732,1549,41.49,4,345,45
phylogeny_ms_perf_exp1_r_0.450000_10.phy,0,5088,2793,2300.47,4,12086,47
phylogeny_ms_perf_exp1_r_0.450000_11.phy,0,4445,1789,68.56,4,727,23
phylogeny_ms_perf_exp1_r_0.450000_12.phy,1,5211,3075,2946.56,4,9180,52
phylogeny_ms_perf_exp1_r_0.450000_13.phy,0,4822,2530,188.57,4,889,31
phylogeny_ms_perf_exp1_r_0.450000_14.phy,0,5174,0,6.83,1,0,0
phylogeny_ms_perf_exp1_r_0.450000_15.phy,0,4539,1667,99.02,4,1744,33
phylogeny_ms_perf_exp1_r_0.450000_16.phy,0,5345,0,7.22,1,0,0
phylogeny_ms_perf_exp1_r_0.450000_17.phy,0,4168,0,7.08,1,0,0
phylogeny_ms_perf_exp1_r_0.450000_18.phy,0,4976,0,7.08,1,0,0
phylogeny_ms_perf_exp1_r_0.450000_19.phy,0,5325,2618,2632.33,4,20192,46
phylogeny_ms_perf_exp1_r_0.450000_1.phy,0,4921,0,7.36,1,0,0
phylogeny_ms_perf_exp1_r_0.450000_2.phy,0,4531,2141,122.91,4,926,36
phylogeny_ms_perf_exp1_r_0.450000_3.phy,0,5377,2689,2525.92,4,17700,30
phylogeny_ms_perf_exp1_r_0.450000_4.phy,0,4798,0,7.1,1,0,0
phylogeny_ms_perf_exp1_r_0.450000_5.phy,1,5036,2144,257.41,4,2034,48
phylogeny_ms_perf_exp1_r_0.450000_6.phy,0,5356,2945,1219.81,4,5449,34
phylogeny_ms_perf_exp1_r_0.450000_7.phy,-1,4936,2684,TO,3,30927,0
phylogeny_ms_perf_exp1_r_0.450000_8.phy,0,4899,0,6.83,1,0,0
phylogeny_ms_perf_exp1_r_0.450000_9.phy,0,5442,2692,2865.41,4,18951,35
phylogeny_ms_perf_exp1_r_0.500000_0.phy,1,5153,1777,114.27,4,1548,33
phylogeny_ms_perf_exp1_r_0.500000_10.phy,0,5497,0,6.85,1,0,0
phylogeny_ms_perf_exp1_r_0.500000_11.phy,0,5212,0,7.19,1,0,0
phylogeny_ms_perf_exp1_r_0.500000_12.phy,0,5232,2890,616.99,4,2222,42
phylogeny_ms_perf_exp1_r_0.500000_13.phy,-1,5792,3146,TO,3,25555,0
phylogeny_ms_perf_exp1_r_0.500000_14.phy,0,4479,0,7.24,1,0,0
phylogeny_ms_perf_exp1_r_0.500000_15.phy,-1,5429,2669,TO,2,129557,4
phylogeny_ms_perf_exp1_r_0.500000_16.phy,0,4385,0,6.72,1,0,0
phylogeny_ms_perf_exp1_r_0.500000_17.phy,0,4833,2505,226.97,4,951,43
phylogeny_ms_perf_exp1_r_0.500000_18.phy,-1,5420,2838,TO,2,119149,2
phylogeny_ms_perf_exp1_r_0.500000_19.phy,0,4809,0,6.69,1,0,0
phylogeny_ms_perf_exp1_r_0.500000_1.phy,1,4949,1543,50.75,4,485,44
phylogeny_ms_perf_exp1_r_0.500000_2.phy,0,5285,0,6.98,1,0,0
phylogeny_ms_perf_exp1_r_0.500000_3.phy,0,5059,2488,2108.48,4,15090,32
phylogeny_ms_perf_exp1_r_0.500000_4.phy,1,4858,2362,98.84,4,246,40
phylogeny_ms_perf_exp1_r_0.500000_5.phy,0,4639,2509,355.4,4,2132,33
phylogeny_ms_perf_exp1_r_0.500000_6.phy,1,3883,1075,18.99,4,138,27
phylogeny_ms_perf_exp1_r_0.500000_7.phy,0,5750,0,7.21,1,0,0
phylogeny_ms_perf_exp1_r_0.500000_8.phy,0,5476,0,7.23,1,0,0
phylogeny_ms_perf_exp1_r_0.500000_9.phy,0,4566,1570,43.78,4,615,28
totals,-,0,0,882,0,0,0
