instance,char_rem,n,kn,time,phase,minseps,pmcs
phylogeny_ms_bin_exp1_n_100_0.phy,8,140,129,0.11,4,148,410
phylogeny_ms_bin_exp1_n_1000_0.phy,-1,1394,1139,TO,4,264469,2707072
phylogeny_ms_bin_exp1_n_1000_10.phy,134,1522,1203,798.87,4,49125,496199
phylogeny_ms_bin_exp1_n_1000_11.phy,-1,1580,1363,TO,3,242426,86
phylogeny_ms_bin_exp1_n_1000_12.phy,179,1494,1240,184.32,4,8120,66854
phylogeny_ms_bin_exp1_n_1000_13.phy,-1,1456,1281,TO,2,4000007,102
phylogeny_ms_bin_exp1_n_1000_14.phy,233,1558,1251,2102.87,4,115080,1805068
phylogeny_ms_bin_exp1_n_1000_15.phy,-1,1358,1167,TO,2,2189794,42
phylogeny_ms_bin_exp1_n_1000_16.phy,-1,1566,1422,TO,2,1224036,0
phylogeny_ms_bin_exp1_n_1000_17.phy,-1,1430,1219,TO,2,1626514,91
phylogeny_ms_bin_exp1_n_1000_18.phy,147,1542,1221,1220.71,4,57716,846139
phylogeny_ms_bin_exp1_n_1000_19.phy,-1,1548,1350,TO,3,831674,21
phylogeny_ms_bin_exp1_n_1000_1.phy,-1,1434,1175,TO,2,4133006,42
phylogeny_ms_bin_exp1_n_1000_2.phy,184,1590,1404,823.54,4,42031,497251
phylogeny_ms_bin_exp1_n_1000_3.phy,-1,1592,1459,TO,2,2620047,18
phylogeny_ms_bin_exp1_n_1000_4.phy,-1,1606,1422,TO,3,569282,43
phylogeny_ms_bin_exp1_n_1000_5.phy,-1,1664,1485,TO,2,1675105,226
phylogeny_ms_bin_exp1_n_1000_6.phy,105,1422,1172,1208.67,4,77655,847852
phylogeny_ms_bin_exp1_n_1000_7.phy,-1,1586,1353,TO,2,8719660,130
phylogeny_ms_bin_exp1_n_1000_8.phy,-1,1564,1257,TO,2,3385589,246
phylogeny_ms_bin_exp1_n_1000_9.phy,-1,1670,1457,TO,2,3379182,97
phylogeny_ms_bin_exp1_n_100_10.phy,18,136,124,0.14,4,255,1051
phylogeny_ms_bin_exp1_n_100_11.phy,19,126,109,0.08,4,81,201
phylogeny_ms_bin_exp1_n_100_12.phy,19,136,122,0.13,4,255,773
phylogeny_ms_bin_exp1_n_100_13.phy,14,138,115,0.09,4,84,165
phylogeny_ms_bin_exp1_n_100_14.phy,9,122,115,0.08,4,76,174
phylogeny_ms_bin_exp1_n_100_15.phy,1,98,64,0.09,4,35,76
phylogeny_ms_bin_exp1_n_100_16.phy,19,138,127,0.33,4,1143,6490
phylogeny_ms_bin_exp1_n_100_17.phy,16,124,114,0.11,4,238,826
phylogeny_ms_bin_exp1_n_100_18.phy,9,140,125,0.09,4,98,238
phylogeny_ms_bin_exp1_n_100_19.phy,32,140,134,0.61,4,2265,12335
phylogeny_ms_bin_exp1_n_100_1.phy,13,150,136,0.12,4,143,469
phylogeny_ms_bin_exp1_n_100_2.phy,17,152,144,0.15,4,303,1036
phylogeny_ms_bin_exp1_n_100_3.phy,11,102,89,0.07,4,126,356
phylogeny_ms_bin_exp1_n_100_4.phy,20,162,154,0.29,4,766,3762
phylogeny_ms_bin_exp1_n_100_5.phy,21,156,153,0.16,4,277,840
phylogeny_ms_bin_exp1_n_100_6.phy,4,118,93,0.07,4,92,261
phylogeny_ms_bin_exp1_n_100_7.phy,9,150,140,0.1,4,72,154
phylogeny_ms_bin_exp1_n_100_8.phy,17,128,110,0.09,4,120,325
phylogeny_ms_bin_exp1_n_100_9.phy,17,136,129,0.11,4,154,392
phylogeny_ms_bin_exp1_n_1100_0.phy,223,1696,1424,2222.8,4,76589,805673
phylogeny_ms_bin_exp1_n_1100_10.phy,-1,1750,1520,TO,3,207496,76
phylogeny_ms_bin_exp1_n_1100_11.phy,-1,1654,1449,TO,3,611449,176
phylogeny_ms_bin_exp1_n_1100_12.phy,-1,1740,1419,TO,2,7518167,168
phylogeny_ms_bin_exp1_n_1100_13.phy,-1,1592,1307,TO,2,4801721,338
phylogeny_ms_bin_exp1_n_1100_14.phy,-1,1680,1463,TO,2,1281573,29
phylogeny_ms_bin_exp1_n_1100_15.phy,-1,1660,1392,TO,2,1330019,96
phylogeny_ms_bin_exp1_n_1100_16.phy,-1,1696,1438,TO,2,1147051,195
phylogeny_ms_bin_exp1_n_1100_17.phy,-1,1664,1427,TO,2,2941019,33
phylogeny_ms_bin_exp1_n_1100_18.phy,186,1652,1294,1791.59,4,93932,1246992
phylogeny_ms_bin_exp1_n_1100_19.phy,-1,1760,1477,TO,3,538250,51
phylogeny_ms_bin_exp1_n_1100_1.phy,-1,1766,1534,TO,2,2473190,48
phylogeny_ms_bin_exp1_n_1100_2.phy,-1,1678,1463,TO,2,8102608,90
phylogeny_ms_bin_exp1_n_1100_3.phy,-1,1748,1518,TO,2,3903010,109
phylogeny_ms_bin_exp1_n_1100_4.phy,-1,1678,1395,TO,3,792447,233
phylogeny_ms_bin_exp1_n_1100_5.phy,-1,1664,1334,TO,3,508866,178
phylogeny_ms_bin_exp1_n_1100_6.phy,96,1526,1125,941.23,4,60644,907901
phylogeny_ms_bin_exp1_n_1100_7.phy,-1,1774,1586,TO,2,9722619,37
phylogeny_ms_bin_exp1_n_1100_8.phy,-1,1762,1556,TO,2,1632629,87
phylogeny_ms_bin_exp1_n_1100_9.phy,-1,1722,1538,TO,2,4383336,122
phylogeny_ms_bin_exp1_n_1200_0.phy,-1,1974,1680,TO,2,672436,186
phylogeny_ms_bin_exp1_n_1200_10.phy,-1,1844,1577,TO,2,1017100,47
phylogeny_ms_bin_exp1_n_1200_11.phy,196,1810,1431,1070.9,4,46574,536064
phylogeny_ms_bin_exp1_n_1200_12.phy,-1,1974,1723,TO,2,1396503,309
phylogeny_ms_bin_exp1_n_1200_13.phy,-1,1930,1690,TO,2,1742909,195
phylogeny_ms_bin_exp1_n_1200_14.phy,125,1958,1643,2763.03,4,65179,818767
phylogeny_ms_bin_exp1_n_1200_15.phy,-1,1840,1499,TO,2,2577878,196
phylogeny_ms_bin_exp1_n_1200_16.phy,-1,1916,1563,TO,2,5952123,77
phylogeny_ms_bin_exp1_n_1200_17.phy,-1,1900,1676,TO,2,15777328,75
phylogeny_ms_bin_exp1_n_1200_18.phy,-1,1882,1511,TO,3,403670,280
phylogeny_ms_bin_exp1_n_1200_19.phy,-1,1694,1379,TO,2,1694668,345
phylogeny_ms_bin_exp1_n_1200_1.phy,-1,1818,1518,TO,2,932718,254
phylogeny_ms_bin_exp1_n_1200_2.phy,-1,1906,1559,TO,3,497641,207
phylogeny_ms_bin_exp1_n_1200_3.phy,-1,1806,1540,TO,2,4252756,229
phylogeny_ms_bin_exp1_n_1200_4.phy,283,1932,1605,3502.81,4,113887,996582
phylogeny_ms_bin_exp1_n_1200_5.phy,-1,1878,1593,TO,2,3318892,298
phylogeny_ms_bin_exp1_n_1200_6.phy,-1,1700,1318,TO,3,201620,268
phylogeny_ms_bin_exp1_n_1200_7.phy,-1,1864,1627,TO,2,2183615,282
phylogeny_ms_bin_exp1_n_1200_8.phy,124,1900,1577,369.85,4,5799,48040
phylogeny_ms_bin_exp1_n_1200_9.phy,-1,2004,1713,TO,3,376701,208
phylogeny_ms_bin_exp1_n_1300_0.phy,-1,2124,1775,TO,2,1745504,175
phylogeny_ms_bin_exp1_n_1300_10.phy,-1,2040,1737,TO,2,1404521,116
phylogeny_ms_bin_exp1_n_1300_11.phy,-1,2098,1865,TO,2,848133,144
phylogeny_ms_bin_exp1_n_1300_12.phy,-1,2082,1783,TO,3,219958,251
phylogeny_ms_bin_exp1_n_1300_13.phy,-1,1964,1649,TO,2,2763064,376
phylogeny_ms_bin_exp1_n_1300_14.phy,-1,2226,1889,TO,2,866457,602
phylogeny_ms_bin_exp1_n_1300_15.phy,-1,2010,1677,TO,3,189692,439
phylogeny_ms_bin_exp1_n_1300_16.phy,239,2062,1678,170.06,4,1553,5737
phylogeny_ms_bin_exp1_n_1300_17.phy,-1,1898,1553,TO,2,1609176,269
phylogeny_ms_bin_exp1_n_1300_18.phy,76,1896,1481,181.79,4,1787,9697
phylogeny_ms_bin_exp1_n_1300_19.phy,-1,1878,1471,TO,3,312932,223
phylogeny_ms_bin_exp1_n_1300_1.phy,178,1938,1618,1964.7199999999998,4,52336,604078
phylogeny_ms_bin_exp1_n_1300_2.phy,-1,1928,1543,TO,3,587314,746
phylogeny_ms_bin_exp1_n_1300_3.phy,287,2068,1722,2346.5,4,80891,1088379
phylogeny_ms_bin_exp1_n_1300_4.phy,-1,2008,1668,TO,2,9021853,163
phylogeny_ms_bin_exp1_n_1300_5.phy,179,1988,1618,822.72,4,30034,235075
phylogeny_ms_bin_exp1_n_1300_6.phy,-1,2032,1645,TO,2,985113,171
phylogeny_ms_bin_exp1_n_1300_7.phy,124,2022,1639,326.36,4,5717,43040
phylogeny_ms_bin_exp1_n_1300_8.phy,-1,1966,1669,TO,2,3644545,180
phylogeny_ms_bin_exp1_n_1300_9.phy,-1,1972,1646,TO,2,2965228,174
phylogeny_ms_bin_exp1_n_1400_0.phy,-1,2210,1891,TO,2,4098151,168
phylogeny_ms_bin_exp1_n_1400_10.phy,-1,2098,1633,TO,3,620563,566
phylogeny_ms_bin_exp1_n_1400_11.phy,-1,2176,1858,TO,2,1048465,497
phylogeny_ms_bin_exp1_n_1400_12.phy,-1,2198,1851,TO,2,1553251,235
phylogeny_ms_bin_exp1_n_1400_13.phy,-1,2094,1713,TO,2,1934484,147
phylogeny_ms_bin_exp1_n_1400_14.phy,-1,2306,1957,TO,2,1350484,148
phylogeny_ms_bin_exp1_n_1400_15.phy,-1,2038,1607,TO,3,677045,1133
phylogeny_ms_bin_exp1_n_1400_16.phy,-1,2232,1802,TO,2,3962534,711
phylogeny_ms_bin_exp1_n_1400_17.phy,-1,2306,1977,TO,2,503813,98
phylogeny_ms_bin_exp1_n_1400_18.phy,-1,2140,1687,TO,2,1045649,401
phylogeny_ms_bin_exp1_n_1400_19.phy,-1,2228,1936,TO,2,4531520,120
phylogeny_ms_bin_exp1_n_1400_1.phy,-1,2318,2044,TO,2,1080758,77
phylogeny_ms_bin_exp1_n_1400_2.phy,-1,2194,1911,TO,2,978281,36
phylogeny_ms_bin_exp1_n_1400_3.phy,-1,2078,1789,TO,2,11713118,215
phylogeny_ms_bin_exp1_n_1400_4.phy,-1,2268,1831,TO,2,5409939,68
phylogeny_ms_bin_exp1_n_1400_5.phy,-1,2110,1741,TO,2,1858267,136
phylogeny_ms_bin_exp1_n_1400_6.phy,-1,2116,1772,TO,2,7837253,40
phylogeny_ms_bin_exp1_n_1400_7.phy,-1,2166,1808,TO,2,635012,42
phylogeny_ms_bin_exp1_n_1400_8.phy,-1,2082,1598,TO,3,438741,344
phylogeny_ms_bin_exp1_n_1400_9.phy,-1,2214,1848,TO,2,497195,278
phylogeny_ms_bin_exp1_n_1500_0.phy,-1,2288,1930,TO,2,2879796,84
phylogeny_ms_bin_exp1_n_1500_10.phy,-1,2536,2163,TO,2,4292345,420
phylogeny_ms_bin_exp1_n_1500_11.phy,-1,2296,1878,TO,3,441425,138
phylogeny_ms_bin_exp1_n_1500_12.phy,-1,2396,1889,TO,3,86798,411
phylogeny_ms_bin_exp1_n_1500_13.phy,-1,2402,2052,TO,2,1878572,360
phylogeny_ms_bin_exp1_n_1500_14.phy,-1,2292,1856,TO,3,206584,358
phylogeny_ms_bin_exp1_n_1500_15.phy,235,2348,1806,631.15,4,6630,52149
phylogeny_ms_bin_exp1_n_1500_16.phy,-1,2426,1985,TO,2,2582924,412
phylogeny_ms_bin_exp1_n_1500_17.phy,-1,2378,2061,TO,2,1963502,28
phylogeny_ms_bin_exp1_n_1500_18.phy,-1,2398,2090,TO,2,3755558,71
phylogeny_ms_bin_exp1_n_1500_19.phy,-1,2416,2026,TO,2,2801895,1819
phylogeny_ms_bin_exp1_n_1500_1.phy,-1,2354,1947,TO,2,1805693,474
phylogeny_ms_bin_exp1_n_1500_2.phy,-1,2250,1797,TO,3,194496,376
phylogeny_ms_bin_exp1_n_1500_3.phy,-1,2382,1984,TO,2,781950,129
phylogeny_ms_bin_exp1_n_1500_4.phy,-1,2324,1988,TO,2,1127599,159
phylogeny_ms_bin_exp1_n_1500_5.phy,-1,2256,1920,TO,2,3265278,320
phylogeny_ms_bin_exp1_n_1500_6.phy,-1,2314,1889,TO,2,1086206,527
phylogeny_ms_bin_exp1_n_1500_7.phy,-1,2010,1557,TO,3,487780,424
phylogeny_ms_bin_exp1_n_1500_8.phy,-1,2434,2088,TO,2,1200997,653
phylogeny_ms_bin_exp1_n_1500_9.phy,-1,2402,1981,TO,2,686400,1335
phylogeny_ms_bin_exp1_n_1600_0.phy,-1,2390,1984,TO,2,4377058,825
phylogeny_ms_bin_exp1_n_1600_10.phy,-1,2512,2118,TO,2,1320685,117
phylogeny_ms_bin_exp1_n_1600_11.phy,-1,2612,2182,TO,2,810368,102
phylogeny_ms_bin_exp1_n_1600_12.phy,-1,2282,1873,TO,2,1558902,44
phylogeny_ms_bin_exp1_n_1600_13.phy,293,2594,2029,2352.37,4,42100,401940
phylogeny_ms_bin_exp1_n_1600_14.phy,-1,2612,2216,TO,2,317363,296
phylogeny_ms_bin_exp1_n_1600_15.phy,-1,2696,2249,TO,3,178485,264
phylogeny_ms_bin_exp1_n_1600_16.phy,-1,2482,2125,TO,2,4933525,265
phylogeny_ms_bin_exp1_n_1600_17.phy,-1,2606,2208,TO,2,896340,63
phylogeny_ms_bin_exp1_n_1600_18.phy,-1,2346,1704,TO,3,784043,1006
phylogeny_ms_bin_exp1_n_1600_19.phy,-1,2564,2269,TO,2,7336670,62
phylogeny_ms_bin_exp1_n_1600_1.phy,-1,2500,2036,TO,2,2498091,259
phylogeny_ms_bin_exp1_n_1600_2.phy,-1,2494,2060,TO,2,426560,279
phylogeny_ms_bin_exp1_n_1600_3.phy,-1,2372,2016,TO,3,280599,317
phylogeny_ms_bin_exp1_n_1600_4.phy,-1,2592,2194,TO,2,965545,101
phylogeny_ms_bin_exp1_n_1600_5.phy,-1,2580,2212,TO,2,507936,894
phylogeny_ms_bin_exp1_n_1600_6.phy,-1,2418,1969,TO,2,3665420,260
phylogeny_ms_bin_exp1_n_1600_7.phy,-1,2700,2410,TO,2,2074543,89
phylogeny_ms_bin_exp1_n_1600_8.phy,-1,2568,2155,TO,2,4554148,746
phylogeny_ms_bin_exp1_n_1600_9.phy,-1,2506,2061,TO,3,59593,553
phylogeny_ms_bin_exp1_n_1700_0.phy,-1,2624,2195,TO,2,5883217,162
phylogeny_ms_bin_exp1_n_1700_10.phy,-1,2622,2260,TO,2,6880853,185
phylogeny_ms_bin_exp1_n_1700_11.phy,118,2670,2114,650.22,4,4990,42306
phylogeny_ms_bin_exp1_n_1700_12.phy,-1,2734,2213,TO,2,1433105,281
phylogeny_ms_bin_exp1_n_1700_13.phy,-1,2612,2175,TO,2,1218945,374
phylogeny_ms_bin_exp1_n_1700_14.phy,-1,2580,2026,TO,2,2962481,679
phylogeny_ms_bin_exp1_n_1700_15.phy,-1,2666,2261,TO,2,984676,198
phylogeny_ms_bin_exp1_n_1700_16.phy,-1,2614,2238,TO,2,4878853,97
phylogeny_ms_bin_exp1_n_1700_17.phy,-1,2592,2147,TO,2,2537833,402
phylogeny_ms_bin_exp1_n_1700_18.phy,-1,2620,1998,TO,2,3220631,548
phylogeny_ms_bin_exp1_n_1700_19.phy,-1,2690,2302,TO,2,3898614,258
phylogeny_ms_bin_exp1_n_1700_1.phy,-1,2766,2315,TO,2,1603916,159
phylogeny_ms_bin_exp1_n_1700_2.phy,-1,2766,2289,TO,2,4447211,285
phylogeny_ms_bin_exp1_n_1700_3.phy,-1,2620,2131,TO,2,1554929,520
phylogeny_ms_bin_exp1_n_1700_4.phy,-1,2702,2289,TO,2,2554421,491
phylogeny_ms_bin_exp1_n_1700_5.phy,-1,2748,2322,TO,2,479274,257
phylogeny_ms_bin_exp1_n_1700_6.phy,152,2476,1935,3324.7000000000003,4,52063,735894
phylogeny_ms_bin_exp1_n_1700_7.phy,-1,2730,2201,TO,2,536471,724
phylogeny_ms_bin_exp1_n_1700_8.phy,-1,2540,1930,TO,2,1479657,819
phylogeny_ms_bin_exp1_n_1700_9.phy,-1,2418,2027,TO,2,2409200,188
phylogeny_ms_bin_exp1_n_1800_0.phy,-1,2712,2224,TO,2,440695,67
phylogeny_ms_bin_exp1_n_1800_10.phy,-1,3000,2683,TO,2,1507987,272
phylogeny_ms_bin_exp1_n_1800_11.phy,-1,2846,2296,TO,2,1095559,444
phylogeny_ms_bin_exp1_n_1800_12.phy,-1,2892,2483,TO,2,3297371,127
phylogeny_ms_bin_exp1_n_1800_13.phy,-1,2750,2136,TO,2,624889,900
phylogeny_ms_bin_exp1_n_1800_14.phy,-1,2810,2221,TO,2,3522113,578
phylogeny_ms_bin_exp1_n_1800_15.phy,-1,2836,2459,TO,2,7470348,150
phylogeny_ms_bin_exp1_n_1800_16.phy,-1,2858,2374,TO,2,1506120,396
phylogeny_ms_bin_exp1_n_1800_17.phy,-1,2962,2484,TO,2,1387794,133
phylogeny_ms_bin_exp1_n_1800_18.phy,-1,2912,2531,TO,2,3721198,427
phylogeny_ms_bin_exp1_n_1800_19.phy,-1,2898,2360,TO,3,230506,312
phylogeny_ms_bin_exp1_n_1800_1.phy,-1,2794,2200,TO,2,1307610,246
phylogeny_ms_bin_exp1_n_1800_2.phy,-1,2874,2432,TO,2,2970666,357
phylogeny_ms_bin_exp1_n_1800_3.phy,-1,2650,1989,TO,2,1876061,575
phylogeny_ms_bin_exp1_n_1800_4.phy,-1,2854,2248,TO,2,2166792,271
phylogeny_ms_bin_exp1_n_1800_5.phy,-1,2680,2195,TO,2,3248312,205
phylogeny_ms_bin_exp1_n_1800_6.phy,-1,2736,2176,TO,2,639096,272
phylogeny_ms_bin_exp1_n_1800_7.phy,-1,2850,2483,TO,2,2978092,278
phylogeny_ms_bin_exp1_n_1800_8.phy,-1,2862,2435,TO,2,5262388,204
phylogeny_ms_bin_exp1_n_1800_9.phy,-1,2736,2198,TO,2,9788907,735
phylogeny_ms_bin_exp1_n_1900_0.phy,-1,3142,2751,TO,2,2757888,157
phylogeny_ms_bin_exp1_n_1900_10.phy,-1,2990,2504,TO,2,1856709,319
phylogeny_ms_bin_exp1_n_1900_11.phy,-1,3068,2550,TO,2,6004635,265
phylogeny_ms_bin_exp1_n_1900_12.phy,-1,3076,2222,TO,2,994466,1518
phylogeny_ms_bin_exp1_n_1900_13.phy,-1,3050,2499,TO,2,635402,267
phylogeny_ms_bin_exp1_n_1900_14.phy,-1,2890,2412,TO,2,2351947,149
phylogeny_ms_bin_exp1_n_1900_15.phy,-1,2948,2297,TO,2,2571655,777
phylogeny_ms_bin_exp1_n_1900_16.phy,-1,3034,2558,TO,2,3996566,284
phylogeny_ms_bin_exp1_n_1900_17.phy,-1,3168,2751,TO,2,1750570,80
phylogeny_ms_bin_exp1_n_1900_18.phy,-1,3034,2500,TO,2,1650410,92
phylogeny_ms_bin_exp1_n_1900_19.phy,-1,3010,2383,TO,2,4333637,708
phylogeny_ms_bin_exp1_n_1900_1.phy,-1,3110,2735,TO,2,3656274,118
phylogeny_ms_bin_exp1_n_1900_2.phy,-1,2992,2458,TO,2,1504768,310
phylogeny_ms_bin_exp1_n_1900_3.phy,-1,3032,2608,TO,2,4080207,264
phylogeny_ms_bin_exp1_n_1900_4.phy,-1,3002,2360,TO,2,566073,861
phylogeny_ms_bin_exp1_n_1900_5.phy,-1,3118,2654,TO,2,7859173,721
phylogeny_ms_bin_exp1_n_1900_6.phy,-1,3058,2641,TO,2,782980,322
phylogeny_ms_bin_exp1_n_1900_7.phy,-1,3078,2521,TO,2,1330431,442
phylogeny_ms_bin_exp1_n_1900_8.phy,-1,3064,2362,TO,3,115910,361
phylogeny_ms_bin_exp1_n_1900_9.phy,-1,2950,2433,TO,2,3491754,805
phylogeny_ms_bin_exp1_n_2000_0.phy,-1,3096,2523,TO,2,3142255,425
phylogeny_ms_bin_exp1_n_2000_10.phy,151,3000,2414,1192.66,4,4478,19769
phylogeny_ms_bin_exp1_n_2000_11.phy,-1,3266,2857,TO,2,11869832,465
phylogeny_ms_bin_exp1_n_2000_12.phy,-1,3216,2698,TO,2,3029794,473
phylogeny_ms_bin_exp1_n_2000_13.phy,-1,3176,2494,TO,2,3331278,442
phylogeny_ms_bin_exp1_n_2000_14.phy,-1,3368,2911,TO,2,5998235,213
phylogeny_ms_bin_exp1_n_2000_15.phy,-1,3208,2291,TO,2,592019,526
phylogeny_ms_bin_exp1_n_2000_16.phy,-1,3292,2862,TO,2,612837,129
phylogeny_ms_bin_exp1_n_2000_17.phy,-1,3202,2713,TO,2,4890742,268
phylogeny_ms_bin_exp1_n_2000_18.phy,-1,3184,2500,TO,2,4021588,547
phylogeny_ms_bin_exp1_n_2000_19.phy,-1,3280,2858,TO,2,2422799,111
phylogeny_ms_bin_exp1_n_2000_1.phy,-1,2874,2218,TO,2,1041563,1189
phylogeny_ms_bin_exp1_n_2000_2.phy,-1,3136,2664,TO,2,4314368,149
phylogeny_ms_bin_exp1_n_2000_3.phy,-1,3070,2643,TO,2,6446669,558
phylogeny_ms_bin_exp1_n_2000_4.phy,-1,3216,2711,TO,2,2609117,329
phylogeny_ms_bin_exp1_n_2000_5.phy,-1,3122,2699,TO,2,843190,378
phylogeny_ms_bin_exp1_n_2000_6.phy,-1,3092,2448,TO,2,406322,374
phylogeny_ms_bin_exp1_n_2000_7.phy,-1,3184,2723,TO,2,2775018,97
phylogeny_ms_bin_exp1_n_2000_8.phy,-1,3098,2541,TO,2,5513818,373
phylogeny_ms_bin_exp1_n_2000_9.phy,-1,3332,2954,TO,2,3495596,359
phylogeny_ms_bin_exp1_n_200_0.phy,38,270,238,0.92,4,1424,7978
phylogeny_ms_bin_exp1_n_200_10.phy,17,326,289,0.43,4,154,451
phylogeny_ms_bin_exp1_n_200_11.phy,32,272,248,0.88,4,1179,5590
phylogeny_ms_bin_exp1_n_200_12.phy,22,250,208,0.41000000000000003,4,455,1781
phylogeny_ms_bin_exp1_n_200_13.phy,19,294,275,0.49,4,276,850
phylogeny_ms_bin_exp1_n_200_14.phy,12,294,247,0.32,4,84,189
phylogeny_ms_bin_exp1_n_200_15.phy,23,298,260,0.41,4,207,491
phylogeny_ms_bin_exp1_n_200_16.phy,30,306,276,1.05,4,1070,4927
phylogeny_ms_bin_exp1_n_200_17.phy,22,286,264,0.49,4,377,1264
phylogeny_ms_bin_exp1_n_200_18.phy,18,244,187,0.26,4,240,799
phylogeny_ms_bin_exp1_n_200_19.phy,48,280,260,40.74,4,39801,434173
phylogeny_ms_bin_exp1_n_200_1.phy,17,292,242,0.53,4,402,1553
phylogeny_ms_bin_exp1_n_200_2.phy,25,240,225,0.97,4,1513,9192
phylogeny_ms_bin_exp1_n_200_3.phy,45,310,295,1.99,4,2212,11930
phylogeny_ms_bin_exp1_n_200_4.phy,28,258,195,0.29,4,205,719
phylogeny_ms_bin_exp1_n_200_5.phy,56,316,277,1.75,4,2442,12902
phylogeny_ms_bin_exp1_n_200_6.phy,45,310,270,3.49,4,4405,34170
phylogeny_ms_bin_exp1_n_200_7.phy,38,238,221,1.53,4,2813,15513
phylogeny_ms_bin_exp1_n_200_8.phy,44,274,247,3.55,4,4384,23426
phylogeny_ms_bin_exp1_n_200_9.phy,42,272,246,1.5,4,2216,14193
phylogeny_ms_bin_exp1_n_300_0.phy,88,472,434,2.04,4,815,3409
phylogeny_ms_bin_exp1_n_300_10.phy,46,392,339,10.35,4,8639,60506
phylogeny_ms_bin_exp1_n_300_11.phy,44,450,400,2.92,4,1400,7777
phylogeny_ms_bin_exp1_n_300_12.phy,42,378,325,2.95,4,2471,14272
phylogeny_ms_bin_exp1_n_300_13.phy,59,386,340,18.54,4,14388,145467
phylogeny_ms_bin_exp1_n_300_14.phy,83,434,416,85.24,4,49494,373673
phylogeny_ms_bin_exp1_n_300_15.phy,32,422,356,2.03,4,1225,7845
phylogeny_ms_bin_exp1_n_300_16.phy,80,466,439,9.05,4,5537,32754
phylogeny_ms_bin_exp1_n_300_17.phy,66,426,384,8.93,4,5485,32423
phylogeny_ms_bin_exp1_n_300_18.phy,42,408,369,3.95,4,2370,21111
phylogeny_ms_bin_exp1_n_300_19.phy,74,410,380,78.5,4,45960,359501
phylogeny_ms_bin_exp1_n_300_1.phy,49,456,413,2.25,4,1128,7691
phylogeny_ms_bin_exp1_n_300_2.phy,53,458,407,2.0,4,899,4451
phylogeny_ms_bin_exp1_n_300_3.phy,58,398,371,30.32,4,18060,194488
phylogeny_ms_bin_exp1_n_300_4.phy,40,420,354,1.23,4,441,1438
phylogeny_ms_bin_exp1_n_300_5.phy,81,464,424,50.51,4,21380,327949
phylogeny_ms_bin_exp1_n_300_6.phy,82,428,384,47.82,4,28549,247467
phylogeny_ms_bin_exp1_n_300_7.phy,34,384,329,1.15,4,610,2218
phylogeny_ms_bin_exp1_n_300_8.phy,46,492,406,1.41,4,234,617
phylogeny_ms_bin_exp1_n_300_9.phy,55,400,342,10.87,4,8472,61255
phylogeny_ms_bin_exp1_n_400_0.phy,71,584,540,63.2,4,20254,189650
phylogeny_ms_bin_exp1_n_400_10.phy,119,650,599,20.77,4,5384,37848
phylogeny_ms_bin_exp1_n_400_11.phy,72,600,516,22.3,4,10344,86890
phylogeny_ms_bin_exp1_n_400_12.phy,52,560,486,21.2,4,8736,75573
phylogeny_ms_bin_exp1_n_400_13.phy,94,598,547,287.98,4,86795,627471
phylogeny_ms_bin_exp1_n_400_14.phy,65,542,477,26.43,4,10665,86948
phylogeny_ms_bin_exp1_n_400_15.phy,99,592,522,17.67,4,6770,42912
phylogeny_ms_bin_exp1_n_400_16.phy,57,588,550,16.89,4,5343,33881
phylogeny_ms_bin_exp1_n_400_17.phy,18,536,365,2.42,4,293,803
phylogeny_ms_bin_exp1_n_400_18.phy,77,654,591,52.42,4,13053,122367
phylogeny_ms_bin_exp1_n_400_19.phy,89,596,515,206.94,4,69876,760099
phylogeny_ms_bin_exp1_n_400_1.phy,46,522,449,3.27,4,910,3373
phylogeny_ms_bin_exp1_n_400_2.phy,79,548,479,31.93,4,16540,112704
phylogeny_ms_bin_exp1_n_400_3.phy,132,670,610,3243.93,4,667706,7622396
phylogeny_ms_bin_exp1_n_400_4.phy,98,628,541,58.7,4,21449,151174
phylogeny_ms_bin_exp1_n_400_5.phy,72,558,504,30.0,4,13396,84801
phylogeny_ms_bin_exp1_n_400_6.phy,113,600,535,38.93,4,13159,96758
phylogeny_ms_bin_exp1_n_400_7.phy,72,608,568,31.62,4,9268,63968
phylogeny_ms_bin_exp1_n_400_8.phy,42,564,481,2.69,4,516,1871
phylogeny_ms_bin_exp1_n_400_9.phy,59,574,517,19.29,4,6575,53584
phylogeny_ms_bin_exp1_n_500_0.phy,103,756,653,21.67,4,4976,39219
phylogeny_ms_bin_exp1_n_500_10.phy,94,686,607,3320.95,4,541144,8468201
phylogeny_ms_bin_exp1_n_500_11.phy,107,770,691,204.94,4,39958,375545
phylogeny_ms_bin_exp1_n_500_12.phy,43,688,491,4.85,4,943,3733
phylogeny_ms_bin_exp1_n_500_13.phy,131,810,736,335.16,4,59330,600057
phylogeny_ms_bin_exp1_n_500_14.phy,63,642,562,233.81,4,52726,818158
phylogeny_ms_bin_exp1_n_500_15.phy,199,846,778,529.0,4,84967,738791
phylogeny_ms_bin_exp1_n_500_16.phy,56,698,544,66.1,4,18474,241021
phylogeny_ms_bin_exp1_n_500_17.phy,87,708,594,87.11,4,29051,251117
phylogeny_ms_bin_exp1_n_500_18.phy,82,746,648,115.17,4,30230,260517
phylogeny_ms_bin_exp1_n_500_19.phy,50,726,543,4.73,4,422,1428
phylogeny_ms_bin_exp1_n_500_1.phy,152,794,714,565.64,4,90420,848132
phylogeny_ms_bin_exp1_n_500_2.phy,85,730,633,96.46,4,26888,246670
phylogeny_ms_bin_exp1_n_500_3.phy,124,772,701,514.87,4,98537,1178828
phylogeny_ms_bin_exp1_n_500_4.phy,49,732,585,10.76,4,3058,18404
phylogeny_ms_bin_exp1_n_500_5.phy,107,766,655,121.28,4,27349,223885
phylogeny_ms_bin_exp1_n_500_6.phy,103,790,728,108.15,4,9065,100205
phylogeny_ms_bin_exp1_n_500_7.phy,73,604,511,39.46,4,14875,133815
phylogeny_ms_bin_exp1_n_500_8.phy,56,776,708,229.81,4,20429,224283
phylogeny_ms_bin_exp1_n_500_9.phy,100,718,636,9.57,4,1461,7086
phylogeny_ms_bin_exp1_n_600_0.phy,-1,1008,920,TO,2,3357547,33
phylogeny_ms_bin_exp1_n_600_10.phy,107,960,806,77.16,4,10679,96921
phylogeny_ms_bin_exp1_n_600_11.phy,75,872,701,19.6,4,3074,19200
phylogeny_ms_bin_exp1_n_600_12.phy,123,928,827,92.11,4,13806,135358
phylogeny_ms_bin_exp1_n_600_13.phy,90,852,720,45.41,4,8973,73667
phylogeny_ms_bin_exp1_n_600_14.phy,-1,892,791,TO,3,372950,0
phylogeny_ms_bin_exp1_n_600_15.phy,115,904,776,540.1600000000001,4,66130,1322623
phylogeny_ms_bin_exp1_n_600_16.phy,40,782,616,10.2,4,1462,7662
phylogeny_ms_bin_exp1_n_600_17.phy,156,936,825,106.47,4,15270,163609
phylogeny_ms_bin_exp1_n_600_18.phy,96,898,759,56.26,4,9598,87192
phylogeny_ms_bin_exp1_n_600_19.phy,110,824,737,104.19,4,16425,99507
phylogeny_ms_bin_exp1_n_600_1.phy,59,840,666,38.88,4,8521,60854
phylogeny_ms_bin_exp1_n_600_2.phy,-1,944,821,TO,3,1781864,19
phylogeny_ms_bin_exp1_n_600_3.phy,132,908,754,162.35,4,28360,240219
phylogeny_ms_bin_exp1_n_600_4.phy,115,898,774,189.05,4,28471,315898
phylogeny_ms_bin_exp1_n_600_5.phy,136,982,909,452.19,4,50241,390090
phylogeny_ms_bin_exp1_n_600_6.phy,130,924,783,612.72,4,91816,1095385
phylogeny_ms_bin_exp1_n_600_7.phy,109,858,774,568.73,4,90428,859655
phylogeny_ms_bin_exp1_n_600_8.phy,117,910,797,169.17,4,19106,172235
phylogeny_ms_bin_exp1_n_600_9.phy,153,914,828,920.55,4,112272,1160301
phylogeny_ms_bin_exp1_n_700_0.phy,134,1100,987,41.12,4,2931,19534
phylogeny_ms_bin_exp1_n_700_10.phy,-1,1028,888,TO,2,5198751,0
phylogeny_ms_bin_exp1_n_700_11.phy,-1,1022,876,TO,3,955778,75
phylogeny_ms_bin_exp1_n_700_12.phy,178,1072,957,530.85,4,49245,566728
phylogeny_ms_bin_exp1_n_700_13.phy,97,1026,769,90.92,4,16325,172127
phylogeny_ms_bin_exp1_n_700_14.phy,190,1150,996,1057.94,4,106145,852126
phylogeny_ms_bin_exp1_n_700_15.phy,166,1064,888,988.19,4,112500,1592935
phylogeny_ms_bin_exp1_n_700_16.phy,136,1056,926,1951.7099999999998,4,147535,1868497
phylogeny_ms_bin_exp1_n_700_17.phy,98,1020,896,1061.33,4,96679,1495933
phylogeny_ms_bin_exp1_n_700_18.phy,116,1046,960,483.82,4,46757,526511
phylogeny_ms_bin_exp1_n_700_19.phy,-1,1092,961,TO,2,4207832,39
phylogeny_ms_bin_exp1_n_700_1.phy,114,1106,930,56.94,4,3206,18247
phylogeny_ms_bin_exp1_n_700_2.phy,71,1010,732,53.9,4,9629,79521
phylogeny_ms_bin_exp1_n_700_3.phy,89,998,790,79.69,4,15938,109258
phylogeny_ms_bin_exp1_n_700_4.phy,84,1014,809,29.95,4,3482,24361
phylogeny_ms_bin_exp1_n_700_5.phy,120,1078,894,223.94,4,21904,230095
phylogeny_ms_bin_exp1_n_700_6.phy,-1,1088,935,TO,3,865324,42
phylogeny_ms_bin_exp1_n_700_7.phy,182,1108,1012,837.13,4,53899,463014
phylogeny_ms_bin_exp1_n_700_8.phy,54,1094,861,22.18,4,907,4838
phylogeny_ms_bin_exp1_n_700_9.phy,193,1044,920,1781.95,4,207503,1963633
phylogeny_ms_bin_exp1_n_800_0.phy,139,1172,958,3224.19,4,297518,3316365
phylogeny_ms_bin_exp1_n_800_10.phy,-1,1144,941,TO,3,554977,98
phylogeny_ms_bin_exp1_n_800_11.phy,140,1158,924,324.51,4,37849,375381
phylogeny_ms_bin_exp1_n_800_12.phy,109,1132,821,33.01,4,3192,20269
phylogeny_ms_bin_exp1_n_800_13.phy,146,1304,1076,99.39,4,5277,32048
phylogeny_ms_bin_exp1_n_800_14.phy,-1,1224,1082,TO,3,877733,86
phylogeny_ms_bin_exp1_n_800_15.phy,-1,1258,1144,TO,2,3823536,93
phylogeny_ms_bin_exp1_n_800_16.phy,98,1114,891,124.58,4,14429,160600
phylogeny_ms_bin_exp1_n_800_17.phy,97,1130,972,158.04,4,12777,100909
phylogeny_ms_bin_exp1_n_800_18.phy,96,1140,977,79.6,4,4721,31102
phylogeny_ms_bin_exp1_n_800_19.phy,132,1216,1019,650.86,4,39004,519899
phylogeny_ms_bin_exp1_n_800_1.phy,110,1262,1064,134.96,4,11609,87249
phylogeny_ms_bin_exp1_n_800_2.phy,192,1206,1009,2522.21,4,217588,2067814
phylogeny_ms_bin_exp1_n_800_3.phy,94,1270,1085,43.68,4,1498,7607
phylogeny_ms_bin_exp1_n_800_4.phy,-1,1206,1015,TO,2,2868642,104
phylogeny_ms_bin_exp1_n_800_5.phy,121,1236,1051,3488.95,4,238803,3195264
phylogeny_ms_bin_exp1_n_800_6.phy,-1,1146,993,TO,2,2197875,7
phylogeny_ms_bin_exp1_n_800_7.phy,106,1228,1004,56.71,4,3609,26717
phylogeny_ms_bin_exp1_n_800_8.phy,122,1204,1026,226.16,4,12773,199973
phylogeny_ms_bin_exp1_n_800_9.phy,89,1254,1107,819.79,4,55568,675696
phylogeny_ms_bin_exp1_n_900_0.phy,-1,1432,1224,TO,3,753014,145
phylogeny_ms_bin_exp1_n_900_10.phy,-1,1376,1185,TO,2,3781866,28
phylogeny_ms_bin_exp1_n_900_11.phy,151,1430,1150,375.9,4,23379,282766
phylogeny_ms_bin_exp1_n_900_12.phy,-1,1332,1082,TO,3,1242625,398
phylogeny_ms_bin_exp1_n_900_13.phy,101,1326,1123,299.9,4,12243,147144
phylogeny_ms_bin_exp1_n_900_14.phy,-1,1458,1295,TO,3,272703,81
phylogeny_ms_bin_exp1_n_900_15.phy,-1,1442,1235,TO,3,874757,46
phylogeny_ms_bin_exp1_n_900_16.phy,-1,1456,1335,TO,2,12327848,14
phylogeny_ms_bin_exp1_n_900_17.phy,176,1402,1217,572.07,4,30742,307981
phylogeny_ms_bin_exp1_n_900_18.phy,115,1410,1236,230.96,4,10377,82661
phylogeny_ms_bin_exp1_n_900_19.phy,-1,1396,1210,TO,3,394197,140
phylogeny_ms_bin_exp1_n_900_1.phy,115,1312,1020,170.5,4,16052,186879
phylogeny_ms_bin_exp1_n_900_2.phy,-1,1370,1176,TO,3,507252,85
phylogeny_ms_bin_exp1_n_900_3.phy,-1,1354,1190,TO,2,1930060,12
phylogeny_ms_bin_exp1_n_900_4.phy,230,1418,1209,1405.04,4,84934,932030
phylogeny_ms_bin_exp1_n_900_5.phy,-1,1410,1276,TO,3,1023822,51
phylogeny_ms_bin_exp1_n_900_6.phy,127,1304,1081,495.28,4,40185,464411
phylogeny_ms_bin_exp1_n_900_7.phy,-1,1362,1221,TO,3,379782,63
phylogeny_ms_bin_exp1_n_900_8.phy,90,1260,972,95.15,4,8065,91296
phylogeny_ms_bin_exp1_n_900_9.phy,175,1472,1216,789.71,4,42000,293602
phylogeny_ms_bin_exp1_p_0.000000_0.phy,218,1666,1238,108.52,4,1243,7315
phylogeny_ms_bin_exp1_p_0.000000_10.phy,207,1702,1294,156.47,4,3736,35748
phylogeny_ms_bin_exp1_p_0.000000_11.phy,296,1728,1349,162.29,4,5698,47752
phylogeny_ms_bin_exp1_p_0.000000_12.phy,281,1730,1384,179.23,4,5583,58904
phylogeny_ms_bin_exp1_p_0.000000_13.phy,245,1698,1367,159.87,4,2978,30192
phylogeny_ms_bin_exp1_p_0.000000_14.phy,197,1762,1324,298.14,4,15673,166625
phylogeny_ms_bin_exp1_p_0.000000_15.phy,214,1664,1244,165.81,4,5212,57026
phylogeny_ms_bin_exp1_p_0.000000_16.phy,208,1606,1241,139.77,4,4411,43629
phylogeny_ms_bin_exp1_p_0.000000_17.phy,316,1784,1452,282.14,4,9000,110581
phylogeny_ms_bin_exp1_p_0.000000_18.phy,124,1634,1100,93.07,4,723,4117
phylogeny_ms_bin_exp1_p_0.000000_19.phy,181,1736,1368,150.07,4,3470,34186
phylogeny_ms_bin_exp1_p_0.000000_1.phy,329,1768,1490,689.12,4,29444,392121
phylogeny_ms_bin_exp1_p_0.000000_2.phy,227,1680,1290,137.43,4,3080,28812
phylogeny_ms_bin_exp1_p_0.000000_3.phy,170,1730,1255,107.65,4,477,2351
phylogeny_ms_bin_exp1_p_0.000000_4.phy,227,1772,1390,235.63,4,6755,58455
phylogeny_ms_bin_exp1_p_0.000000_5.phy,303,1748,1397,135.74,4,1987,13562
phylogeny_ms_bin_exp1_p_0.000000_6.phy,193,1748,1285,132.58,4,2092,17293
phylogeny_ms_bin_exp1_p_0.000000_7.phy,260,1776,1372,161.5,4,3713,31534
phylogeny_ms_bin_exp1_p_0.000000_8.phy,168,1706,1209,106.99,4,785,5183
phylogeny_ms_bin_exp1_p_0.000000_9.phy,286,1742,1326,150.36,4,4001,33300
phylogeny_ms_bin_exp1_p_0.100000_0.phy,118,1642,1109,211.34,4,13430,167338
phylogeny_ms_bin_exp1_p_0.100000_10.phy,207,1606,1230,82.83,4,508,2643
phylogeny_ms_bin_exp1_p_0.100000_11.phy,174,1642,1219,412.22,4,23109,318532
phylogeny_ms_bin_exp1_p_0.100000_12.phy,184,1718,1276,215.9,4,10950,148731
phylogeny_ms_bin_exp1_p_0.100000_13.phy,208,1708,1315,98.38,4,240,785
phylogeny_ms_bin_exp1_p_0.100000_14.phy,212,1806,1513,340.79,4,5340,66123
phylogeny_ms_bin_exp1_p_0.100000_15.phy,176,1672,1233,647.18,4,44166,595131
phylogeny_ms_bin_exp1_p_0.100000_16.phy,242,1750,1408,144.5,4,2212,16338
phylogeny_ms_bin_exp1_p_0.100000_17.phy,281,1706,1322,184.85,4,7604,76354
phylogeny_ms_bin_exp1_p_0.100000_18.phy,181,1696,1315,104.84,4,1061,7104
phylogeny_ms_bin_exp1_p_0.100000_19.phy,200,1734,1318,97.3,4,581,3151
phylogeny_ms_bin_exp1_p_0.100000_1.phy,203,1670,1347,195.11,4,6624,83231
phylogeny_ms_bin_exp1_p_0.100000_2.phy,240,1714,1315,118.37,4,1603,11162
phylogeny_ms_bin_exp1_p_0.100000_3.phy,-1,1660,1280,TO,3,189588,4
phylogeny_ms_bin_exp1_p_0.100000_4.phy,198,1592,1225,88.54,4,737,4210
phylogeny_ms_bin_exp1_p_0.100000_5.phy,200,1710,1299,143.08,4,4650,45773
phylogeny_ms_bin_exp1_p_0.100000_6.phy,189,1684,1202,112.44000000000001,4,2104,14358
phylogeny_ms_bin_exp1_p_0.100000_7.phy,194,1780,1393,133.97,4,1882,15064
phylogeny_ms_bin_exp1_p_0.100000_8.phy,195,1626,1165,318.79,4,23540,332964
phylogeny_ms_bin_exp1_p_0.100000_9.phy,140,1614,1175,96.56,4,1993,13964
phylogeny_ms_bin_exp1_p_0.200000_0.phy,185,1688,1298,397.02,4,15200,190154
phylogeny_ms_bin_exp1_p_0.200000_10.phy,210,1680,1414,164.41,4,4114,35002
phylogeny_ms_bin_exp1_p_0.200000_11.phy,143,1634,1258,80.18,4,406,2147
phylogeny_ms_bin_exp1_p_0.200000_12.phy,121,1626,1088,89.68,4,1936,14282
phylogeny_ms_bin_exp1_p_0.200000_13.phy,203,1630,1172,78.82,4,1474,10810
phylogeny_ms_bin_exp1_p_0.200000_14.phy,173,1718,1378,901.64,4,32199,487273
phylogeny_ms_bin_exp1_p_0.200000_15.phy,-1,1674,1425,TO,3,232173,5
phylogeny_ms_bin_exp1_p_0.200000_16.phy,167,1702,1278,88.89,4,1429,9801
phylogeny_ms_bin_exp1_p_0.200000_17.phy,136,1666,1226,92.22,4,1848,11782
phylogeny_ms_bin_exp1_p_0.200000_18.phy,157,1680,1295,316.7,4,11657,182417
phylogeny_ms_bin_exp1_p_0.200000_19.phy,-1,1688,1384,TO,4,114226,1574927
phylogeny_ms_bin_exp1_p_0.200000_1.phy,203,1626,1256,262.6,4,14721,143829
phylogeny_ms_bin_exp1_p_0.200000_2.phy,209,1712,1377,589.46,4,19825,234620
phylogeny_ms_bin_exp1_p_0.200000_3.phy,174,1762,1461,131.67,4,1457,7874
phylogeny_ms_bin_exp1_p_0.200000_4.phy,238,1720,1360,98.69,4,1056,6713
phylogeny_ms_bin_exp1_p_0.200000_5.phy,172,1656,1297,130.41,4,3432,31143
phylogeny_ms_bin_exp1_p_0.200000_6.phy,185,1730,1402,201.93,4,5069,55907
phylogeny_ms_bin_exp1_p_0.200000_7.phy,214,1698,1332,173.46,4,5922,46050
phylogeny_ms_bin_exp1_p_0.200000_8.phy,-1,1636,1361,TO,3,243674,7
phylogeny_ms_bin_exp1_p_0.200000_9.phy,202,1690,1397,219.9,4,5719,54828
phylogeny_ms_bin_exp1_p_0.300000_0.phy,-1,1724,1481,TO,3,166900,15
phylogeny_ms_bin_exp1_p_0.300000_10.phy,141,1730,1477,94.59,4,344,963
phylogeny_ms_bin_exp1_p_0.300000_11.phy,184,1634,1256,404.68,4,22252,210046
phylogeny_ms_bin_exp1_p_0.300000_12.phy,203,1640,1282,382.81,4,19949,211040
phylogeny_ms_bin_exp1_p_0.300000_13.phy,266,1634,1321,1401.08,4,87414,945714
phylogeny_ms_bin_exp1_p_0.300000_14.phy,-1,1598,1255,TO,3,422288,11
phylogeny_ms_bin_exp1_p_0.300000_15.phy,-1,1700,1461,TO,3,254227,0
phylogeny_ms_bin_exp1_p_0.300000_16.phy,364,1700,1456,469.98,4,25556,249986
phylogeny_ms_bin_exp1_p_0.300000_17.phy,236,1604,1330,740.98,4,33003,434223
phylogeny_ms_bin_exp1_p_0.300000_18.phy,266,1702,1426,395.98,4,17446,191300
phylogeny_ms_bin_exp1_p_0.300000_19.phy,-1,1592,1310,TO,3,188817,17
phylogeny_ms_bin_exp1_p_0.300000_1.phy,120,1646,1317,151.45,4,2656,29592
phylogeny_ms_bin_exp1_p_0.300000_2.phy,-1,1694,1434,TO,3,147421,14
phylogeny_ms_bin_exp1_p_0.300000_3.phy,188,1718,1446,700.5600000000001,4,17604,153147
phylogeny_ms_bin_exp1_p_0.300000_4.phy,175,1720,1449,1091.83,4,25533,262553
phylogeny_ms_bin_exp1_p_0.300000_5.phy,298,1654,1400,678.76,4,33896,434510
phylogeny_ms_bin_exp1_p_0.300000_6.phy,177,1640,1348,574.34,4,25362,270127
phylogeny_ms_bin_exp1_p_0.300000_7.phy,200,1690,1282,579.72,4,38789,525789
phylogeny_ms_bin_exp1_p_0.300000_8.phy,135,1540,1114,90.26,4,3101,21051
phylogeny_ms_bin_exp1_p_0.300000_9.phy,248,1666,1334,156.41,4,5851,49344
phylogeny_ms_bin_exp1_p_0.400000_0.phy,-1,1604,1331,TO,3,517223,49
phylogeny_ms_bin_exp1_p_0.400000_10.phy,127,1554,1215,74.41,4,989,3906
phylogeny_ms_bin_exp1_p_0.400000_11.phy,224,1632,1392,1310.22,4,51533,541129
phylogeny_ms_bin_exp1_p_0.400000_12.phy,-1,1592,1344,TO,2,1462364,78
phylogeny_ms_bin_exp1_p_0.400000_13.phy,121,1460,1132,402.19,4,23481,297318
phylogeny_ms_bin_exp1_p_0.400000_14.phy,177,1542,1161,234.04,4,15208,159999
phylogeny_ms_bin_exp1_p_0.400000_15.phy,-1,1640,1357,TO,3,413204,14
phylogeny_ms_bin_exp1_p_0.400000_16.phy,-1,1684,1414,TO,2,1933888,37
phylogeny_ms_bin_exp1_p_0.400000_17.phy,257,1622,1360,2219.32,4,112630,922946
phylogeny_ms_bin_exp1_p_0.400000_18.phy,165,1570,1151,2238.23,4,184210,2361711
phylogeny_ms_bin_exp1_p_0.400000_19.phy,177,1612,1315,885.47,4,40598,445009
phylogeny_ms_bin_exp1_p_0.400000_1.phy,176,1542,1280,1002.6,4,53614,624277
phylogeny_ms_bin_exp1_p_0.400000_2.phy,293,1638,1473,746.56,4,23220,214324
phylogeny_ms_bin_exp1_p_0.400000_3.phy,143,1592,1224,1721.28,4,80339,1372558
phylogeny_ms_bin_exp1_p_0.400000_4.phy,100,1592,1211,76.14,4,1478,6587
phylogeny_ms_bin_exp1_p_0.400000_5.phy,181,1664,1433,1603.12,4,65653,835981
phylogeny_ms_bin_exp1_p_0.400000_6.phy,169,1506,1146,3524.45,4,235063,4712865
phylogeny_ms_bin_exp1_p_0.400000_7.phy,-1,1604,1352,TO,2,1743514,30
phylogeny_ms_bin_exp1_p_0.400000_8.phy,218,1580,1301,1364.83,4,74306,789547
phylogeny_ms_bin_exp1_p_0.400000_9.phy,135,1500,1154,976.87,4,41424,548161
phylogeny_ms_bin_exp1_p_0.500000_0.phy,-1,1512,1252,TO,3,631273,197
phylogeny_ms_bin_exp1_p_0.500000_10.phy,-1,1500,1339,TO,2,2039808,63
phylogeny_ms_bin_exp1_p_0.500000_11.phy,139,1656,1344,177.15,4,6567,48546
phylogeny_ms_bin_exp1_p_0.500000_12.phy,-1,1582,1354,TO,3,654705,120
phylogeny_ms_bin_exp1_p_0.500000_13.phy,-1,1566,1385,TO,2,6624585,112
phylogeny_ms_bin_exp1_p_0.500000_14.phy,-1,1568,1406,TO,3,187528,134
phylogeny_ms_bin_exp1_p_0.500000_15.phy,153,1586,1315,216.59,4,8679,49042
phylogeny_ms_bin_exp1_p_0.500000_16.phy,144,1532,1097,444.95000000000005,4,43944,332855
phylogeny_ms_bin_exp1_p_0.500000_17.phy,-1,1522,1343,TO,2,1518861,60
phylogeny_ms_bin_exp1_p_0.500000_18.phy,180,1540,1319,350.49,4,15206,94834
phylogeny_ms_bin_exp1_p_0.500000_19.phy,-1,1490,1205,TO,3,560915,217
phylogeny_ms_bin_exp1_p_0.500000_1.phy,-1,1478,1324,TO,3,699360,39
phylogeny_ms_bin_exp1_p_0.500000_2.phy,-1,1438,1151,TO,3,1251643,283
phylogeny_ms_bin_exp1_p_0.500000_3.phy,195,1570,1255,311.53,4,17485,177934
phylogeny_ms_bin_exp1_p_0.500000_4.phy,-1,1610,1408,TO,3,873071,41
phylogeny_ms_bin_exp1_p_0.500000_5.phy,138,1498,1174,843.61,4,66728,654951
phylogeny_ms_bin_exp1_p_0.500000_6.phy,-1,1548,1334,TO,3,378708,199
phylogeny_ms_bin_exp1_p_0.500000_7.phy,-1,1586,1307,TO,2,5349361,86
phylogeny_ms_bin_exp1_p_0.500000_8.phy,-1,1586,1346,TO,3,310929,80
phylogeny_ms_bin_exp1_p_0.500000_9.phy,164,1576,1316,2084.65,4,56531,735523
phylogeny_ms_bin_exp1_p_0.600000_0.phy,-1,1498,1294,TO,3,248470,172
phylogeny_ms_bin_exp1_p_0.600000_10.phy,-1,1446,1277,TO,2,5839443,519
phylogeny_ms_bin_exp1_p_0.600000_11.phy,-1,1460,1280,TO,3,495197,136
phylogeny_ms_bin_exp1_p_0.600000_12.phy,-1,1350,1129,TO,3,601012,274
phylogeny_ms_bin_exp1_p_0.600000_13.phy,240,1444,1299,2824.65,4,116777,1532933
phylogeny_ms_bin_exp1_p_0.600000_14.phy,-1,1446,1302,TO,2,1128792,377
phylogeny_ms_bin_exp1_p_0.600000_15.phy,-1,1586,1439,TO,2,944893,131
phylogeny_ms_bin_exp1_p_0.600000_16.phy,-1,1414,1101,TO,2,3809896,407
phylogeny_ms_bin_exp1_p_0.600000_17.phy,-1,1610,1527,TO,2,3088913,45
phylogeny_ms_bin_exp1_p_0.600000_18.phy,-1,1454,1264,TO,3,936848,166
phylogeny_ms_bin_exp1_p_0.600000_19.phy,-1,1338,1097,TO,2,1712807,1400
phylogeny_ms_bin_exp1_p_0.600000_1.phy,-1,1478,1362,TO,2,12033476,24
phylogeny_ms_bin_exp1_p_0.600000_2.phy,-1,1608,1388,TO,2,5746925,278
phylogeny_ms_bin_exp1_p_0.600000_3.phy,-1,1554,1394,TO,2,5945700,228
phylogeny_ms_bin_exp1_p_0.600000_4.phy,-1,1436,1246,TO,3,237631,77
phylogeny_ms_bin_exp1_p_0.600000_5.phy,-1,1454,1311,TO,3,852509,328
phylogeny_ms_bin_exp1_p_0.600000_6.phy,-1,1312,1190,TO,2,14469435,66
phylogeny_ms_bin_exp1_p_0.600000_7.phy,-1,1538,1353,TO,2,2309326,116
phylogeny_ms_bin_exp1_p_0.600000_8.phy,-1,1596,1406,TO,2,1429015,26
phylogeny_ms_bin_exp1_p_0.600000_9.phy,-1,1538,1333,TO,2,3348015,2044
phylogeny_ms_bin_exp1_p_0.700000_0.phy,-1,1434,1335,TO,2,38421695,700
phylogeny_ms_bin_exp1_p_0.700000_10.phy,-1,1368,1297,TO,2,17498817,163
phylogeny_ms_bin_exp1_p_0.700000_11.phy,-1,1550,1483,TO,2,14123121,1804
phylogeny_ms_bin_exp1_p_0.700000_12.phy,-1,1330,1263,TO,2,24988617,500
phylogeny_ms_bin_exp1_p_0.700000_13.phy,-1,1218,1127,TO,2,7736360,3469
phylogeny_ms_bin_exp1_p_0.700000_14.phy,-1,1384,1267,TO,2,9562042,391
phylogeny_ms_bin_exp1_p_0.700000_15.phy,-1,1370,1275,TO,2,8374705,91
phylogeny_ms_bin_exp1_p_0.700000_16.phy,-1,1522,1441,TO,2,15307151,10
phylogeny_ms_bin_exp1_p_0.700000_17.phy,-1,1460,1403,TO,2,25206073,0
phylogeny_ms_bin_exp1_p_0.700000_18.phy,-1,1410,1370,TO,2,10164366,74
phylogeny_ms_bin_exp1_p_0.700000_19.phy,-1,1454,1386,TO,2,11014624,514
phylogeny_ms_bin_exp1_p_0.700000_1.phy,-1,1552,1473,TO,2,24090367,247
phylogeny_ms_bin_exp1_p_0.700000_2.phy,-1,1464,1397,TO,2,10466767,89
phylogeny_ms_bin_exp1_p_0.700000_3.phy,-1,1424,1249,TO,2,23125225,4210
phylogeny_ms_bin_exp1_p_0.700000_4.phy,-1,1302,1158,TO,2,4037121,545
phylogeny_ms_bin_exp1_p_0.700000_5.phy,-1,1344,1305,TO,2,11778222,173
phylogeny_ms_bin_exp1_p_0.700000_6.phy,-1,1404,1310,TO,3,537337,730
phylogeny_ms_bin_exp1_p_0.700000_7.phy,-1,1284,1206,TO,2,11179539,132
phylogeny_ms_bin_exp1_p_0.700000_8.phy,-1,1308,1215,TO,2,3494432,1438
phylogeny_ms_bin_exp1_p_0.700000_9.phy,-1,1502,1435,TO,2,6002967,0
phylogeny_ms_bin_exp1_p_0.800000_0.phy,-1,1288,1265,TO,2,36819268,350
phylogeny_ms_bin_exp1_p_0.800000_10.phy,-1,1382,1379,TO,2,52623487,0
phylogeny_ms_bin_exp1_p_0.800000_11.phy,-1,1280,1275,TO,2,16156106,0
phylogeny_ms_bin_exp1_p_0.800000_12.phy,-1,1382,1377,TO,2,11789589,0
phylogeny_ms_bin_exp1_p_0.800000_13.phy,-1,1224,1181,TO,2,7082739,3148
phylogeny_ms_bin_exp1_p_0.800000_14.phy,-1,1218,1214,TO,2,11137776,0
phylogeny_ms_bin_exp1_p_0.800000_15.phy,-1,1260,1249,TO,2,39636443,24
phylogeny_ms_bin_exp1_p_0.800000_16.phy,-1,1226,1221,TO,2,43516627,0
phylogeny_ms_bin_exp1_p_0.800000_17.phy,-1,1408,1404,TO,2,20295840,0
phylogeny_ms_bin_exp1_p_0.800000_18.phy,-1,1154,1136,TO,2,13788458,0
phylogeny_ms_bin_exp1_p_0.800000_19.phy,-1,1228,1228,TO,2,45519933,0
phylogeny_ms_bin_exp1_p_0.800000_1.phy,-1,1504,1498,TO,2,19836204,0
phylogeny_ms_bin_exp1_p_0.800000_2.phy,-1,1306,1253,TO,2,18548762,4262
phylogeny_ms_bin_exp1_p_0.800000_3.phy,-1,1228,1225,TO,2,17945835,0
phylogeny_ms_bin_exp1_p_0.800000_4.phy,-1,1276,1266,TO,2,42923349,0
phylogeny_ms_bin_exp1_p_0.800000_5.phy,-1,1306,1292,TO,2,30265107,0
phylogeny_ms_bin_exp1_p_0.800000_6.phy,-1,1216,1186,TO,2,61268514,0
phylogeny_ms_bin_exp1_p_0.800000_7.phy,-1,1308,1303,TO,2,45211222,0
phylogeny_ms_bin_exp1_p_0.800000_8.phy,-1,1350,1348,TO,2,35878313,0
phylogeny_ms_bin_exp1_p_0.800000_9.phy,-1,1248,1238,TO,2,9863882,0
phylogeny_ms_bin_exp1_p_0.900000_0.phy,-1,1186,1186,MO,2,77301944,0
phylogeny_ms_bin_exp1_p_0.900000_10.phy,-1,1156,1156,TO,2,42327536,0
phylogeny_ms_bin_exp1_p_0.900000_11.phy,-1,1008,1008,TO,2,96887615,0
phylogeny_ms_bin_exp1_p_0.900000_12.phy,-1,1188,1188,MO,2,77775650,0
phylogeny_ms_bin_exp1_p_0.900000_13.phy,-1,990,990,TO,2,109451382,0
phylogeny_ms_bin_exp1_p_0.900000_14.phy,-1,1238,1238,MO,2,81906502,0
phylogeny_ms_bin_exp1_p_0.900000_15.phy,-1,1134,1134,TO,2,103996759,0
phylogeny_ms_bin_exp1_p_0.900000_16.phy,-1,960,960,TO,2,120166174,0
phylogeny_ms_bin_exp1_p_0.900000_17.phy,-1,994,994,TO,2,88685143,0
phylogeny_ms_bin_exp1_p_0.900000_18.phy,-1,1088,1087,MO,2,133443765,0
phylogeny_ms_bin_exp1_p_0.900000_19.phy,-1,972,972,TO,2,82974551,0
phylogeny_ms_bin_exp1_p_0.900000_1.phy,-1,996,995,TO,2,97297374,0
phylogeny_ms_bin_exp1_p_0.900000_2.phy,-1,1182,1182,MO,2,76552567,0
phylogeny_ms_bin_exp1_p_0.900000_3.phy,-1,878,878,TO,2,85885789,0
phylogeny_ms_bin_exp1_p_0.900000_4.phy,-1,1062,1062,TO,2,91560040,0
phylogeny_ms_bin_exp1_p_0.900000_5.phy,-1,1220,1220,MO,2,78723465,0
phylogeny_ms_bin_exp1_p_0.900000_6.phy,-1,952,950,TO,2,96123061,0
phylogeny_ms_bin_exp1_p_0.900000_7.phy,-1,1086,1086,MO,2,134004281,0
phylogeny_ms_bin_exp1_p_0.900000_8.phy,-1,1246,1246,MO,2,80017896,0
phylogeny_ms_bin_exp1_p_0.900000_9.phy,-1,966,966,TO,2,115360070,0
phylogeny_ms_bin_exp1_r_0_0.phy,0,1530,871,54.64,4,653,2178
phylogeny_ms_bin_exp1_r_0_10.phy,0,1422,725,42.0,4,178,383
phylogeny_ms_bin_exp1_r_0_11.phy,0,1572,808,60.86,4,238,536
phylogeny_ms_bin_exp1_r_0_12.phy,0,1470,750,43.86,4,132,264
phylogeny_ms_bin_exp1_r_0_13.phy,0,1366,694,47.25,4,235,497
phylogeny_ms_bin_exp1_r_0_14.phy,0,1360,696,48.83,4,361,855
phylogeny_ms_bin_exp1_r_0_15.phy,0,1610,818,59.04,4,214,523
phylogeny_ms_bin_exp1_r_0_16.phy,0,1636,845,57.1,4,387,1039
phylogeny_ms_bin_exp1_r_0_17.phy,0,1496,799,58.71,4,416,1071
phylogeny_ms_bin_exp1_r_0_18.phy,0,1542,792,42.66,4,184,422
phylogeny_ms_bin_exp1_r_0_19.phy,0,1430,743,49.46,4,457,1221
phylogeny_ms_bin_exp1_r_0_1.phy,0,1552,797,47.29,4,186,501
phylogeny_ms_bin_exp1_r_0_2.phy,0,1552,781,44.21,4,49,88
phylogeny_ms_bin_exp1_r_0_3.phy,0,1478,790,42.05,4,183,449
phylogeny_ms_bin_exp1_r_0_4.phy,0,1548,793,63.29,4,306,718
phylogeny_ms_bin_exp1_r_0_5.phy,0,1486,781,51.27,4,259,605
phylogeny_ms_bin_exp1_r_0_6.phy,0,1504,770,40.53,4,195,444
phylogeny_ms_bin_exp1_r_0_7.phy,0,1554,805,46.6,4,253,708
phylogeny_ms_bin_exp1_r_0_8.phy,0,1492,759,38.87,4,277,764
phylogeny_ms_bin_exp1_r_0_9.phy,0,1512,784,62.68,4,298,691
phylogeny_ms_bin_exp1_r_1_0.phy,69,1580,971,82.26,4,779,2186
phylogeny_ms_bin_exp1_r_1_10.phy,52,1460,1021,56.69,4,1572,6855
phylogeny_ms_bin_exp1_r_1_11.phy,9,1628,1200,87.71,4,1029,4882
phylogeny_ms_bin_exp1_r_1_12.phy,48,1614,1239,63.9,4,448,1124
phylogeny_ms_bin_exp1_r_1_13.phy,14,1532,855,49.83,4,262,665
phylogeny_ms_bin_exp1_r_1_14.phy,75,1546,1289,74.01,4,755,2317
phylogeny_ms_bin_exp1_r_1_15.phy,19,1468,798,43.54,4,158,316
phylogeny_ms_bin_exp1_r_1_16.phy,72,1584,1102,76.67,4,965,3232
phylogeny_ms_bin_exp1_r_1_17.phy,63,1520,1045,71.55,4,996,4197
phylogeny_ms_bin_exp1_r_1_18.phy,78,1612,1182,101.88,4,3467,16241
phylogeny_ms_bin_exp1_r_1_19.phy,49,1534,990,54.84,4,442,1061
phylogeny_ms_bin_exp1_r_1_1.phy,71,1544,1247,78.66,4,649,2236
phylogeny_ms_bin_exp1_r_1_2.phy,36,1502,1011,59.33,4,565,1420
phylogeny_ms_bin_exp1_r_1_3.phy,107,1456,1100,296.74,4,19470,178045
phylogeny_ms_bin_exp1_r_1_4.phy,74,1620,1265,167.0,4,6320,33732
phylogeny_ms_bin_exp1_r_1_5.phy,66,1608,1206,67.83,4,522,1870
phylogeny_ms_bin_exp1_r_1_6.phy,51,1464,977,55.33,4,553,1441
phylogeny_ms_bin_exp1_r_1_7.phy,122,1490,1134,650.89,4,41447,364949
phylogeny_ms_bin_exp1_r_1_8.phy,67,1550,1073,62.91,4,887,3388
phylogeny_ms_bin_exp1_r_1_9.phy,68,1448,956,57.6,4,1063,3895
phylogeny_ms_bin_exp1_r_2_0.phy,108,1670,1423,172.29000000000002,4,3377,22012
phylogeny_ms_bin_exp1_r_2_10.phy,143,1566,1270,575.74,4,18936,187707
phylogeny_ms_bin_exp1_r_2_11.phy,86,1622,1072,82.78,4,5009,29352
phylogeny_ms_bin_exp1_r_2_12.phy,93,1562,1271,167.83,4,6747,49393
phylogeny_ms_bin_exp1_r_2_13.phy,152,1620,1301,395.63,4,16419,157523
phylogeny_ms_bin_exp1_r_2_14.phy,196,1622,1356,101.52,4,1748,10332
phylogeny_ms_bin_exp1_r_2_15.phy,80,1694,1452,666.79,4,13061,89319
phylogeny_ms_bin_exp1_r_2_16.phy,156,1524,1274,381.3,4,20941,123716
phylogeny_ms_bin_exp1_r_2_17.phy,169,1624,1222,241.13,4,11213,78569
phylogeny_ms_bin_exp1_r_2_18.phy,91,1496,1143,128.27,4,6977,46208
phylogeny_ms_bin_exp1_r_2_19.phy,140,1594,1343,91.53,4,2291,12090
phylogeny_ms_bin_exp1_r_2_1.phy,107,1652,1334,65.15,4,552,1676
phylogeny_ms_bin_exp1_r_2_2.phy,156,1560,1196,326.53,4,21890,164955
phylogeny_ms_bin_exp1_r_2_3.phy,96,1498,1058,46.56,4,504,1556
phylogeny_ms_bin_exp1_r_2_4.phy,107,1616,1369,133.98,4,2674,14030
phylogeny_ms_bin_exp1_r_2_5.phy,234,1656,1398,589.1,4,28412,213452
phylogeny_ms_bin_exp1_r_2_6.phy,80,1448,1108,65.21,4,1149,5270
phylogeny_ms_bin_exp1_r_2_7.phy,101,1670,1183,58.2,4,579,2098
phylogeny_ms_bin_exp1_r_2_8.phy,59,1556,1242,98.67,4,1920,8211
phylogeny_ms_bin_exp1_r_2_9.phy,126,1530,1188,76.84,4,1416,12808
phylogeny_ms_bin_exp1_r_3_0.phy,232,1626,1396,308.03,4,10190,46475
phylogeny_ms_bin_exp1_r_3_10.phy,129,1500,1219,1150.62,4,48994,622805
phylogeny_ms_bin_exp1_r_3_11.phy,118,1358,1091,570.91,4,40163,470186
phylogeny_ms_bin_exp1_r_3_12.phy,212,1620,1371,101.79,4,2346,11926
phylogeny_ms_bin_exp1_r_3_13.phy,119,1496,1172,406.7,4,21655,287291
phylogeny_ms_bin_exp1_r_3_14.phy,98,1410,1000,52.65,4,1036,4827
phylogeny_ms_bin_exp1_r_3_15.phy,180,1580,1370,460.67,4,17981,153402
phylogeny_ms_bin_exp1_r_3_16.phy,184,1486,1198,342.86,4,22558,196313
phylogeny_ms_bin_exp1_r_3_17.phy,-1,1540,1238,TO,3,498405,75
phylogeny_ms_bin_exp1_r_3_18.phy,140,1478,1130,135.04,4,8261,68696
phylogeny_ms_bin_exp1_r_3_19.phy,198,1514,1196,2132.0600000000004,4,174611,1846616
phylogeny_ms_bin_exp1_r_3_1.phy,139,1482,1208,938.88,4,58818,638604
phylogeny_ms_bin_exp1_r_3_2.phy,166,1568,1313,846.66,4,36785,245851
phylogeny_ms_bin_exp1_r_3_3.phy,149,1490,1185,1972.42,4,113497,1195247
phylogeny_ms_bin_exp1_r_3_4.phy,258,1610,1439,2537.36,4,78409,860994
phylogeny_ms_bin_exp1_r_3_5.phy,96,1614,1325,145.48,4,3715,30472
phylogeny_ms_bin_exp1_r_3_6.phy,64,1380,963,71.21,4,4361,30889
phylogeny_ms_bin_exp1_r_3_7.phy,161,1506,1231,1074.58,4,69737,641917
phylogeny_ms_bin_exp1_r_3_8.phy,137,1482,1188,74.08,4,2850,17335
phylogeny_ms_bin_exp1_r_3_9.phy,108,1532,1072,211.85,4,17546,139195
phylogeny_ms_bin_exp1_r_4_0.phy,-1,1514,1256,TO,3,343339,62
phylogeny_ms_bin_exp1_r_4_10.phy,196,1574,1349,90.67,4,1999,12071
phylogeny_ms_bin_exp1_r_4_11.phy,206,1508,1231,3128.38,4,173583,2055162
phylogeny_ms_bin_exp1_r_4_12.phy,199,1540,1272,1232.28,4,64509,823807
phylogeny_ms_bin_exp1_r_4_13.phy,151,1478,1201,1657.33,4,112825,1531594
phylogeny_ms_bin_exp1_r_4_14.phy,-1,1532,1319,TO,3,556281,243
phylogeny_ms_bin_exp1_r_4_15.phy,199,1638,1318,919.85,4,53437,517232
phylogeny_ms_bin_exp1_r_4_16.phy,236,1400,1220,2163.36,4,127842,1657106
phylogeny_ms_bin_exp1_r_4_17.phy,256,1628,1421,1018.43,4,42774,406571
phylogeny_ms_bin_exp1_r_4_18.phy,170,1520,1311,3367.09,4,141280,1815039
phylogeny_ms_bin_exp1_r_4_19.phy,-1,1546,1368,TO,2,3530855,35
phylogeny_ms_bin_exp1_r_4_1.phy,103,1360,1048,256.82,4,21534,158533
phylogeny_ms_bin_exp1_r_4_2.phy,-1,1532,1282,TO,3,718428,62
phylogeny_ms_bin_exp1_r_4_3.phy,-1,1486,1213,TO,3,748338,74
phylogeny_ms_bin_exp1_r_4_4.phy,-1,1468,1211,TO,4,251690,3088582
phylogeny_ms_bin_exp1_r_4_5.phy,-1,1586,1327,TO,2,2184767,73
phylogeny_ms_bin_exp1_r_4_6.phy,-1,1602,1290,TO,3,161860,556
phylogeny_ms_bin_exp1_r_4_7.phy,98,1416,1074,137.25,4,10718,86788
phylogeny_ms_bin_exp1_r_4_8.phy,213,1548,1279,675.35,4,44445,415541
phylogeny_ms_bin_exp1_r_4_9.phy,196,1570,1385,2744.48,4,119955,1120384
phylogeny_ms_bin_exp1_r_5_0.phy,151,1416,1132,3196.73,4,212395,3611544
phylogeny_ms_bin_exp1_r_5_10.phy,-1,1524,1269,TO,3,596404,46
phylogeny_ms_bin_exp1_r_5_11.phy,-1,1606,1406,TO,2,1558869,275
phylogeny_ms_bin_exp1_r_5_12.phy,-1,1476,1277,TO,2,8521790,73
phylogeny_ms_bin_exp1_r_5_13.phy,-1,1644,1475,TO,3,159814,22
phylogeny_ms_bin_exp1_r_5_14.phy,-1,1556,1267,TO,3,401581,176
phylogeny_ms_bin_exp1_r_5_15.phy,-1,1482,1218,TO,3,319727,367
phylogeny_ms_bin_exp1_r_5_16.phy,-1,1334,1157,TO,3,1175827,193
phylogeny_ms_bin_exp1_r_5_17.phy,133,1504,1182,412.03,4,26958,269535
phylogeny_ms_bin_exp1_r_5_18.phy,-1,1702,1514,TO,3,675023,170
phylogeny_ms_bin_exp1_r_5_19.phy,-1,1552,1274,TO,3,368509,473
phylogeny_ms_bin_exp1_r_5_1.phy,-1,1438,1239,TO,2,5189302,146
phylogeny_ms_bin_exp1_r_5_2.phy,188,1544,1197,2744.76,4,187640,3270687
phylogeny_ms_bin_exp1_r_5_3.phy,206,1492,1196,1770.65,4,132635,1830605
phylogeny_ms_bin_exp1_r_5_4.phy,73,1446,1094,101.66,4,5065,27638
phylogeny_ms_bin_exp1_r_5_5.phy,-1,1654,1528,TO,3,708039,35
phylogeny_ms_bin_exp1_r_5_6.phy,177,1448,1247,980.95,4,50495,371853
phylogeny_ms_bin_exp1_r_5_7.phy,-1,1546,1300,TO,2,2162009,170
phylogeny_ms_bin_exp1_r_5_8.phy,133,1534,1290,338.75,4,18133,125575
phylogeny_ms_bin_exp1_r_5_9.phy,-1,1586,1364,TO,3,585701,58
phylogeny_ms_bin_exp1_r_6_0.phy,203,1502,1257,3130.6,4,164363,2370981
phylogeny_ms_bin_exp1_r_6_10.phy,-1,1570,1417,TO,2,1486453,92
phylogeny_ms_bin_exp1_r_6_11.phy,-1,1504,1308,TO,2,6366883,100
phylogeny_ms_bin_exp1_r_6_12.phy,124,1532,1216,3330.15,4,146773,2922649
phylogeny_ms_bin_exp1_r_6_13.phy,-1,1520,1314,TO,2,2771886,200
phylogeny_ms_bin_exp1_r_6_14.phy,-1,1508,1281,TO,3,789626,143
phylogeny_ms_bin_exp1_r_6_15.phy,-1,1422,1252,TO,2,6304565,38
phylogeny_ms_bin_exp1_r_6_16.phy,-1,1558,1346,TO,3,335410,91
phylogeny_ms_bin_exp1_r_6_17.phy,-1,1606,1410,TO,2,1911759,137
phylogeny_ms_bin_exp1_r_6_18.phy,-1,1644,1408,TO,3,315628,103
phylogeny_ms_bin_exp1_r_6_19.phy,-1,1490,1249,TO,3,340789,201
phylogeny_ms_bin_exp1_r_6_1.phy,-1,1546,1324,TO,3,968111,14
phylogeny_ms_bin_exp1_r_6_2.phy,-1,1516,1226,TO,2,5931023,185
phylogeny_ms_bin_exp1_r_6_3.phy,-1,1584,1404,TO,2,2903141,91
phylogeny_ms_bin_exp1_r_6_4.phy,-1,1566,1427,TO,2,3458768,32
phylogeny_ms_bin_exp1_r_6_5.phy,-1,1558,1311,TO,3,500494,154
phylogeny_ms_bin_exp1_r_6_6.phy,-1,1512,1308,TO,2,1134325,126
phylogeny_ms_bin_exp1_r_6_7.phy,-1,1492,1280,TO,2,6700541,205
phylogeny_ms_bin_exp1_r_6_8.phy,-1,1510,1341,TO,2,6622226,169
phylogeny_ms_bin_exp1_r_6_9.phy,-1,1662,1469,TO,2,6282609,166
phylogeny_ms_bin_exp1_r_7_0.phy,-1,1574,1269,TO,3,1451169,336
phylogeny_ms_bin_exp1_r_7_10.phy,-1,1394,1167,TO,2,3640087,186
phylogeny_ms_bin_exp1_r_7_11.phy,-1,1476,1299,TO,2,11185341,4
phylogeny_ms_bin_exp1_r_7_12.phy,-1,1426,1194,TO,2,9339495,155
phylogeny_ms_bin_exp1_r_7_13.phy,-1,1586,1424,TO,2,16283876,13
phylogeny_ms_bin_exp1_r_7_14.phy,-1,1492,1253,TO,3,1436919,120
phylogeny_ms_bin_exp1_r_7_15.phy,-1,1582,1427,TO,2,4039223,138
phylogeny_ms_bin_exp1_r_7_16.phy,-1,1452,1282,TO,2,20553087,20
phylogeny_ms_bin_exp1_r_7_17.phy,-1,1464,1243,TO,2,6788244,329
phylogeny_ms_bin_exp1_r_7_18.phy,-1,1548,1338,TO,2,3098974,60
phylogeny_ms_bin_exp1_r_7_19.phy,-1,1504,1275,TO,3,574824,176
phylogeny_ms_bin_exp1_r_7_1.phy,-1,1456,1236,TO,2,6038167,258
phylogeny_ms_bin_exp1_r_7_2.phy,-1,1380,1165,TO,2,5134797,192
phylogeny_ms_bin_exp1_r_7_3.phy,179,1606,1262,2470.46,4,153507,1881054
phylogeny_ms_bin_exp1_r_7_4.phy,-1,1590,1469,TO,2,5937954,142
phylogeny_ms_bin_exp1_r_7_5.phy,-1,1600,1373,TO,2,1866111,80
phylogeny_ms_bin_exp1_r_7_6.phy,-1,1568,1343,TO,2,5579436,162
phylogeny_ms_bin_exp1_r_7_7.phy,-1,1612,1448,TO,2,1472074,73
phylogeny_ms_bin_exp1_r_7_8.phy,-1,1610,1459,TO,2,9914887,0
phylogeny_ms_bin_exp1_r_7_9.phy,-1,1510,1290,TO,3,422737,274
phylogeny_ms_bin_exp1_r_8_0.phy,-1,1494,1335,TO,2,25334615,58
phylogeny_ms_bin_exp1_r_8_10.phy,-1,1390,1184,TO,2,2858034,140
phylogeny_ms_bin_exp1_r_8_11.phy,-1,1454,1160,TO,3,533366,157
phylogeny_ms_bin_exp1_r_8_12.phy,-1,1592,1445,TO,2,26414696,55
phylogeny_ms_bin_exp1_r_8_13.phy,-1,1588,1404,TO,2,5287547,149
phylogeny_ms_bin_exp1_r_8_14.phy,-1,1604,1487,TO,2,5761430,29
phylogeny_ms_bin_exp1_r_8_15.phy,-1,1580,1425,TO,3,468537,8
phylogeny_ms_bin_exp1_r_8_16.phy,-1,1520,1370,TO,2,19500807,4
phylogeny_ms_bin_exp1_r_8_17.phy,-1,1614,1492,TO,2,10654471,82
phylogeny_ms_bin_exp1_r_8_18.phy,-1,1596,1458,TO,2,16679393,75
phylogeny_ms_bin_exp1_r_8_19.phy,-1,1558,1382,TO,2,1093430,84
phylogeny_ms_bin_exp1_r_8_1.phy,-1,1526,1274,TO,2,2439370,22
phylogeny_ms_bin_exp1_r_8_2.phy,-1,1666,1469,TO,2,3854806,23
phylogeny_ms_bin_exp1_r_8_3.phy,-1,1536,1326,TO,2,13715966,80
phylogeny_ms_bin_exp1_r_8_4.phy,-1,1534,1350,TO,2,5076744,37
phylogeny_ms_bin_exp1_r_8_5.phy,-1,1566,1338,TO,2,7326639,224
phylogeny_ms_bin_exp1_r_8_6.phy,-1,1436,1211,TO,2,9809578,117
phylogeny_ms_bin_exp1_r_8_7.phy,-1,1616,1459,TO,2,18419996,78
phylogeny_ms_bin_exp1_r_8_8.phy,-1,1522,1338,TO,2,6923586,183
phylogeny_ms_bin_exp1_r_8_9.phy,-1,1462,1286,TO,2,3835575,207
phylogeny_ms_bin_exp1_r_9_0.phy,-1,1602,1412,TO,2,9438152,56
phylogeny_ms_bin_exp1_r_9_10.phy,-1,1526,1341,TO,2,5435077,21
phylogeny_ms_bin_exp1_r_9_11.phy,-1,1482,1329,TO,2,15314269,85
phylogeny_ms_bin_exp1_r_9_12.phy,-1,1568,1361,TO,2,6251585,140
phylogeny_ms_bin_exp1_r_9_13.phy,-1,1516,1304,TO,2,5586471,70
phylogeny_ms_bin_exp1_r_9_14.phy,-1,1586,1430,TO,2,13932592,78
phylogeny_ms_bin_exp1_r_9_15.phy,-1,1576,1385,TO,2,1777350,37
phylogeny_ms_bin_exp1_r_9_16.phy,-1,1406,1238,TO,2,13953906,53
phylogeny_ms_bin_exp1_r_9_17.phy,-1,1584,1434,TO,2,8683269,114
phylogeny_ms_bin_exp1_r_9_18.phy,-1,1540,1424,TO,2,2899576,22
phylogeny_ms_bin_exp1_r_9_19.phy,-1,1596,1445,TO,2,11720451,55
phylogeny_ms_bin_exp1_r_9_1.phy,-1,1518,1334,TO,2,14520415,96
phylogeny_ms_bin_exp1_r_9_2.phy,-1,1590,1459,TO,2,7928438,11
phylogeny_ms_bin_exp1_r_9_3.phy,-1,1540,1358,TO,2,8213335,83
phylogeny_ms_bin_exp1_r_9_4.phy,-1,1502,1299,TO,2,8620526,160
phylogeny_ms_bin_exp1_r_9_5.phy,-1,1484,1284,TO,2,4420914,158
phylogeny_ms_bin_exp1_r_9_6.phy,-1,1622,1481,TO,2,19503729,4
phylogeny_ms_bin_exp1_r_9_7.phy,-1,1474,1303,TO,2,25787548,110
phylogeny_ms_bin_exp1_r_9_8.phy,-1,1602,1428,TO,2,17878581,133
phylogeny_ms_bin_exp1_r_9_9.phy,-1,1560,1381,TO,2,8610517,63
totals,-,0,0,376,0,0,0
